Vendor_ID,Vendor_Name,Vendor_Category,Years_In_Business,Total_Orders,Delivered_Orders,Returned_Orders,Delayed_Orders,Disputed_Orders,Avg_Delivery_Days,Rating,Product_Quality_Score,Response_Time_Hours,Refund_Rate,Contract_Value,Risk_Level
V6716,Vendor_920_Ltd,Packaging,11,566,388,270,146,144,5,2.16,2.0,26.0,0.0597,2078.0,Low
V8326,Vendor_289_Ltd,Chemicals,22,2349,1363,943,227,637,24,3.37,4.0,16.0,0.2628,342069.0,Low Risk
V3161,Vendor_324_Ltd,Office Supplies,19,4892,300,60,24,232,18,2.43,9.0,30.0,0.0672,475632.0,NO
V1659,Vendor_645_Inc,Raw Materials,20,87,43,12,15,41,18,2.6,7.0,8.0,0.1192,212076.0,NO
V4457,Vendor_300_Corp,IT Hardware,30,2829,13,9,7,3,17,3.43,4.0,66.0,0.0485,144625.0,0
V5357,Vendor_689_Corp,Raw Materials,8,2115,24,10,1,22,26,3.6,9.0,,0.1926,42574.0,1
V4878,Vendor_174_Co,IT Hardware,15,2801,222,210,85,133,25,2.29,8.0,16.0,0.0257,32817.0,0
V1628,Vendor_918_LLC,Textiles,4,4426,61,23,15,41,1,4.44,5.0,56.0,0.2818,489514.0,0
V9562,Vendor_550_Corp,Raw Materials,20,1311,1050,738,581,726,30,3.23,10.0,4.0,0.0378,99999999.0,High Risk
V4613,Vendor_164_LLC,Textiles,11,945,509,304,409,315,26,4.51,7.0,42.0,0.0362,359659.0,Low Risk
V6973,Vendor_874_Co,Machinery,13,4233,1536,290,426,1155,26,2.05,2.0,37.0,0.0261,335033.0,low
V7823,Vendor_812_Corp,Office Supplies,30,1850,65,25,47,19,26,2.82,7.0,49.0,0.1219,126032.0,YES
V6900,Vendor_437_LLC,Automotive,9,2368,625,564,105,438,11,3.03,3.0,60.0,0.0401,143679.0,YES
V9046,Vendor_515_Ltd,IT Hardware,13,1225,512,19,106,292,-1,3.64,7.0,12.0,0.2485,-1000.0,1
V6729,Vendor_647_Corp,Automotive,25,1981,111,1,25,102,15,3.1,4.0,33.0,0.2233,324541.0,1
V6557,Vendor_203_LLC,Food & Beverage,28,2252,1102,527,569,123,10,3.9,9.0,58.0,0.0168,178035.0,High
V4297,Vendor_904_Corp,Packaging,7,457,216,88,50,51,22,3.43,8.0,43.0,0.2556,297797.0,Low
V5257,Vendor_275_Ltd,Automotive,14,1704,479,296,75,194,1,2.79,3.0,30.0,0.2667,325240.0,
V2875,Vendor_260_Inc,Office Supplies,17,2916,2651,1258,331,524,29,2.64,10.0,33.0,0.1181,36287.0,0
V1829,Vendor_214_Inc,Machinery,23,1677,968,901,874,732,12,2.99,1.0,43.0,0.0806,178644.0,High
V1994,Vendor_739_Inc,Chemicals,9,3913,2252,1074,2128,1635,10,3.77,6.0,48.0,0.1021,109774.0,0
V6536,Vendor_290_Ltd,Office Supplies,17,4475,3188,557,1750,2218,15,4.22,1.0,32.0,0.0449,266194.0,low
V6674,Vendor_526_Inc,Packaging,24,2675,861,306,707,544,1,2.85,7.0,22.0,0.0775,450043.0,
V9917,Vendor_978_Corp,Electronics,21,1854,845,84,73,581,10,TBD,2.0,39.0,0.2413,301793.0,Low Risk
V1074,Vendor_998_Corp,IT Hardware,6,3406,1151,365,904,444,2,4.5,2.0,69.0,0.1684,255824.0,0
V7457,Vendor_910_Inc,Chemicals,19,2540,1276,524,87,202,25,2.05,10.0,22.0,0.0713,323764.0,1
V1356,Vendor_888_Corp,Office Supplies,15,4205,2873,904,77,346,18,3.73,10.0,43.0,0.0252,423844.0,Low Risk
V6905,Vendor_324_Inc,Automotive,10,930,346,192,54,34,13,,8.0,8.0,0.2764,22398.0,High
V6307,Vendor_301_LLC,Office Supplies,2,1113,431,186,86,348,18,3.89,2.0,24.0,0.2049,476705.0,NO
V8136,Vendor_376_Ltd,Food & Beverage,26,1049,81,47,59,24,3,3.06,3.0,58.0,0.0664,434000.0,0
V1590,Vendor_468_LLC,Electronics,6,4192,1897,1259,347,1380,3,,7.0,46.0,0.2009,213573.0,Low Risk
V9225,Vendor_610_LLC,Food & Beverage,6,3895,3210,965,1477,2903,20,3.82,4.0,28.0,0.1886,178969.0,NO
V2103,Vendor_132_Co,Raw Materials,26,634,519,255,455,418,29,4.69,10.0,70.0,0.0292,340724.0,
V8607,Vendor_347_LLC,Automotive,4,729,425,276,407,17,27,3.72,6.0,5.0,N/A,79805.0,1
V1969,Vendor_934_Ltd,Office Supplies,4,4243,3587,3036,2967,967,2,2.49,10.0,68.0,0.182,420027.0,Low
V9858,Vendor_280_LLC,Chemicals,12,1934,402,179,310,146,5,2.86,9.0,69.0,0.0356,458520.0,0
V1293,Vendor_143_LLC,Raw Materials,20,1914,1715,859,681,1320,1,3.6,8.0,72.0,0.2708,292510.0,0
V3029,Vendor_797_Corp,Machinery,12,2254,1508,950,1034,812,16,3.78,3.0,61.0,0.1761,184374.0,Low
V4501,Vendor_825_Corp,Electronics,26,3511,2164,1174,1520,2103,19,2.04,6.0,72.0,0.2038,264939.0,NO
V6367,Vendor_476_Inc,Raw Materials,19,369,199,29,44,71,12,4.74,4.0,17.0,0.0487,70854.0,high
V4540,Vendor_835_Corp,Raw Materials,28,1322,403,122,86,46,19,2.66,7.0,,0.2325,72625.0,high
V8206,Vendor_179_Inc,Machinery,9,2281,2135,1984,979,1124,11,2.96,9.0,11.0,0.0415,122247.0,high
V6832,Vendor_824_Ltd,Raw Materials,9,1218,979,317,616,154,18,4.35,4.0,3.0,0.1004,430527.0,NO
V8560,Vendor_191_LLC,Electronics,21,222,204,118,55,157,15,,2.0,14.0,0.0613,427244.0,high
V1393,Vendor_511_Co,Machinery,2,4612,672,213,373,102,15,3.46,Good,,0.2192,236246.0,0
V8564,Vendor_286_Corp,Chemicals,13,232,21,20,13,4,11,2.63,6.0,44.0,0.2284,199771.0,High
V6000,Vendor_830_Corp,Electronics,6,4116,1969,853,1597,173,28,3.51,3.0,52.0,0.0604,394706.0,High Risk
V8763,Vendor_589_Ltd,Textiles,11,1045,913,532,255,640,9,2.0,4.0,39.0,0.2817,247991.0,
V7623,Vendor_134_Corp,Office Supplies,7,3059,1078,367,401,25,2,2.56,9.0,56.0,0.2623,340231.0,NO
V9548,Vendor_909_Co,Chemicals,3,4308,3839,153,2765,3645,30,4.16,1.0,63.0,0.2183,64345.0,1
V6483,Vendor_981_LLC,Packaging,13,1057,709,359,200,609,23,2.62,8.0,28.0,0.0317,429416.0,Low
V6849,Vendor_981_Co,Electronics,17,2246,1980,1804,21,1368,23,3.04,7.0,40.0,0.0227,181681.0,0
V1382,Vendor_510_Ltd,Textiles,30,3154,1027,241,469,163,25,2.13,3.0,64.0,0.0431,160224.0,Low
V1920,Vendor_431_Inc,Automotive,22,2965,142,23,140,9,20,4.34,6.0,54.0,0.2856,424796.0,YES
V5195,Vendor_732_Inc,Electronics,21,159,21,11,11,9,27,4.35,10.0,69.0,0.0962,426848.0,Low
V1165,Vendor_985_Corp,Chemicals,14,4921,1353,733,28,39,7,3.23,8.0,11.0,0.2061,178329.0,YES
V3844,Vendor_451_Co,Office Supplies,12,3518,2383,1366,88,1928,2,2.3,10.0,10.0,0.1046,322414.0,low
V7746,Vendor_959_Co,Textiles,20,4534,3152,2861,2976,1983,4,2.18,,36.0,0.0913,421516.0,high
V3297,Vendor_133_Inc,Chemicals,27,2674,976,677,400,737,10,3.8,4.0,24.0,0.1344,354512.0,
V4869,Vendor_768_Co,Food & Beverage,18,2383,375,258,229,319,20,4.68,4.0,59.0,0.1418,39000.0,0
V4167,Vendor_933_Co,Packaging,27,3181,2063,827,307,332,27,4.56,1.0,9.0,0.1126,30352.0,Low Risk
V3417,Vendor_925_LLC,Automotive,19,1443,436,135,351,85,7,3.24,8.0,8.0,0.2421,103387.0,high
V7835,Vendor_802_Corp,Packaging,21,2496,919,54,360,409,18,2.19,3.0,26.0,0.2786,16225.0,high
V6727,Vendor_127_Ltd,Electronics,13,761,227,209,115,226,17,3.12,7.0,11.0,0.1125,15778.0,Low
V1246,Vendor_476_Co,Machinery,14,2212,1922,85,1070,1259,14,3.64,5.0,71.0,0.0422,,NO
V2662,Vendor_763_Corp,Chemicals,23,4524,2165,892,886,730,27,4.69,10.0,22.0,0.2482,90528.0,High
V8271,Vendor_328_Inc,Chemicals,17,1810,907,167,17,204,8,4.96,,47.0,0.1262,1503.0,low
V8238,Vendor_874_Inc,Machinery,2,299,163,66,119,52,11,3.14,10.0,21.0,0.2334,458953.0,High
V7232,Vendor_845_Co,Textiles,19,910,100,58,99,59,7,3.87,2.0,4.0,0.1832,406291.0,YES
V3987,Vendor_988_Co,Electronics,26,3862,3737,1955,307,2578,14,2.26,10.0,5.0,0.1444,139517.0,high
V8841,Vendor_505_Inc,Office Supplies,8,3961,2650,304,1126,2459,13,4.99,2.0,64.0,0.2652,338172.0,0
V1282,Vendor_550_Corp,Food & Beverage,2,2639,1083,366,908,947,12,3.44,9.0,28.0,0.1226,304861.0,1
V2232,Vendor_711_Ltd,Textiles,19,2964,1454,1269,1267,1188,15,3.22,3.0,18.0,0.0592,145042.0,High
V1172,Vendor_211_Corp,Automotive,29,920,666,12,327,542,21,3.67,7.0,63.0,0.1784,422378.0,High
V5862,Vendor_992_LLC,Chemicals,9,1819,482,178,33,400,21,3.91,10.0,53.0,0.1204,130910.0,YES
V1565,Vendor_994_Co,Chemicals,2,3197,2374,1840,344,1472,15,3.22,10.0,60.0,0.1822,420802.0,1
V4375,Vendor_805_Corp,Chemicals,1,1703,1169,31,92,781,29,2.72,6.0,23.0,0.2961,434361.0,1
V3561,Vendor_735_Co,Raw Materials,19,4449,2416,1650,1661,1789,27,3.78,9.0,67.0,0.0567,268370.0,YES
V9986,Vendor_808_Inc,IT Hardware,10,3553,1378,9,1088,663,3,3.68,5.0,42.0,0.0383,120813.0,NO
V2639,Vendor_721_Co,Raw Materials,15,3946,3400,1406,336,2729,16,3.12,,20.0,0.1718,361706.0,High
V2122,Vendor_654_Co,Chemicals,25,976,293,162,159,285,15,4.54,6.0,14.0,0.1336,400090.0,Low Risk
V4538,Vendor_248_Corp,Chemicals,8,1803,502,448,115,225,1,4.57,8.0,57.0,0.1244,290001.0,Low Risk
V8728,Vendor_594_LLC,Food & Beverage,10,403,49,22,41,11,23,3.63,2.0,16.0,0.1595,145190.0,High Risk
V8036,Vendor_391_Corp,IT Hardware,8,3130,27,5,6,10,1,3.87,10.0,69.0,0.1301,319260.0,1
V8941,Vendor_845_Ltd,Packaging,21,3609,1916,1349,1496,1140,24,3.82,8.0,31.0,0.0455,,0
V2219,Vendor_964_Inc,Food & Beverage,28,1165,1009,457,963,680,30,2.69,7.0,68.0,0.0994,340244.0,
V3490,Vendor_875_Ltd,Food & Beverage,30,13,1,0,0,0,6,3.83,,51.0,0.1855,331405.0,High
V1418,Vendor_709_LLC,Food & Beverage,7,864,604,340,345,225,24,2.34,4.0,33.0,0.2056,121778.0,low
V5003,Vendor_487_Inc,Office Supplies,13,3487,2520,1068,1607,2509,21,4.84,3.0,71.0,0.2887,310835.0,YES
V2596,Vendor_567_Inc,Food & Beverage,16,3683,2220,1825,755,709,20,,4.0,29.0,0.1183,425426.0,high
V1970,Vendor_149_LLC,Food & Beverage,9,2996,2511,1694,992,828,4,3.5,8.0,10.0,Low,399172.0,low
V7714,Vendor_722_Ltd,Office Supplies,12,3677,1301,803,1048,552,3,4.14,2.0,67.0,0.1934,31558.0,0
V2184,Vendor_747_Corp,Textiles,25,1094,48,41,21,48,18,2.88,7.0,22.0,0.0118,226753.0,1
V3086,Vendor_590_Co,Automotive,29,3071,1600,921,1241,460,14,3.94,3.0,31.0,0.1797,151799.0,low
V2940,Vendor_222_Ltd,IT Hardware,21,482,169,147,15,68,28,4.04,8.0,56.0,0.2024,55478.0,Low Risk
V4032,Vendor_647_Corp,Electronics,15,1273,836,678,646,444,13,Excellent,8.0,69.0,0.256,233334.0,YES
V1591,Vendor_955_Co,Office Supplies,29,4028,1176,901,380,821,29,TBD,3.0,6.0,0.0317,232568.0,0
V7210,Vendor_874_Inc,Machinery,18,1850,1745,787,1444,95,2,3.79,,57.0,0.2896,110365.0,Low
V8325,Vendor_189_Inc,Office Supplies,4,4377,275,118,187,188,20,2.5,7.0,34.0,0.116,210118.0,0
V5605,Vendor_956_Inc,Chemicals,26,312,93,60,43,76,5,3.05,4.0,64.0,0.174,294993.0,0
V6091,Vendor_277_Co,Textiles,22,3471,1634,200,535,618,29,2.97,10.0,18.0,0.205,105598.0,High
V7128,Vendor_734_Corp,IT Hardware,11,525,288,172,233,261,4,3.81,9.0,4.0,,313736.0,Low Risk
V2680,Vendor_133_Corp,IT Hardware,10,3330,1747,1373,1687,493,11,2.6,10.0,,0.0419,480621.0,
V4752,Vendor_562_Corp,Raw Materials,22,2759,200,71,142,193,5,3.78,7.0,31.0,0.0371,337124.0,low
V6011,Vendor_470_Corp,Machinery,6,4138,3405,3226,2445,91,20,2.64,2.0,32.0,0.2454,55998.0,High Risk
V7392,Vendor_341_Ltd,Office Supplies,4,812,704,155,16,272,14,2.54,7.0,51.0,0.2175,114437.0,0
V3535,Vendor_612_LLC,Packaging,16,4567,1665,451,652,591,29,2.27,3.0,14.0,,212245.0,
V1144,Vendor_784_Corp,Automotive,13,155,81,19,63,7,15,3.21,5.0,31.0,0.2681,327060.0,NO
V6883,Vendor_829_Co,Machinery,1,802,297,104,81,36,11,4.63,9.0,62.0,0.2883,293888.0,0
V9380,Vendor_981_Co,IT Hardware,27,2659,236,38,61,11,22,,7.0,22.0,0.0796,117544.0,High
V2032,Vendor_235_LLC,Food & Beverage,24,365,142,122,130,114,24,2.53,8.0,31.0,0.1085,210941.0,High Risk
V5112,Vendor_392_Co,Automotive,3,4524,4176,1782,1900,338,27,4.17,10.0,41.0,0.2507,,0
V2087,Vendor_614_Inc,Automotive,1,3737,3100,1071,432,1940,1,4.38,1.0,2.0,0.2629,48304.0,1
V2751,Vendor_370_LLC,IT Hardware,18,3853,3315,1479,1662,2219,29,4.38,2.0,43.0,0.0505,340993.0,Low Risk
V1419,Vendor_197_Inc,Textiles,5,573,483,376,202,375,3,2.9,6.0,49.0,0.2086,215638.0,
V1072,Vendor_976_Ltd,Food & Beverage,21,1910,364,87,153,25,2,2.04,8.0,69.0,0.0312,56470.0,
V7794,Vendor_500_LLC,Office Supplies,30,1804,1426,1416,1280,113,19,2.01,4.0,39.0,0.2285,368409.0,0
V5997,Vendor_187_Inc,IT Hardware,30,1121,852,567,204,308,21,3.38,3.0,49.0,0.2347,438178.0,high
V7636,Vendor_815_Inc,Packaging,18,2779,181,60,147,174,26,3.23,9.0,9.0,0.1915,474401.0,YES
V2613,Vendor_471_Corp,Automotive,1,962,169,112,118,107,15,4.99,5.0,40.0,0.038,,low
V7476,Vendor_207_Ltd,Machinery,24,3443,709,571,308,40,6,4.13,,27.0,0.1725,217868.0,low
V6479,Vendor_876_Co,Machinery,18,4239,4034,580,2928,984,21,4.72,TBD,11.0,0.1386,192023.0,YES
V5518,Vendor_740_LLC,Food & Beverage,26,55,9,1,6,1,1,4.82,2.0,24.0,0.1112,312125.0,YES
V1511,NA,IT Hardware,11,4050,2842,546,1093,1272,7,4.63,2.0,64.0,0.0241,66365.0,1
V9592,Vendor_616_Inc,Food & Beverage,28,1163,470,122,184,185,5,,4.0,34.0,0.12,114008.0,YES
V3876,Vendor_971_Inc,Machinery,22,3719,3545,385,1213,3541,17,3.98,1.0,16.0,0.0738,378746.0,low
V3715,Vendor_290_LLC,Automotive,28,2298,1770,340,1216,327,8,2.59,2.0,26.0,0.15,487435.0,Low
V4649,Vendor_144_Inc,Textiles,16,1096,117,6,21,41,24,2.93,8.0,13.0,0.1634,405240.0,NO
V9918,Vendor_854_Corp,IT Hardware,14,4104,1115,13,315,1006,28,3.62,4.0,30.0,,401281.0,low
V6308,Vendor_448_Ltd,Electronics,17,2680,1299,141,426,11,7,3.9,7.0,72.0,0.2214,358561.0,1
V9901,Vendor_825_LLC,Office Supplies,15,574,533,94,348,322,19,4.1,6.0,51.0,0.0429,176642.0,Low
V2621,Vendor_508_Inc,Machinery,1,1359,467,25,412,441,30,3.98,3.0,64.0,0.1374,147407.0,High
V3842,Vendor_803_Co,Packaging,26,3928,3577,3011,546,1067,10,2.6,7.0,48.0,0.0546,460480.0,high
V3401,Vendor_397_LLC,Chemicals,17,1567,717,574,366,557,28,2.46,9.0,1.0,0.2573,268142.0,Low
V1156,Vendor_116_Ltd,IT Hardware,15,4206,1284,920,321,373,23,4.51,9.0,63.0,0.2363,148810.0,High Risk
V2443,Vendor_486_Inc,IT Hardware,3,1463,1456,235,662,583,17,4.91,TBD,66.0,0.1674,332764.0,high
V8354,Vendor_797_Co,IT Hardware,11,1461,1286,1011,950,1154,28,4.91,6.0,20.0,0.1319,246849.0,low
V1119,Vendor_608_Inc,Packaging,29,474,362,153,107,261,9,4.88,1.0,43.0,0.2288,409518.0,
V8795,Vendor_719_Inc,Electronics,2,4464,255,5,173,238,4,3.48,3.0,43.0,0.2866,,0
V8970,Vendor_359_Ltd,IT Hardware,8,4882,4840,232,651,1816,6,2.79,6.0,23.0,0.2106,373732.0,1
V6150,Vendor_765_Inc,Machinery,4,4711,1127,1084,751,815,1,4.21,8.0,67.0,0.1161,295478.0,1
V6700,Vendor_504_Co,Textiles,11,1386,1129,702,11,835,4,3.63,,17.0,0.2335,364612.0,High
V2245,Vendor_209_Inc,Automotive,25,4189,3979,913,3332,1002,9,2.61,1.0,15.0,0.0692,33961.0,1
V3881,Vendor_923_Co,Food & Beverage,2,55,48,6,27,14,18,2.75,,59.0,0.04,244606.0,YES
V6447,Vendor_741_Corp,Textiles,6,4395,659,562,445,265,12,2.2,5.0,9.0,0.0475,246179.0,
V6684,Vendor_669_Inc,IT Hardware,7,4110,1182,519,878,408,5,2.21,10.0,72.0,0.0994,184945.0,high
V8740,Vendor_761_Inc,Raw Materials,28,1595,1246,877,105,636,21,2.02,3.0,35.0,0.2377,168993.0,High Risk
V7658,Unknown,Food & Beverage,20,3993,510,48,126,432,6,4.68,4.0,,0.0322,126184.0,YES
V4010,Vendor_696_Corp,Office Supplies,22,2351,433,235,275,130,19,4.11,3.0,29.0,,162331.0,Low
V8533,Vendor_168_LLC,Automotive,20,1396,614,604,249,513,20,4.27,8.0,30.0,0.1015,148470.0,
V2847,Vendor_483_LLC,Electronics,25,2143,1234,1033,963,539,7,2.29,5.0,60.0,0.1122,162967.0,YES
V3105,Vendor_771_Ltd,Electronics,25,4563,4387,2775,3693,3616,7,2.64,7.0,4.0,0.1269,181776.0,Low Risk
V9904,Vendor_804_Inc,Food & Beverage,18,445,47,20,17,14,4,3.68,1.0,62.0,0.1362,478534.0,NO
V2808,Vendor_940_LLC,Textiles,5,1342,833,665,79,184,21,2.2,8.0,70.0,0.2823,491758.0,high
V8401,Vendor_718_LLC,Office Supplies,15,4013,1805,755,1214,621,22,4.65,1.0,,0.2893,80080.0,High
V8689,Vendor_119_Ltd,Chemicals,27,3644,2340,51,1860,784,7,2.82,8.0,45.0,0.2061,21701.0,0
V9016,Vendor_414_Corp,IT Hardware,24,2360,1190,1020,5,864,3,4.05,,4.0,0.046,266946.0,low
V5649,Vendor_627_Co,Packaging,3,1760,1046,969,347,173,27,4.86,4.0,40.0,,105401.0,0
V2831,Vendor_516_Corp,Raw Materials,7,1064,120,111,37,66,8,3.29,3.0,72.0,0.1648,428304.0,NO
V3831,Vendor_597_Inc,Office Supplies,5,2140,71,38,10,54,4,2.39,2.0,12.0,0.2233,400941.0,Low
V9308,Vendor_416_Ltd,Packaging,13,2714,2552,1285,510,1230,23,2.89,3.0,25.0,0.1261,494021.0,high
V2907,Vendor_470_LLC,Packaging,7,521,87,19,17,73,15,2.98,10.0,21.0,0.2929,39289.0,Low Risk
V4602,Vendor_909_Corp,IT Hardware,10,266,4,2,3,0,23,4.76,7.0,39.0,0.2173,143694.0,High
V7275,Vendor_539_LLC,IT Hardware,12,2235,1305,1275,220,1243,12,4.69,2.0,58.0,0.0502,18699.0,High Risk
V2399,Vendor_156_Ltd,Machinery,12,3847,2413,752,1818,285,4,2.39,10.0,54.0,0.0517,347391.0,
V2680,Vendor_828_Co,Raw Materials,10,437,328,246,190,283,3,6.0,5.0,58.0,0.2716,78253.0,high
V5101,Vendor_817_Corp,Packaging,12,959,143,5,20,32,1,3.15,2.0,49.0,0.0966,341645.0,1
V8893,Vendor_389_Ltd,Food & Beverage,30,2739,2618,2438,132,826,6,2.2,3.0,39.0,0.1605,344152.0,Low Risk
V6977,Vendor_669_Corp,IT Hardware,24,256,151,88,101,124,10,4.68,4.0,3.0,0.273,106757.0,1
V2251,Vendor_348_Inc,IT Hardware,14,4201,2633,2443,910,679,4,3.5,4.0,7.0,0.2456,239005.0,NO
V6811,Vendor_717_Ltd,Electronics,20,1624,1298,656,598,170,29,3.77,3.0,47.0,0.2554,101675.0,High Risk
V8726,Vendor_298_Ltd,Electronics,14,2532,2088,1657,298,1396,14,2.58,,22.0,0.1592,404907.0,low
V5230,Vendor_397_Co,Chemicals,2,844,102,60,60,83,4,4.45,7.0,11.0,0.1231,22433.0,low
V6857,Vendor_420_Co,Machinery,12,2281,2140,1749,1143,1769,6,4.79,9.0,,0.1447,53293.0,0
V6319,Vendor_965_Inc,Textiles,25,4924,3629,1443,1290,2253,21,3.29,6.0,31.0,0.1689,113159.0,high
V9362,Vendor_192_Ltd,Packaging,17,4840,2383,548,1903,2052,1,3.99,,22.0,0.2272,,low
V3089,Vendor_721_Inc,Office Supplies,15,1788,1635,1580,1181,1525,23,2.15,3.0,9.0,0.1037,490547.0,YES
V6194,Vendor_886_Ltd,Office Supplies,19,2448,1874,1656,821,1259,11,4.22,8.0,70.0,0.0519,34948.0,0
V1050,Vendor_947_Inc,Raw Materials,3,2514,928,421,506,488,1,3.5,1.0,23.0,0.1933,207060.0,High
V8021,Vendor_121_LLC,Food & Beverage,16,2296,397,344,64,314,29,3.7,1.0,43.0,0.0777,168230.0,
V6623,Vendor_469_Inc,Automotive,4,4093,280,195,143,184,29,4.52,5.0,37.0,0.0734,85770.0,0
V1071,Vendor_732_Co,Packaging,29,520,217,67,143,185,24,2.78,,59.0,0.1653,24344.0,
V1810,Vendor_499_Inc,Chemicals,11,1966,1558,1089,362,920,15,2.71,9.0,43.0,0.0817,114911.0,0
V2903,Vendor_872_Corp,Food & Beverage,19,1799,1198,245,593,172,14,2.75,4.0,3.0,0.1877,1681.0,No
V1575,Vendor_892_Ltd,Electronics,20,4323,2710,1437,1113,704,21,3.82,4.0,51.0,0.016,370833.0,low
V1473,Vendor_204_Inc,Packaging,29,2589,334,99,279,42,4,3.15,4.0,40.0,0.0223,176383.0,Low
V8002,Vendor_974_Corp,Chemicals,20,1286,987,20,780,390,18,,3.0,33.0,0.1141,161352.0,low
V5350,Vendor_187_Inc,Food & Beverage,9,3076,2585,1824,1152,1630,29,3.62,,65.0,0.115,102601.0,1
V5451,Vendor_627_Corp,Machinery,13,1162,940,161,51,633,19,4.11,6.0,58.0,0.1931,219997.0,0
V3551,Vendor_581_LLC,Machinery,11,946,285,232,19,279,19,2.09,,49.0,0.0187,424904.0,Low
V8532,Vendor_866_Corp,Chemicals,13,3435,903,247,93,60,17,Excellent,9.0,71.0,0.0276,5166.0,0
V8700,Vendor_448_LLC,Chemicals,4,3404,2207,966,339,712,18,2.62,10.0,45.0,0.2896,333807.0,low
V1302,Vendor_318_Inc,Chemicals,22,1069,735,703,459,613,2,4.49,7.0,35.0,0.0449,343427.0,High Risk
V9008,Vendor_882_Inc,Food & Beverage,17,4879,3304,0,2151,2007,21,4.58,3.0,61.0,0.2953,244830.0,1 
V5907,Vendor_574_Ltd,Food & Beverage,5,396,375,374,227,203,28,3.9,3.0,40.0,0.1037,274149.0,High
V9956,Vendor_666_Co,Raw Materials,20,4078,810,263,196,314,2,2.08,1.0,4.0,0.0505,93782.0,0
V1408,Vendor_873_Corp,Raw Materials,2,3496,410,159,169,320,15,3.77,8.0,16.0,0.2742,20582.0,0
V2306,Vendor_530_Inc,Electronics,19,4999,975,656,245,460,9,4.01,3.0,28.0,0.1982,196926.0,Low Risk
V9335,Vendor_479_Corp,Machinery,4,3563,3025,2082,2146,730,15,4.85,4.0,41.0,0.0219,107749.0,low
V2498,Vendor_704_Ltd,Textiles,17,1820,615,593,16,21,24,4.19,4.0,32.0,0.083,4791.0,0
V1633,Vendor_544_Co,Automotive,30,3390,1986,368,433,622,23,3.32,,62.0,0.2325,178443.0,YES
V4999,Vendor_883_Co,Automotive,29,1131,914,390,20,619,28,4.56,1.0,29.0,0.0861,263298.0,Low
V2166,Vendor_583_LLC,Automotive,4,974,481,27,443,324,28,4.04,9.0,,0.1239,457575.0,0
V8737,Vendor_610_LLC,Textiles,12,1938,494,77,143,284,4,3.58,5.0,15.0,0.1842,432922.0,high
V3991,Vendor_379_LLC,IT Hardware,6,368,341,143,320,213,22,3.75,9.0,63.0,0.2834,346405.0,low
V2117,Vendor_610_Corp,Office Supplies,13,1112,60,6,47,3,20,4.04,3.0,39.0,0.1866,51506.0,
V8214,Vendor_753_Inc,Raw Materials,1,4705,4425,1926,753,754,22,4.75,5.0,26.0,0.0591,302021.0,0
V6169,Vendor_854_Ltd,Office Supplies,18,2170,2117,1282,1784,675,28,4.77,8.0,,0.0567,29608.0,1
V8899,Vendor_421_Inc,Machinery,21,1842,88,26,61,43,9,2.25,2.0,25.0,0.0524,315364.0,1
V4594,Vendor_950_Ltd,IT Hardware,5,4978,3861,3552,1972,698,26,3.75,3.0,,0.0794,-1000.0,YES
V2954,Vendor_924_Ltd,Automotive,5,624,192,88,172,123,14,2.37,2.0,37.0,0.1384,486072.0,0
V1838,Vendor_105_Ltd,Chemicals,3,3462,1363,139,877,44,23,3.08,8.0,23.0,0.0674,344166.0,YES
V9350,Vendor_385_Inc,Food & Beverage,13,2100,1935,828,692,1248,6,2.2,1.0,41.0,0.0476,17107.0,high
V2695,Vendor_581_Ltd,Packaging,7,1613,341,283,183,314,27,2.53,4.0,43.0,0.0728,116599.0,0
V9829,Vendor_284_Ltd,Textiles,27,3676,1000,976,942,680,1,3.31,8.0,5.0,0.1194,192973.0,0
V9161,Vendor_301_Inc,IT Hardware,21,3641,2549,1010,2237,1505,25,2.89,6.0,29.0,0.1688,99999999.0,YES
V7723,Vendor_860_Corp,Textiles,9,1804,93,14,85,13,3,3.15,7.0,66.0,0.2378,348722.0,NO
V1092,Vendor_220_Corp,IT Hardware,5,1010,662,159,164,496,21,3.91,6.0,57.0,0.0714,345379.0,NO
V3325,Vendor_146_Corp,Food & Beverage,18,881,825,531,470,122,27,4.4,4.0,63.0,0.1009,257838.0,Low
V1578,Vendor_322_LLC,Food & Beverage,7,2544,265,0,152,4,1,2.65,3.0,40.0,0.2301,92286.0,
V4308,Vendor_114_Co,Textiles,12,2591,678,506,409,678,2,-1.0,5.0,5.0,0.032,228907.0,High
V4207,Vendor_801_Ltd,Office Supplies,14,560,321,79,122,129,19,3.8,2.0,16.0,0.2666,98867.0,0
V5595,Vendor_536_Co,Packaging,20,4405,1723,1190,1377,1008,14,2.38,8.0,42.0,0.2949,278515.0,0
V3216,Vendor_960_Co,Machinery,23,1239,1221,587,769,263,28,3.1,6.0,49.0,0.2519,35612.0,
V7964,Vendor_569_LLC,Food & Beverage,8,3545,1972,544,1435,928,29,3.04,1.0,58.0,0.246,49145.0,YES
V4126,Vendor_419_Co,Packaging,28,2810,1389,1130,1039,1371,14,2.85,4.0,22.0,0.2561,371161.0,Low
V9244,Vendor_182_Co,Textiles,7,1834,93,40,46,87,17,2.39,5.0,26.0,0.1186,185485.0,Low Risk
V9972,Vendor_569_Co,Packaging,15,1076,503,155,15,91,7,3.27,4.0,59.0,0.0939,299950.0,Low
V6676,Vendor_145_Ltd,Textiles,23,1800,1671,1194,1219,1327,13,3.93,8.0,55.0,0.0026,376393.0,Low
V1941,Vendor_964_Corp,Food & Beverage,9,3312,302,55,270,227,20,4.32,9.0,2.0,0.004,48905.0,High Risk
V1867,Vendor_829_Inc,IT Hardware,4,3345,590,552,322,6,25,4.93,10.0,9.0,0.1589,383929.0,0
V2387,Vendor_240_Ltd,Food & Beverage,29,1189,996,673,447,139,26,4.09,7.0,24.0,0.1363,223363.0,High Risk
V3328,Vendor_426_Ltd,Food & Beverage,8,2309,621,202,406,7,29,2.54,3.0,16.0,0.1355,87047.0,1
V5565,Vendor_204_LLC,Automotive,1,3529,744,360,587,340,22,6.0,5.0,26.0,0.0024,355408.0,
V6012,Vendor_346_Co,Automotive,16,4222,359,198,293,25,17,3.58,10.0,37.0,0.1865,437566.0,High Risk
V1855,Vendor_883_Corp,Textiles,15,4931,510,126,447,436,30,4.74,10.0,9.0,0.1958,461976.0,1
V4924,Vendor_167_Inc,Office Supplies,4,571,78,19,15,0,25,3.35,2.0,65.0,,409702.0,High Risk
V5277,Vendor_477_Corp,Automotive,8,510,237,80,207,30,28,2.83,10.0,23.0,0.2752,471645.0,1
V4619,Vendor_822_LLC,Automotive,22,4979,1252,217,1171,88,16,4.34,2.0,62.0,0.2546,-1000.0,High Risk
V2426,Vendor_881_Inc,Chemicals,10,4782,3831,268,1757,2038,21,3.89,6.0,3.0,0.2059,210702.0,1
V7115,Vendor_214_Corp,Raw Materials,15,2533,2260,823,1451,2060,16,2.2,5.0,56.0,0.1344,451311.0,high
V8047,Vendor_427_Inc,Machinery,5,2377,1330,406,319,48,14,3.9,5.0,29.0,0.0895,31753.0,NO
V3159,Vendor_115_Inc,Machinery,19,4435,2053,714,450,105,11,2.05,5.0,7.0,0.038,221704.0,High Risk
V5716,Vendor_528_Corp,Raw Materials,11,598,177,174,82,58,28,4.54,6.0,24.0,0.2503,137430.0,
V1129,Vendor_686_Inc,IT Hardware,30,2349,1515,45,1096,1428,10,3.52,6.0,24.0,0.2281,313446.0,0
V2280,Vendor_607_Inc,Office Supplies,6,3343,838,187,181,382,10,2.04,4.0,23.0,0.1258,57561.0,High Risk
V3303,Vendor_439_Corp,Textiles,24,418,328,67,302,283,28,4.89,9.0,11.0,0.2588,239685.0,NO
V4363,Vendor_110_Co,Office Supplies,4,1915,613,600,120,265,12,2.48,3.0,47.0,0.1866,281355.0,1
V2182,Vendor_963_Inc,Chemicals,14,3185,2580,1960,78,2338,12,2.93,5.0,1.0,0.2929,8104.0,0
V3267,Vendor_535_Corp,Electronics,3,2675,901,152,862,335,21,2.27,2.0,24.0,0.2754,129152.0,0
V2511,Vendor_644_Co,Office Supplies,21,1145,448,195,419,271,16,4.46,8.0,46.0,0.2473,311967.0,0
V3116,Vendor_489_Co,Machinery,17,992,7,7,6,2,18,4.5,6.0,10.0,0.1191,390043.0,0
V7529,Vendor_774_Ltd,IT Hardware,20,1027,876,831,86,617,24,3.84,8.0,8.0,0.1276,310641.0,
V5510,Vendor_356_Corp,Chemicals,25,317,245,126,34,39,13,4.68,4.0,24.0,,273108.0,High Risk
V2240,Vendor_846_Corp,IT Hardware,8,3110,2739,1949,138,1359,28,3.57,4.0,8.0,0.1808,142865.0,Low
V4538,Vendor_306_LLC,Chemicals,18,951,576,63,154,142,9,3.93,1.0,8.0,0.2812,21720.0,1
V9478,Vendor_150_Co,Chemicals,8,1442,1218,807,873,159,29,3.56,2.0,49.0,0.2483,164018.0,High Risk
V9651,Vendor_256_Co,Electronics,8,4796,139,23,82,137,30,4.89,8.0,40.0,0.1796,28138.0,YES
V1344,Vendor_911_Co,Office Supplies,29,2477,1068,980,689,726,8,-1.0,9.0,69.0,0.1675,485564.0,high
V3120,Vendor_558_Co,IT Hardware,6,466,7,0,1,3,18,3.98,3.0,34.0,0.1987,175541.0,0
V5094,Vendor_503_Co,Packaging,15,4596,2884,1621,2256,2577,2,4.19,1.0,15.0,0.0988,18764.0,NO
V3249,Vendor_930_Inc,Automotive,2,349,272,33,237,91,28,2.57,10.0,63.0,0.0397,264072.0,
V9862,Vendor_969_Inc,Textiles,4,1336,1311,1223,980,923,2,4.43,7.0,43.0,0.1338,18101.0,High
V9951,Vendor_953_Inc,IT Hardware,21,4577,1805,1401,1266,1305,2,3.46,3.0,36.0,0.0235,76012.0,YES
V9831,Vendor_996_LLC,Office Supplies,8,4766,1107,108,1060,368,30,2.15,10.0,Fast,0.2653,127612.0,High Risk
V1187,Vendor_496_Corp,Textiles,16,2633,73,37,67,7,1,4.57,8.0,52.0,0.2938,141534.0,0
V1897,Vendor_488_Corp,Textiles,3,2804,2468,590,1081,2370,23,2.56,7.0,54.0,0.1563,271726.0,0
V5938,Vendor_699_Inc,Textiles,1,3082,2581,861,371,907,15,3.54,9.0,21.0,0.1872,495985.0,0
V6229,Vendor_447_LLC,Chemicals,7,26,13,4,3,3,7,,8.0,13.0,0.2306,234209.0,0
V7177,Vendor_587_Inc,Automotive,13,393,75,12,47,9,23,2.87,4.0,30.0,0.2003,491585.0,Low Risk
V2486,Vendor_322_Inc,Packaging,30,2877,2421,74,472,578,7,2.16,3.0,44.0,0.0665,359912.0,1
V4807,Vendor_519_LLC,Food & Beverage,28,3022,563,152,41,91,6,2.02,3.0,11.0,0.1479,344810.0,Low
V9475,Vendor_155_Co,Raw Materials,26,2682,2334,467,439,520,14,2.04,4.0,40.0,0.132,136392.0,high
V6260,Vendor_225_Corp,Office Supplies,10,3958,2809,2467,373,2628,13,2.67,4.0,13.0,0.0757,479981.0,NO
V1978,Vendor_385_Co,Textiles,16,2224,1138,786,615,173,1,Unknown,7.0,57.0,0.0133,108861.0,high
V9366,Vendor_685_Ltd,Automotive,8,1825,1442,1425,235,188,12,Poor,6.0,18.0,0.2033,337830.0,
V3568,Vendor_888_Co,Office Supplies,20,1693,1416,131,402,490,3,4.09,2.0,61.0,0.0211,236165.0,1
V2522,Vendor_679_LLC,Food & Beverage,11,3155,746,609,274,656,20,4.96,2.0,17.0,0.0542,235009.0,1
V3728,Vendor_599_Ltd,Raw Materials,23,295,22,12,13,5,5,2.32,3.0,7.0,0.1945,160508.0,1
V2832,Vendor_458_Corp,Raw Materials,21,312,52,18,27,31,18,4.03,9.0,TBD,0.2679,97478.0,low
V5337,Vendor_801_Corp,Raw Materials,11,53,14,4,9,9,5,3.82,3.0,52.0,0.0878,27381.0,High Risk
V6062,Unknown,Electronics,6,2200,118,23,34,89,28,2.43,7.0,9.0,0.0426,332964.0,0
V3882,Vendor_921_Inc,Automotive,29,833,237,65,104,137,2,3.93,10.0,40.0,0.0232,219988.0,NO
V9498,Vendor_288_Inc,Packaging,18,3008,939,377,506,429,15,3.71,1.0,48.0,0.1401,314995.0,1
V4498,Vendor_533_Inc,Electronics,4,3079,1659,4,1615,229,13,4.73,7.0,18.0,0.1114,,0
V1678,Vendor_210_Co,Automotive,25,3598,2953,552,2689,1758,1,4.49,9.0,15.0,0.0873,325844.0,Low 
V6902,Vendor_258_Corp,Automotive,30,3289,2038,902,1407,54,27,3.0,9.0,49.0,0.1592,376466.0,0
V1653,Vendor_259_LLC,Textiles,9,1636,1332,563,1089,17,5,3.04,8.0,18.0,0.0026,447463.0,Low
V1937,Vendor_872_Inc,Automotive,28,393,263,163,10,170,16,3.98,6.0,,0.2509,62823.0,High Risk
V4081,Vendor_764_Corp,Office Supplies,26,1083,164,88,108,21,21,2.68,3.0,62.0,0.2618,212133.0,1
V2324,Vendor_390_Inc,Chemicals,12,3316,1637,661,1169,1315,1,4.57,4.0,23.0,0.2132,65742.0,0
V8432,Vendor_988_LLC,IT Hardware,23,4048,3053,1287,1064,771,11,4.73,2.0,22.0,0.2826,415544.0,Low
V1505,Vendor_495_Corp,Chemicals,18,343,309,149,120,33,13,3.69,6.0,62.0,0.0543,406417.0,High
V7622,Vendor_456_LLC,Textiles,23,20,1,1,0,1,4,4.87,10.0,62.0,0.1943,240265.0,1
V3737,Vendor_889_Inc,Food & Beverage,25,2056,308,128,215,285,22,2.16,6.0,54.0,0.0731,17293.0,0
V5220,Vendor_647_Inc,Food & Beverage,4,4603,2118,1106,1771,1877,29,4.17,7.0,64.0,,204026.0,Low Risk
V3121,Vendor_716_Ltd,Packaging,23,487,329,225,33,115,8,4.81,4.0,44.0,0.1454,356496.0,high
V9589,Vendor_661_Co,Raw Materials,7,4014,472,64,120,303,23,4.74,10.0,64.0,0.1837,279489.0,High Risk
V1116,Vendor_741_Inc,Automotive,11,1992,1635,1267,123,1442,28,4.93,7.0,12.0,0.11,154039.0,low
V1108,Vendor_319_LLC,Textiles,19,4098,407,352,246,342,6,4.84,5.0,40.0,0.1346,80148.0,High Risk
V4175,Vendor_402_LLC,Packaging,4,586,504,397,105,91,29,4.98,9.0,56.0,0.0352,168348.0,YES
V5007,Vendor_871_Co,Machinery,27,607,312,62,202,291,23,4.83,5.0,36.0,0.1735,150468.0,1
V7987,Vendor_462_LLC,Machinery,9,1116,622,541,573,135,7,2.17,1.0,50.0,0.2625,67765.0,Low
V1025,Vendor_494_LLC,Food & Beverage,22,1456,334,111,172,307,1,4.31,5.0,6.0,0.2632,361416.0,1
V3254,Vendor_139_Inc,Food & Beverage,23,821,731,665,343,149,27,2.42,8.0,58.0,0.1846,475930.0,1
V4453,Vendor_827_Inc,Packaging,2,4788,42,22,2,35,7,4.57,8.0,30.0,0.1119,319816.0,0
V6444,Vendor_676_Co,Machinery,9,316,81,77,77,18,14,4.54,10.0,50.0,0.088,417040.0,High Risk
V1721,Vendor_878_Inc,Raw Materials,15,2391,284,172,187,33,16,4.83,8.0,66.0,0.2512,44523.0,YES
V9977,Vendor_933_Inc,Packaging,17,2817,2526,1524,1920,1057,5,4.0,10.0,67.0,0.2048,423675.0,Low Risk
V9972,Vendor_957_Co,Machinery,24,3755,1783,343,191,1154,18,4.22,6.0,30.0,0.0041,206939.0,High Risk
V2905,Vendor_814_LLC,Office Supplies,28,1237,1013,47,437,779,6,3.93,5.0,2.0,0.0026,38520.0,High Risk
V6226,Vendor_289_Co,IT Hardware,13,405,75,35,19,26,13,3.72,10.0,41.0,0.2205,276502.0,NO
V4405,Vendor_466_LLC,Electronics,14,3495,582,110,521,31,18,2.52,8.0,44.0,0.2995,111510.0,high
V8625,Vendor_558_Corp,Food & Beverage,10,39,1,0,1,0,24,2.81,5.0,61.0,0.1883,266751.0,0
V7465,Vendor_860_Inc,Textiles,16,3075,2012,828,1895,851,10,3.92,10.0,10.0,0.1226,21356.0,1
V1574,Vendor_510_LLC,Electronics,24,3402,3257,1934,273,1271,28,3.86,4.0,9.0,0.2809,354743.0,High Risk
V2622,Vendor_597_Corp,IT Hardware,21,627,18,11,1,1,12,2.73,3.0,72.0,0.2659,242815.0,low
V4526,Vendor_776_Inc,Textiles,22,3118,3049,1202,241,824,-5,3.28,5.0,7.0,0.1598,369427.0,Low Risk
V8039,Vendor_581_LLC,Raw Materials,11,982,535,3,237,320,6,2.84,10.0,29.0,0.2119,124288.0,Low
V7305,Vendor_274_LLC,IT Hardware,3,3679,1559,345,1355,432,14,4.15,4.0,44.0,0.2398,75855.0,High
V2025,Vendor_521_Corp,Office Supplies,27,4237,2561,1346,740,1438,19,4.51,6.0,37.0,0.0084,237702.0,Low Risk
V1380,Vendor_140_Inc,Automotive,7,1146,111,38,59,61,23,2.02,8.0,51.0,0.0389,459906.0,1
V4980,Vendor_989_Co,Chemicals,16,4607,3178,211,2500,2362,12,3.64,10.0,65.0,0.2889,129309.0,High
V7294,Vendor_852_Co,Office Supplies,15,2699,2363,857,1198,1268,15,4.73,6.0,34.0,0.1034,367349.0,1
V2142,Vendor_732_Corp,Food & Beverage,27,2695,1471,937,30,1217,20,3.68,5.0,45.0,0.1908,243272.0,High
V8816,Vendor_152_Co,IT Hardware,22,3570,2967,2368,1864,2313,18,3.93,6.0,22.0,0.2484,74255.0,0
V6005,Vendor_578_Inc,Automotive,3,1068,93,10,82,58,11,4.06,10.0,56.0,0.0289,309303.0,
V7579,Vendor_942_Co,Automotive,27,548,134,19,43,128,5,4.38,1.0,Slow,0.1084,85805.0,0
V6244,Vendor_576_Co,IT Hardware,1,4120,1915,660,264,1712,13,3.26,3.0,43.0,0.2455,492008.0,YES
V2423,Vendor_286_Co,Machinery,3,3057,1146,655,748,553,27,2.29,8.0,37.0,0.2787,307010.0,High
V5874,Vendor_150_Ltd,Textiles,5,90,3,0,0,2,27,3.85,2.0,40.0,0.2224,347729.0,1
V9971,Vendor_205_Ltd,IT Hardware,1,1492,348,61,65,263,7,4.38,6.0,69.0,0.2458,406582.0,0
V4610,Vendor_588_Co,Raw Materials,9,2641,2416,65,133,2382,22,3.28,5.0,63.0,0.2539,333970.0,high
V7726,Vendor_271_LLC,Machinery,24,1282,1087,537,240,396,24,3.97,5.0,57.0,0.0006,10564.0,low
V7962,Vendor_781_Ltd,Machinery,8,2157,1533,767,1265,1440,23,2.61,8.0,35.0,0.1296,408852.0,Low Risk
V7210,Vendor_929_Corp,Raw Materials,18,3560,1603,692,660,443,3,2.33,8.0,1.0,0.0614,288275.0,0
V8699,Vendor_982_Ltd,Machinery,8,2302,1323,928,94,134,27,4.61,1.0,9.0,0.0142,190452.0,1
V6812,Vendor_684_Inc,Office Supplies,18,2177,595,343,366,299,27,3.85,3.0,12.0,0.1289,257567.0,RISK
V8340,Vendor_716_LLC,Automotive,23,3258,1615,1179,1554,567,24,2.17,9.0,26.0,0.1768,470137.0,low
V6264,Vendor_943_Ltd,Automotive,17,4575,4466,834,48,1176,5,2.52,4.0,30.0,0.2033,448906.0,Low
V2045,Vendor_926_Inc,Office Supplies,12,4780,1904,515,1380,163,14,2.81,2.0,52.0,0.1061,26812.0,high
V1731,Vendor_784_Co,Electronics,4,2444,1362,113,758,1121,365,3.11,6.0,44.0,0.1908,132555.0,Low Risk
V6098,Vendor_390_LLC,Textiles,20,1514,574,416,158,232,30,2.52,,11.0,0.1034,98324.0,NO
V7610,Vendor_495_Ltd,Raw Materials,22,1876,1653,575,451,475,6,3.65,9.0,11.0,0.2906,25950.0,YES
V7494,Vendor_910_Inc,Raw Materials,14,2108,1333,1187,122,644,25,-1.0,1.0,47.0,0.2607,35595.0,RISK
V1817,Vendor_855_Corp,IT Hardware,8,332,9,3,9,1,8,3.11,4.0,,0.1858,71500.0,0
V7928,Vendor_323_Corp,Office Supplies,25,1599,265,210,91,141,11,4.72,8.0,70.0,0.221,177686.0,1
V8723,Vendor_565_LLC,Machinery,18,3759,1120,461,211,640,12,4.95,2.0,26.0,0.0528,37534.0,0
V9549,Vendor_861_Inc,Food & Beverage,13,2335,1619,462,1355,145,4,4.77,5.0,5.0,0.117,471527.0,0
V7692,Vendor_986_Co,Automotive,6,3321,2636,1165,1110,1867,9,3.64,4.0,17.0,0.0591,43778.0,low
V6660,Vendor_745_Ltd,Raw Materials,19,2391,1656,1280,19,978,13,4.13,7.0,15.0,0.1342,467178.0,high
V5331,Vendor_173_Corp,Electronics,26,2887,518,222,406,256,2,4.38,3.0,5.0,0.1613,197763.0,low
V8311,Vendor_395_LLC,Raw Materials,29,430,214,78,79,186,5,4.88,1.0,33.0,0.0037,261900.0,low
V8465,Vendor_259_Ltd,Raw Materials ,5,2436,596,188,459,88,25,3.96,7.0,47.0,0.0078,201687.0,0
V3398,Vendor_627_Co,Food & Beverage,29,2411,1928,33,1733,1611,12,4.68,9.0,1.0,0.0153,140993.0,
V1798,Vendor_909_Ltd,Food & Beverage,19,1585,78,34,24,25,27,2.05,1.0,12.0,0.0391,47638.0,Low
V2893,Vendor_500_Corp,IT Hardware,11,2900,419,176,238,397,23,2.89,8.0,20.0,0.0569,8901.0,
V1250,Vendor_721_Ltd,Machinery,12,23,5,0,4,3,28,4.74,6.0,10.0,0.0224,180084.0,YES
V2520,Vendor_255_Co,Textiles,4,3962,3378,558,2828,2151,8,4.69,6.0,60.0,0.2307,315463.0,NO
V8506,Vendor_764_Corp,Chemicals,4,4279,1826,1185,1629,921,4,3.25,9.0,69.0,0.2561,37254.0,Low
V4052,Vendor_267_Inc,Office Supplies,24,3001,986,744,970,79,999,4.31,5.0,57.0,0.0845,99999999.0,low
V7013,Vendor_821_Co,Textiles,8,1109,1059,316,320,425,9,4.67,8.0,22.0,0.2318,226015.0,0
V8785,Vendor_336_Ltd,Automotive,30,1295,122,119,107,102,23,3.31,6.0,46.0,0.2005,421743.0,low
V6521,Vendor_525_Co,Automotive,13,2966,2553,2532,407,35,30,2.34,6.0,48.0,0.239,-1000.0,1
V4007,Vendor_544_LLC,Chemicals,6,2376,1504,1336,771,1033,27,2.91,4.0,47.0,,279140.0,High Risk
V8884,Vendor_107_Inc,Food & Beverage,1,3868,1587,168,1582,1066,17,4.68,1.0,10.0,0.0623,414831.0,1
V6642,Vendor_799_LLC,Chemicals,7,1308,197,176,53,111,19,4.97,5.0,27.0,0.2973,483765.0,Low
V1657,Vendor_382_Ltd,Textiles,1,967,811,294,648,675,28,4.24,5.0,44.0,0.1088,139280.0,High Risk
V2162,Vendor_733_Corp,IT Hardware,23,651,233,84,216,117,7,4.08,7.0,55.0,0.2158,254728.0,high
V5133,Vendor_573_Ltd,Machinery,25,909,126,121,42,82,10,3.84,5.0,31.0,0.199,430206.0,YES
V6822,Vendor_827_Co,Textiles,22,1675,1654,1111,1458,1649,9,2.2,9.0,19.0,0.0981,358835.0,high
V2655,Vendor_446_LLC,Packaging,24,4883,223,92,164,42,29,,5.0,15.0,0.1836,79900.0,
V5798,Vendor_598_LLC,Office Supplies,10,3235,864,575,222,413,12,2.98,9.0,13.0,0.1454,275715.0,NO
V9868,Vendor_979_Corp,Automotive,30,655,237,12,70,79,19,4.61,9.0,39.0,,345928.0,High
V3385,Vendor_802_Inc,Chemicals,12,4094,2061,1334,1372,45,22,2.14,3.0,52.0,0.0471,320709.0,NO
V3031,Vendor_141_Ltd,Office Supplies,26,3721,1691,1542,909,1224,1,2.74,7.0,37.0,0.1199,18188.0,0
V5381,Vendor_342_Inc,IT Hardware,28,86,84,80,49,76,28,4.96,10.0,62.0,0.1788,271765.0,
V7409,Vendor_984_Inc,Packaging,8,4972,1617,239,429,199,18,2.59,7.0,38.0,0.0484,170027.0,0
V5999,Vendor_132_Co,Packaging,30,1520,1351,882,1090,107,1,99.0,6.0,34.0,0.2431,,1
V2261,Vendor_700_Corp,Machinery,27,2787,1410,521,325,893,26,3.58,3.0,24.0,,452051.0,high
V3928,Vendor_251_Inc,Automotive,23,2827,1540,485,288,1427,22,3.5,6.0,66.0,0.039,,0
V8927,Vendor_183_Inc,Machinery,24,3274,1390,123,285,868,9,4.18,6.0,62.0,,490570.0,
V8649,Vendor_137_Inc,Textiles,4,2172,879,424,229,169,9,4.89,6.0,25.0,0.2648,420239.0,High
V2556,Vendor_567_Corp,Packaging,25,4376,380,371,53,335,13,2.81,7.0,43.0,0.1618,195177.0,low
V2063,Vendor_479_Ltd,IT Hardware,22,3708,1509,866,631,1275,25,4.99,6.0,37.0,0.1276,91430.0,1
V3929,Vendor_157_Corp,Packaging,18,3858,178,46,109,131,6,2.15,4.0,45.0,0.1352,461907.0,High
V1149,Vendor_583_Co,Textiles,29,3696,1993,1924,1847,826,9,4.32,8.0,26.0,0.2576,104949.0,High
V7186,Vendor_344_LLC,Food & Beverage,6,1738,108,3,22,63,6,2.62,8.0,29.0,0.2498,322445.0,
V9557,Vendor_791_Corp,Office Supplies,25,4785,776,204,283,227,11,3.68,1.0,24.0,0.096,206483.0,0
V7231,Vendor_933_LLC,Electronics,15,1657,754,257,472,441,26,4.89,8.0,63.0,,350753.0,YES
V4139,Vendor_566_Co,Food & Beverage,8,4346,4210,1497,2979,3098,24,4.26,8.0,68.0,0.1705,273396.0,High Risk
V9728,Vendor_248_Corp,Automotive,3,4479,1642,311,634,65,7,2.36,2.0,47.0,0.035,479103.0,Low Risk
V5768,Vendor_328_Inc,Office Supplies,20,496,14,0,9,1,10,3.86,4.0,3.0,0.1475,375273.0,High
V9595,Vendor_906_LLC,Chemicals,19,2790,27,20,7,0,4,3.96,7.0,37.0,0.147,134731.0,Low Risk
V4749,Vendor_511_LLC,Food & Beverage,21,775,274,273,189,157,9,3.56,2.0,72.0,0.1394,61800.0,low
V7165,Vendor_927_Inc,Raw Materials,16,4047,791,589,746,637,30,4.54,7.0,44.0,0.1402,3064.0,low
V8171,Vendor_639_Co,Textiles,5,2262,563,560,173,61,5,2.75,6.0,30.0,0.2566,381683.0,0
V8256,Vendor_273_Co,Machinery,30,498,460,49,56,94,13,2.03,1.0,66.0,0.1445,408744.0,high
V7140,Vendor_279_Corp,Textiles,19,3320,2363,2266,953,132,1,2.62,3.0,24.0,0.0089,95467.0,NO
V1993,Vendor_512_Inc,Raw Materials,8,453,344,334,330,50,7,2.57,8.0,18.0,0.1266,147037.0,low
V1917,Vendor_558_Co,Electronics,10,1609,1291,183,334,521,21,2.89,2.0,32.0,0.1627,345794.0,High Risk
V3301,Vendor_314_Ltd,Packaging,23,159,116,16,101,113,29,3.33,10.0,68.0,0.1766,149529.0,high
V5256,Vendor_233_Co,Automotive,6,3191,2786,337,1988,1034,16,3.22,2.0,32.0,0.0257,238975.0,NO
V2767,Vendor_671_Inc,Food & Beverage,18,1932,1155,547,965,1039,29,2.92,10.0,32.0,0.2628,200501.0,High Risk
V1209,Vendor_518_Corp,Machinery,30,857,341,299,139,309,11,3.26,3.0,60.0,0.2933,468145.0,high
V9397,Vendor_664_Ltd,Electronics,30,3560,319,306,150,181,28,4.54,2.0,46.0,0.0994,163708.0,High Risk
V1672,Vendor_155_Ltd,Machinery,30,3344,2719,1489,2378,2019,6,4.97,2.0,18.0,0.1356,351110.0,NO
V4708,Vendor_235_LLC,Food & Beverage,25,1092,370,94,290,131,4,4.71,2.0,41.0,0.2697,109790.0,NO
V5036,Vendor_718_Ltd,Packaging,30,3912,3066,2587,2747,2584,6,3.45,3.0,41.0,0.1742,286278.0,high
V8972,Vendor_407_Inc,Automotive,28,4102,1101,1058,1093,646,19,2.14,2.0,21.0,,427675.0,High
V8188,Vendor_935_Co,Textiles,25,4745,687,462,285,102,3,4.86,5.0,71.0,0.1313,107559.0,1
V6118,Vendor_750_Inc,Raw Materials,26,1596,337,334,213,330,1,4.47,3.0,27.0,0.2442,489516.0,0
V9134,Vendor_139_Ltd,Chemicals,19,2575,1696,2,1451,1092,28,4.55,4.0,61.0,0.1119,418753.0,0
V4242,Vendor_455_Ltd,Electronics,2,2036,319,137,287,232,26,4.55,8.0,9.0,0.0282,453969.0,high
V5633,Vendor_665_Ltd,Automotive,1,2950,2679,1481,619,1525,5,2.29,7.0,37.0,0.084,18631.0,0
V6266,Vendor_855_Corp,Machinery,1,3782,1830,504,1592,624,5,2.98,3.0,52.0,0.2886,23551.0,High Risk
V6015,Vendor_271_Corp,Electronics,10,1066,210,98,128,150,10,3.37,9.0,68.0,0.1014,466554.0,YES
V5366,Vendor_727_Ltd,Chemicals,16,1745,1566,1405,1198,416,26,4.37,4.0,47.0,0.0657,373623.0,
V9150,Vendor_902_Corp,Chemicals,29,4340,3807,2341,4,412,7,3.62,10.0,64.0,0.0217,269314.0,YES
V8462,Vendor_254_Co,Food & Beverage,22,2428,891,308,280,480,23,4.82,6.0,19.0,0.2987,74894.0,High Risk
V7169,Vendor_611_Corp,Office Supplies,24,456,193,79,183,31,3,2.9,3.0,8.0,,270057.0,1
V9772,Vendor_993_Inc,Textiles,27,3793,1324,1299,419,685,9,2.13,6.0,TBD,0.0112,351894.0,High Risk
V2251,Vendor_873_Inc,Food & Beverage,22,2162,1337,813,411,1320,19,4.92,2.0,23.0,0.1266,27289.0,high risk
V6823,Vendor_178_Co,Office Supplies,25,322,20,14,19,17,28,4.73,2.0,69.0,0.0176,447891.0,1
V2164,Vendor_680_Ltd,Food & Beverage,4,4217,2496,75,1191,491,13,3.66,1.0,4.0,0.1256,164717.0,0
V4847,Vendor_332_Ltd,IT Hardware,1,144,58,15,34,57,17,4.76,5.0,49.0,,369416.0,1
V8979,Vendor_288_LLC,IT Hardware,12,3180,1584,1555,497,1028,26,2.26,5.0,41.0,0.1879,415145.0,High Risk
V2860,Vendor_253_LLC,Electronics,8,1325,525,241,415,244,26,4.48,8.0,63.0,0.1679,229659.0,low risk
V5799,Vendor_221_Co,Packaging,24,3230,1242,29,27,142,18,3.48,6.0,57.0,0.0039,388626.0,
V3559,Vendor_599_Ltd,Electronics,22,1009,216,205,192,51,12,4.94,7.0,52.0,0.1979,239257.0,low
V8543,Vendor_130_Corp,Office ,26,4317,1206,412,388,88,19,3.63,5.0,60.0,0.15,331775.0,YES
V1668,Vendor_342_Ltd,Food & Beverage,15,1655,293,237,213,36,8,2.27,1.0,22.0,0.2454,168261.0,NO
V5301,Vendor_187_Ltd,Automotive,14,3908,2340,201,2245,1635,25,4.09,3.0,62.0,0.1678,256779.0,high
V2898,Vendor_215_Co,Automotive,20,910,65,43,38,18,26,3.01,5.0,15.0,0.1872,381217.0,NO
V4935,Vendor_449_Co,Packaging,5,842,837,32,592,591,5,3.35,2.0,52.0,0.0755,254323.0,1
V6109,Vendor_180_Inc,IT Hardware,8,3529,3231,2373,2969,2805,12,2.86,9.0,10.0,0.2167,379064.0,low
V4515,Vendor_103_Co,Packaging,11,1141,726,412,449,188,9,3.94,5.0,29.0,0.2202,406647.0,
V8672,Vendor_913_Co,Textiles,24,3663,2070,453,462,1773,5,-5.0,1.0,23.0,0.096,175636.0,1
V5892,Vendor_952_LLC,IT Hardware,27,3184,437,380,105,102,10,3.08,1.0,30.0,0.1701,464670.0,High
V6604,Vendor_605_Ltd,Machinery,9,3765,2253,246,2238,1402,4,4.25,7.0,24.0,0.1119,59304.0,high
V6093,Vendor_541_Inc,IT Hardware,29,2271,1758,1173,715,547,28,2.43,6.0,39.0,0.1569,275749.0,Low
V4088,Vendor_225_Inc,Food & Beverage,24,1097,1046,840,173,509,11,4.56,6.0,24.0,0.2082,-1000.0,1
V1656,Vendor_950_Ltd,IT Hardware,26,831,743,444,77,710,2,4.03,2.0,43.0,0.1756,162919.0,YES
V2069,Vendor_533_Co,Machinery,8,187,147,24,64,0,25,4.4,9.0,36.0,0.088,112368.0,High
V7231,Vendor_517_Co,Chemicals,23,3502,72,25,11,6,21,4.94,4.0,44.0,0.1278,33164.0,High Risk
V2565,Vendor_555_Inc,Packaging,11,59,56,39,19,26,14,,8.0,72.0,0.2288,64140.0,High Risk
V2874,Vendor_671_Co,IT Hardware,25,709,705,428,419,357,30,4.77,5.0,4.0,0.0595,347916.0,
V7387,Vendor_111_Corp,IT Hardware,8,2535,1381,1342,1085,1251,21,3.36,3.0,71.0,0.1168,262746.0,Low
V2506,Vendor_456_Co,Chemicals,15,1046,548,280,493,204,24,4.43,7.0,66.0,0.2839,484576.0,1
V6414,Vendor_169_Corp,Raw Materials,12,947,114,77,67,103,16,3.64,8.0,17.0,0.072,32472.0,1
V3843,Vendor_523_Co,Food & Beverage,25,26,19,15,0,0,13,3.61,2.0,69.0,0.0093,437251.0,YES
V1774,Vendor_398_Co,Chemicals,11,837,247,111,85,159,29,3.58,8.0,70.0,0.171,188907.0,Low
V5690,Vendor_187_Inc,Electronics,26,184,39,18,7,1,15,4.21,5.0,32.0,0.0351,199692.0,0
V6299,Vendor_584_LLC,Office Supplies,26,1384,194,173,184,90,16,3.8,1.0,61.0,0.0162,238535.0,1
V8469,Vendor_365_Ltd,Food & Beverage,1,3159,2467,1566,2258,1443,13,4.4,6.0,9.0,0.1311,362807.0,1
V7421,Vendor_232_Co,Raw Materials,10,1168,716,317,671,715,18,3.13,6.0,17.0,0.201,435613.0,NO
V4521,Vendor_597_Co,Machinery,1,4047,2550,316,1910,34,14,,9.0,18.0,,470843.0,0
V6469,Vendor_752_LLC,Food & Beverage,13,118,108,34,32,38,2,4.36,1.0,53.0,0.1421,480700.0,
V1600,Vendor_664_Inc,Automotive,29,265,207,196,151,54,18,3.42,3.0,47.0,0.1177,468370.0,
V9807,Vendor_238_Ltd,Food & Beverage,12,2503,2017,237,199,480,22,4.85,9.0,54.0,0.1762,381947.0,0
V9618,Vendor_247_Inc,Automotive,23,4951,4046,52,1884,2578,3,2.89,5.0,37.0,0.0282,62929.0,high
V7968,Vendor_257_Ltd,Raw Materials,16,4893,2569,1688,1807,825,3,3.92,4.0,10.0,0.2113,459265.0,
V9146,Vendor_835_LLC,Office Supplies,11,4449,1228,1176,893,1035,17,3.73,8.0,5.0,0.2372,279994.0,Low
V1776,Vendor_800_Co,Automotive,6,2769,260,164,85,238,21,4.36,9.0,2.0,0.1363,254495.0,1
V4060,Vendor_932_LLC,Machinery,22,4478,2010,136,1041,1283,20,3.69,2.0,22.0,0.2136,362905.0,1
V6871,Vendor_905_LLC,Chemicals,17,4977,4068,2055,2506,2421,1,2.16,2.0,44.0,0.0372,416786.0,low risk
V7302,Vendor_326_LLC,Food & Beverage,21,394,264,96,206,160,4,4.61,Good,15.0,0.0254,494936.0,High Risk
V3143,Vendor_488_Corp,Food & Beverage,23,2015,47,31,13,30,6,4.33,1.0,13.0,0.0822,322674.0,high
V1766,Vendor_652_Ltd,Textiles,7,3165,2877,2571,2539,2285,29,4.69,5.0,23.0,0.1463,162135.0,low
V8486,Vendor_714_Inc,Food & Beverage,8,2697,2022,236,788,580,18,3.22,7.0,25.0,0.257,470109.0,
V1115,Vendor_803_Ltd,Chemicals,13,586,133,129,132,58,29,2.32,2.0,32.0,0.2192,301021.0,Low Risk
V9165,Vendor_480_Ltd,Electronics,11,4053,889,350,430,319,3,4.53,3.0,8.0,0.08,206742.0,1
V2360,Vendor_482_Corp,Office Supplies,4,2962,2591,1829,1756,1520,17,3.2,5.0,44.0,0.1825,73791.0,1
V9738,Vendor_423_Co,Packaging,19,3843,2097,837,1705,274,29,3.35,9.0,23.0,0.0292,428277.0,1
V6320,Vendor_275_LLC,IT Hardware,22,2848,2276,1314,1315,2269,10,2.51,6.0,18.0,0.2138,164907.0,1
V5563,Vendor_565_Corp,IT Hardware,19,1249,1017,128,264,980,25,4.85,8.0,34.0,0.1094,238769.0,1
V7460,Vendor_925_Ltd,Office Supplies,23,940,117,0,46,46,17,3.43,5.0,10.0,0.2376,490360.0,Low
V3125,Vendor_632_Inc,Office Supplies,22,3939,1035,232,197,397,23,3.63,7.0,33.0,0.0401,440100.0,0
V6510,Vendor_441_Ltd,Chemicals,29,3422,2686,708,570,1328,25,2.32,5.0,45.0,0.2992,445766.0,0
V4036,Vendor_979_LLC,Office Supplies,3,4411,3497,799,3461,3434,16,4.93,6.0,7.0,0.1326,175733.0,low
V1081,Vendor_541_Corp,Automotive,12,2963,1225,564,290,341,23,2.12,10.0,22.0,0.1785,282128.0,low
V2139,Vendor_146_LLC,Chemicals,3,655,565,300,370,196,28,2.7,2.0,49.0,0.0834,334281.0,Low
V7815,Vendor_820_Ltd,Packaging,17,4736,4533,434,2384,2119,19,6.0,5.0,63.0,0.1225,443835.0,Low Risk
V8946,Vendor_352_Co,Electronics,15,350,99,72,7,75,20,3.77,5.0,31.0,0.1479,469454.0,1
V3793,Vendor_137_Co,Textiles,5,4294,3683,3397,2584,2814,18,3.71,7.0,45.0,0.1938,358573.0,
V2399,Vendor_471_LLC,Office Supplies,23,2097,1374,554,1295,845,12,3.12,6.0,14.0,0.2539,343184.0,high
V2976,Vendor_195_Ltd,Machinery,25,203,36,17,17,8,29,3.51,10.0,50.0,0.0462,237263.0,High
V5182,Vendor_889_Inc,Automotive,23,3162,2316,665,795,1787,16,3.9,6.0,8.0,0.1953,486762.0,high
V4012,Vendor_633_Corp,Automotive,6,2943,298,162,269,112,14,3.63,7.0,12.0,0.1048,464154.0,1
V4563,Vendor_670_LLC,Electronics,22,710,365,164,332,336,16,3.36,6.0,71.0,0.0416,480296.0,
V3190,Vendor_504_Ltd,Packaging,29,1635,226,48,72,10,2,2.48,4.0,62.0,0.2879,140355.0,1
V8459,Vendor_973_Corp,Office Supplies,7,1470,1036,422,299,761,27,3.97,7.0,22.0,0.0578,288118.0,Low
V1914,Vendor_873_Ltd,Machinery,7,2694,1316,163,648,458,26,4.17,,31.0,0.2583,289141.0,0
V5759,Vendor_586_Corp,Textiles,14,1576,1357,524,193,1047,7,2.93,9.0,35.0,0.1615,44057.0,high
V1032,Vendor_476_Inc,IT Hardware,17,1481,130,87,112,48,6,4.88,5.0,30.0,0.1684,269765.0,NO
V4123,Vendor_760_Inc,Machinery,8,716,40,30,28,29,19,3.23,2.0,35.0,0.2711,48447.0,0
V1811,Vendor_360_Ltd,Packaging,16,2333,1747,1663,11,241,27,3.09,2.0,40.0,0.1928,6669.0,YES
V4596,Vendor_668_Corp,Automotive,6,1926,1189,1128,653,379,26,4.78,10.0,25.0,0.2724,340793.0,1
V9107,Vendor_660_Co,Chemicals,1,4516,3815,2846,1026,1922,15,2.01,10.0,35.0,0.125,251898.0,
V6990,Vendor_142_LLC,Raw Materials,24,3889,3161,8,2102,1674,24,2.66,1.0,65.0,0.0123,204281.0,0
V4004,TBD,Machinery,11,4110,1948,370,1051,119,8,3.97,5.0,16.0,0.0317,124384.0,
V8747,Vendor_537_Ltd,Packaging,23,627,609,391,146,315,19,2.02,4.0,35.0,0.2279,342204.0,low
V7103,Vendor_432_LLC,Raw Materials,30,3759,635,281,377,618,5,4.54,3.0,14.0,0.2577,194789.0,high
V3398,Vendor_354_Inc,IT Hardware,24,858,124,49,73,43,23,2.58,3.0,22.0,0.0165,30387.0,1
V8594,Vendor_723_Co,Machinery,30,3346,2413,257,1943,1709,11,4.5,4.0,58.0,0.0794,468409.0,YES
V8757,,Chemicals,1,718,421,267,250,110,24,3.28,4.0,,0.0982,304807.0,
V8682,Vendor_549_LLC,Textiles,6,1328,701,561,485,619,11,3.93,8.0,54.0,0.0466,298495.0,low
V1977,Vendor_230_LLC,Machinery,28,1728,316,177,65,218,11,2.42,7.0,22.0,0.0592,26776.0,high
V4728,Vendor_838_Corp,IT Hardware,16,228,152,121,67,148,6,3.57,10.0,49.0,0.0443,357896.0,1
V3554,Vendor_161_LLC,Packaging,7,2122,2055,1348,1238,1069,3,3.28,8.0,13.0,0.1457,493417.0,high risk
V5390,Vendor_448_Co,Food & Beverage,12,187,87,31,4,74,19,3.04,9.0,24.0,0.1036,477644.0,low
V2689,Vendor_237_LLC,IT Hardware,8,1524,594,418,128,480,8,4.81,1.0,53.0,0.1009,106999.0,Low
V8993,Vendor_368_LLC,Machinery,29,4751,1285,1014,69,728,7,3.09,7.0,41.0,0.2039,193496.0,Low Risk
V5214,Vendor_901_LLC,IT Hardware,19,94,71,59,20,23,19,4.14,7.0,26.0,0.2178,423978.0,Low Risk
V2613,Vendor_234_Corp,Office Supplies,1,2382,1114,930,261,762,18,4.96,6.0,42.0,0.0016,299504.0,0
V9076,Vendor_560_LLC,IT Hardware,2,3089,220,95,190,82,9,3.08,,25.0,0.1249,98607.0,
V3216,Vendor_891_Corp,Electronics,28,2795,137,124,2,17,18,2.85,8.0,47.0,0.281,273045.0,
V4032,Vendor_357_Ltd,Chemicals,5,1300,481,296,253,133,21,2.98,10.0,13.0,0.1873,305682.0,NO
V5259,Vendor_239_Ltd,Electronics,3,3570,403,97,171,335,22,4.96,9.0,17.0,,339748.0,
V5715,Vendor_690_Inc,Office Supplies,25,754,449,23,192,328,21,3.49,2.0,50.0,0.1049,130000.0,0
V7495,Vendor_217_Ltd,Electronics,29,2566,771,31,364,621,12,2.08,1.0,,0.0997,401290.0,High Risk
V6341,Vendor_191_Co,Automotive,10,2597,2517,2014,1267,1755,14,4.04,6.0,49.0,0.0634,391102.0,1
V4961,Vendor_546_Co,Machinery,3,1724,985,664,148,665,10,4.31,3.0,61.0,0.1266,62057.0,0
V4001,Vendor_883_LLC,Machinery,24,1524,616,484,57,362,22,Poor,8.0,44.0,0.0041,406560.0,
V8090,Vendor_304_Ltd,Automotive,24,1793,284,70,129,81,7,3.18,2.0,21.0,0.1021,55540.0,High
V5151,Vendor_472_Co,Food & Beverage,25,917,352,76,300,212,3,3.13,4.0,27.0,0.2156,109785.0,0
V1291,Vendor_330_Co,Chemicals,25,2205,1602,742,11,1600,21,4.71,6.0,,0.1533,355166.0,NO
V4304,Vendor_338_Co,Electronics,13,3938,3538,625,647,1223,19,2.95,5.0,21.0,0.0497,50323.0,0
V7216,Vendor_694_Corp,Packaging,12,3778,1292,17,24,431,20,4.59,3.0,71.0,0.0789,142247.0,low
V4769,Vendor_764_Ltd,Office Supplies,26,3161,2033,2000,1389,1862,16,2.51,10.0,4.0,0.1195,101315.0,Low
V9038,Vendor_364_Inc,Automotive,9,1092,758,398,645,221,12,3.01,6.0,61.0,0.1171,437965.0,
V3522,Vendor_781_Inc,Chemicals,26,2705,340,152,194,49,13,3.07,1.0,65.0,0.2396,287845.0,0
V1808,Vendor_629_Ltd,Food & Beverage,30,4776,860,306,243,682,19,3.38,3.0,34.0,0.1398,67505.0,Low
V3853,Vendor_895_Inc,Packaging,25,826,655,370,562,466,16,4.38,1.0,25.0,0.0994,436147.0,low
V2024,Vendor_611_Corp,Automotive,5,2980,2975,171,1113,484,19,2.45,1.0,19.0,0.2469,47158.0,
V2423,Vendor_114_Ltd,Electronics,11,1361,1031,528,545,811,5,3.22,1.0,52.0,0.1797,196848.0,1
V7035,Vendor_496_LLC,Textiles,20,3943,1509,229,10,977,6,2.39,9.0,40.0,0.0463,312580.0,0
V7569,Vendor_753_Co,Electronics,7,3969,2931,2026,1940,1099,8,4.68,8.0,31.0,0.1188,161431.0,high
V8596,Vendor_985_Ltd,Chemicals,21,3085,2833,2747,2697,367,21,3.34,1.0,16.0,0.035,64990.0,low
V4163,Vendor_276_Co,Office Supplies,17,4714,2890,2663,2793,1409,13,2.24,8.0,9.0,0.0725,158050.0,1
V6386,Vendor_705_Corp,Textiles,21,1998,320,102,74,116,13,3.98,2.0,8.0,,460252.0,High
V3813,Vendor_592_Corp,Chemicals,12,2623,377,312,202,200,16,2.15,,41.0,0.2778,279548.0,NO
V5691,Vendor_550_LLC,Food & Beverage,27,1500,1379,608,891,1125,1,4.01,9.0,14.0,0.1457,58031.0,1
V8200,Vendor_959_Corp,IT Hardware,18,1836,347,124,194,225,19,4.46,,39.0,0.2958,186638.0,NO
V6880,Vendor_507_LLC,Automotive,6,4036,2598,510,1213,871,12,4.58,6.0,36.0,0.0058,127176.0,Low
V8483,Vendor_649_LLC,Office Supplies,27,2793,202,136,193,126,20,3.44,2.0,22.0,0.0041,26652.0,0
V7351,Vendor_473_Inc,IT Hardware,24,4734,2992,969,30,343,16,2.17,10.0,38.0,0.2912,,YES
V5822,Vendor_560_Ltd,Machinery,21,4976,3077,973,68,2683,8,3.87,6.0,70.0,0.0705,135441.0,0
V3423,Vendor_399_Ltd,Office Supplies,18,2129,255,161,87,95,17,4.98,3.0,42.0,0.0528,249486.0,Low
V5817,Vendor_979_Inc,Raw Materials,27,3912,92,84,5,10,8,2.02,7.0,66.0,0.1945,-10000.0,0
V1193,Vendor_273_Inc,Raw Materials,8,34,18,2,14,10,30,2.07,8.0,66.0,0.1876,222877.0,
V5883,Vendor_361_Inc,Chemicals,2,3611,3304,115,831,904,6,4.63,8.0,21.0,0.2005,415756.0,Low Risk
V5225,Vendor_894_Corp,Textiles,8,280,236,192,198,209,11,2.26,9.0,,0.044,78849.0,High
V7392,Vendor_380_Co,Electronics,7,1125,347,316,57,255,13,2.21,6.0,39.0,0.0753,356902.0,NO
V3322,Vendor_102_Corp,Electronics,9,2741,351,211,150,305,20,4.03,2.0,19.0,0.0191,142459.0,High
V4639,Vendor_202_LLC,Electronics,28,2231,514,465,168,174,9,4.73,1.0,1.0,0.1915,497844.0,1
V8951,Vendor_323_Corp,Food & Beverage,25,1347,1062,187,276,945,-5,2.89,3.0,62.0,0.1608,337147.0,
V6038,Vendor_818_LLC,Textiles,24,3887,1768,1613,1035,214,15,2.73,7.0,32.0,Low,125335.0,High
V3649,Vendor_353_LLC,Packaging,12,4675,2145,1436,1460,1911,1,3.96,8.0,44.0,0.0622,160996.0,NO
V1135,Vendor_848_Inc,Machinery,30,4315,2456,807,885,2104,29,3.23,5.0,57.0,0.237,331563.0,1
V5441,Vendor_859_Co,IT Hardware,10,1267,440,374,10,368,2,4.94,9.0,59.0,0.1854,445317.0,low
V1245,Vendor_168_LLC,Machinery,10,1730,715,145,647,618,23,4.24,7.0,39.0,0.2663,152421.0,Low
V2483,Vendor_833_Co,Automotive,15,3633,674,284,652,323,22,2.1,9.0,65.0,0.0912,260440.0,Low
V6883,Vendor_416_Inc,Automotive,9,4374,3908,237,2593,497,3,2.41,4.0,56.0,0.2154,154878.0,YES
V1041,Vendor_995_LLC,Machinery,16,4377,1123,627,1031,653,4,2.91,5.0,60.0,0.2207,,1
V3612,Vendor_631_Ltd,Machinery,27,4734,1079,966,1074,991,26,4.1,5.0,21.0,0.2417,298472.0,Low
V2354,Vendor_859_Inc,Food & Beverage,29,3586,712,479,317,685,2,4.68,9.0,26.0,0.0502,207127.0,0
V6455,Vendor_317_Ltd,Raw Materials,2,4657,806,726,556,782,14,3.5,8.0,51.0,0.2614,198987.0,low
V3513,Vendor_986_Ltd,Textiles,18,2868,2154,1540,1349,997,15,3.99,5.0,11.0,0.2973,127576.0,High
V9261,Vendor_579_Inc,Machinery,26,4305,4046,3642,3844,549,4,-1.0,8.0,33.0,0.2156,8384.0,NO
V9110,Vendor_999_Co,Machinery,7,4418,100,93,100,58,25,3.28,3.0,53.0,0.0191,364196.0,NO
V9732,Vendor_496_Inc,IT Hardware,23,4677,2746,606,2687,1313,22,2.4,5.0,72.0,0.0604,319494.0,0
V2986,Vendor_297_Co,Electronics,23,808,540,486,366,438,2,2.08,8.0,37.0,0.1505,90944.0,High Risk
V6864,Vendor_381_Ltd,IT Hardware,19,1373,567,329,439,84,17,4.57,5.0,34.0,0.2068,54106.0,High Risk
V7106,Vendor_134_Ltd,Office Supplies,10,1701,817,383,344,569,13,3.25,4.0,67.0,0.2186,478899.0,1
V1669,Vendor_130_Corp,Textiles,20,2388,438,170,33,229,25,Excellent,3.0,55.0,0.154,182512.0,0
V8951,Vendor_112_Co,Food & Beverage,26,3808,3024,626,252,1674,12,2.87,3.0,23.0,0.272,8750.0,1
V8277,Vendor_112_Inc,Textiles,11,4403,318,266,299,113,21,2.67,8.0,30.0,0.1238,249701.0,High
V3535,Vendor_586_LLC,Machinery,5,3045,1716,602,1302,503,27,3.75,10.0,49.0,0.0164,450918.0,1
V3418,Vendor_599_Co,IT Hardware,23,4105,686,493,434,21,7,4.19,2.0,55.0,0.0813,450734.0,1
V6101,Vendor_205_Ltd,Raw Materials,22,2105,1689,1637,1588,1604,13,3.14,5.0,44.0,High,266362.0,1
V6595,Vendor_182_Corp,Food & Beverage,28,742,434,107,270,71,27,2.42,4.0,7.0,0.0577,425253.0,1 
V7405,Vendor_720_Inc,Textiles,4,3202,1578,194,1456,585,9,4.87,7.0,54.0,0.1934,332925.0,YES
V3610,Vendor_610_Ltd,Raw Materials,26,4040,1382,528,216,1061,4,2.9,9.0,13.0,0.1148,194511.0,High Risk
V1824,Vendor_868_Inc,Machinery,16,781,390,284,264,22,18,4.3,10.0,28.0,0.0202,197837.0,Low Risk
V8808,Vendor_364_Co,IT Hardware,12,854,207,82,168,150,13,2.8,6.0,20.0,0.1475,391385.0,1
V7729,Vendor_919_Inc,Automotive,25,4812,1476,252,1152,211,2,3.17,4.0,66.0,0.1114,174888.0,NO
V6360,Vendor_532_Co,Raw Materials,25,2954,926,442,0,409,11,2.78,1.0,67.0,0.2912,192127.0,YES
V3223,Vendor_488_Co,Textiles,2,299,83,1,14,77,28,2.33,4.0,65.0,0.1065,362569.0,Low
V9847,Vendor_635_Ltd,Raw Materials,17,732,560,559,102,158,25,2.4,1.0,63.0,0.0021,211653.0,
V9986,Vendor_179_Co,Food & Beverage,4,861,819,15,497,817,2,3.85,7.0,68.0,0.096,158911.0,1 
V3062,Vendor_208_Ltd,Raw Materials,22,1274,549,530,255,299,4,,3.0,26.0,0.0369,282988.0,YES
V4050,Vendor_336_Corp,Machinery,8,4206,3291,927,1488,1523,28,4.9,9.0,54.0,0.0528,266844.0,Low
V1215,Vendor_544_Inc,Machinery,15,803,733,698,410,370,12,3.68,8.0,5.0,0.2207,273554.0,High
V8892,Vendor_848_Co,Office Supplies,21,4876,3871,2196,35,1725,9,3.27,6.0,26.0,,78303.0,0
V4423,Vendor_611_LLC,Chemicals,23,1255,1068,656,206,254,29,2.3,2.0,49.0,0.0464,18509.0,High
V2036,Vendor_297_Co,Machinery,11,3468,457,239,56,194,17,2.31,8.0,65.0,0.0284,408996.0,Low
V4657,Vendor_242_Corp,Automotive,3,922,25,23,8,7,19,3.27,1.0,12.0,0.0656,265951.0,Low Risk
V9494,Vendor_245_Inc,Textiles,18,1146,834,433,373,149,11,2.79,10.0,22.0,0.2966,262126.0,YES
V3260,Vendor_921_Ltd,Textiles,30,2020,310,271,215,116,14,4.69,9.0,47.0,0.2831,233038.0,0
V4568,Vendor_215_LLC,Textiles,11,2457,813,369,53,682,1,2.5,5.0,16.0,0.1187,128448.0,0
V4543,Vendor_223_Co,Raw Materials,3,3750,1030,523,531,362,9,2.17,8.0,32.0,0.0291,327366.0,1
V2391,Vendor_840_Corp,Chemicals,28,948,23,11,9,3,-5,3.97,1.0,,0.1733,132289.0,high
V9453,Vendor_121_Ltd,Electronics,9,1373,940,562,666,436,6,3.95,4.0,46.0,0.2711,240394.0,
V1986,Vendor_162_Co,Office Supplies,11,714,609,386,313,26,14,4.03,4.0,43.0,0.2782,344290.0,high
V6656,Vendor_563_Ltd,Automotive,17,3474,1135,111,129,763,27,2.37,9.0,69.0,0.2698,237966.0,Low Risk
V8273,Vendor_747_LLC,Chemicals,24,1527,1041,137,180,495,22,4.04,8.0,21.0,0.2343,240892.0,NO
V1874,Vendor_255_LLC,Packaging,3,3013,1826,891,241,230,10,2.89,5.0,,0.0891,483313.0,1
V6148,Vendor_660_Corp,Raw Materials,28,3184,209,121,85,6,26,4.22,3.0,68.0,0.0569,47589.0,1
V9641,Vendor_108_Inc,Office Supplies,20,4192,2047,1034,1993,168,18,3.15,1.0,24.0,0.0103,130635.0,High
V8981,Vendor_869_Inc,Food & Beverage,16,3306,887,219,593,341,17,3.8,8.0,64.0,0.2155,203530.0,1
V4848,Vendor_933_Co,Raw Materials,17,2748,2381,1062,107,109,26,2.06,7.0,39.0,,196152.0,NO
V6995,Vendor_146_Ltd,Electronics,19,3540,548,270,374,412,18,2.58,9.0,37.0,0.0221,265375.0,low
V5991,Vendor_516_Inc,Food & Beverage,15,2115,1313,1306,1028,542,23,4.84,4.0,58.0,0.0334,104557.0,High
V7439,Vendor_495_Co,Automotive,13,3586,1518,1155,967,554,26,2.19,4.0,36.0,0.0379,93842.0,Low
V4835,Vendor_325_Corp,Food & Beverage,16,1810,1590,337,1074,310,16,4.59,7.0,38.0,0.2252,337403.0,1
V4307,Vendor_265_Corp,Electronics,15,4167,561,551,434,532,24,2.61,7.0,43.0,0.2664,123334.0,low
V6070,Vendor_890_Co,Food & Beverage,26,1079,657,206,254,169,2,3.37,4.0,3.0,0.1188,223995.0,High Risk
V9870,Vendor_955_Corp,Automotive,30,308,216,173,0,115,27,3.39,10.0,63.0,0.0143,137219.0,Low
V1448,Vendor_244_Inc,Raw Materials,5,1225,457,290,27,421,25,2.34,8.0,43.0,0.2575,454152.0,Low
V4647,Vendor_576_Corp,Textiles,16,3546,2985,1058,1592,1759,21,2.98,7.0,39.0,0.0871,111378.0,YES
V8104,Vendor_488_Corp,,8,4199,1343,859,314,647,3,2.81,9.0,15.0,0.2052,214270.0,1
V9375,Vendor_716_Inc,Raw Materials,16,3333,2122,616,1756,1409,24,2.5,6.0,18.0,0.2047,97765.0,1
V7472,Vendor_896_Co,Chemicals,10,2484,2194,1244,2151,1454,11,2.24,5.0,23.0,0.0354,193927.0,high risk
V7021,Vendor_923_Ltd,Packaging,9,3500,1847,957,885,837,13,2.07,8.0,30.0,0.0797,40787.0,Low
V9365,Vendor_916_Inc,Chemicals,24,1722,1505,616,23,602,12,3.05,1.0,21.0,0.1111,391594.0,low
V3383,Vendor_707_Inc,Packaging,22,2363,930,233,794,734,15,3.58,8.0,37.0,0.2634,29202.0,High
V6775,Vendor_302_LLC,Textiles,15,3295,648,366,47,337,20,3.82,5.0,,0.2027,369549.0,High Risk
V8929,Vendor_223_Co,IT Hardware,13,19,5,5,3,5,3,2.89,10.0,37.0,0.1869,450371.0,High Risk
V5199,Vendor_385_LLC,Raw Materials,13,863,344,100,320,200,6,2.66,1.0,32.0,0.0019,162468.0,YES
V8715,Vendor_220_Co,Textiles,3,2096,1469,1092,1039,14,26,4.67,5.0,17.0,0.0534,469122.0,1
V5812,Vendor_188_Inc,Packaging,28,203,43,5,17,18,19,3.27,5.0,30.0,,349957.0,YES
V9311,Vendor_585_Co,Raw Materials,21,3264,2080,304,708,1307,21,4.69,1.0,17.0,0.103,257324.0,0
V7352,Vendor_240_Inc,Food & Beverage,20,988,860,489,684,346,20,2.83,5.0,32.0,0.0589,59306.0,low
V2361,Vendor_301_Inc,Textiles,12,74,36,13,21,9,7,4.73,7.0,60.0,,446593.0,0
V8528,Vendor_944_Ltd,IT/IS,22,1232,813,275,647,316,15,4.34,8.0,46.0,0.1144,73629.0,NO
V1212,Vendor_487_Ltd,Food & Beverage,17,1961,1391,26,428,855,16,2.33,3.0,35.0,0.2279,248542.0,YES
V7660,Vendor_631_Corp,Food & Beverage,5,1123,372,158,331,233,11,3.41,10.0,,0.1069,332598.0,1
V8868,Vendor_337_Inc,Raw Materials,11,611,133,28,99,80,22,4.82,10.0,49.0,0.0144,203065.0,high
V8440,Vendor_147_LLC,Packaging,2,4199,3577,2708,1244,2488,14,3.47,8.0,66.0,0.1843,453068.0,High Risk
V4202,Vendor_484_Inc,Office ,20,1394,252,93,182,166,2,3.78,1.0,14.0,0.1961,11350.0,0
V3382,Vendor_219_Ltd,Automotive,11,3864,841,412,748,302,23,4.97,8.0,21.0,0.2575,270911.0,NO
V7381,Vendor_415_Ltd,Office Supplies,21,3789,3362,2021,2615,1902,1,3.15,,6.0,0.2753,2920.0,0
V7341,Vendor_675_Ltd,Raw Materials,16,1473,128,10,82,75,15,4.41,4.0,8.0,0.2345,248596.0,Low Risk
V5747,Vendor_738_Co,Office Supplies,10,1215,955,697,153,535,16,2.86,5.0,2.0,0.1362,114941.0,High
V6571,Vendor_114_Inc,Textiles,15,2639,1505,1398,761,814,13,3.09,6.0,5.0,0.1035,230172.0,0
V3539,Vendor_767_Inc,Food & Beverage,24,2936,879,317,163,435,999,2.0,4.0,40.0,0.2811,81414.0,
V9126,Vendor_968_Co,Machinery,20,4872,3788,3759,12,3549,26,2.62,2.0,31.0,0.0384,160378.0,0
V6319,Vendor_398_LLC,Textiles,5,2762,1595,335,215,1519,27,3.24,2.0,68.0,0.1616,434800.0,YES
V8418,Vendor_140_Co,IT Hardware,27,1462,1044,1024,749,593,1,3.24,10.0,71.0,0.0341,297823.0,
V2746,Vendor_,IT Hardware,9,1692,1408,646,837,741,9,4.56,7.0,47.0,0.1836,357833.0,high
V3955,Vendor_314_Ltd,Machinery,27,4453,3442,1457,2860,2264,30,2.1,7.0,17.0,0.1357,238759.0,YES
V9444,Vendor_449_LLC,Office Supplies,29,1714,8,3,0,2,27,3.39,8.0,50.0,0.129,294693.0,
V9185,Vendor_806_Ltd,Office Supplies,17,3838,200,12,50,34,1,3.03,9.0,60.0,0.1395,258397.0,low
V1542,Vendor_206_Co,Electronics,22,99,46,33,35,40,4,3.96,9.0,53.0,0.0679,7577.0,high
V4649,Vendor_620_Ltd,Office Supplies,3,4457,496,243,446,478,11,2.51,8.0,21.0,0.1548,38817.0,
V1792,Vendor_580_LLC,Office Supplies,8,4142,465,201,69,85,28,3.83,6.0,36.0,0.1387,239521.0,0
V9520,Vendor_363_Ltd,Packaging,22,439,62,14,25,49,22,4.13,5.0,,0.0178,327485.0,0
V4882,Vendor_304_Co,Food & Beverage,13,4915,4797,1260,4264,2802,11,3.9,8.0,48.0,0.1667,136167.0,0
V7619,Vendor_312_LLC,Packaging,12,3065,591,79,386,172,13,2.82,5.0,30.0,0.1138,461183.0,low
V9626,Vendor_138_Inc,IT Hardware,5,642,302,51,259,276,20,3.13,3.0,24.0,0.2494,405277.0,Low Risk
V1071,Vendor_463_Inc,Packaging,20,3842,1953,292,970,811,1,4.61,5.0,67.0,0.0619,8853.0,1
V8983,Vendor_548_Inc,Raw Materials,15,4782,410,78,334,45,9,2.56,1.0,39.0,0.0624,168005.0,0
V4168,Vendor_315_Ltd,Electronics,7,4792,581,203,528,495,10,4.2,5.0,40.0,0.0825,236171.0,High
V7923,Vendor_851_Co,Electronics,29,608,244,34,35,125,9,4.47,8.0,34.0,0.0894,473056.0,YES
V9486,Vendor_251_Co,Food & Beverage,3,1154,451,357,325,45,14,4.16,9.0,,0.2213,169738.0,1 
V4339,Vendor_567_Ltd,IT Hardware,15,2262,450,208,309,319,1,,4.0,22.0,0.173,206981.0,NO
V4766,Vendor_592_Corp,Machinery,4,2169,1968,1088,1313,1541,16,2.95,4.0,68.0,0.0048,98366.0,low
V6409,Vendor_776_Ltd,Chemicals,5,4499,4144,551,1256,3095,5,4.29,4.0,12.0,0.1851,145577.0,high
V7324,Vendor_335_Co,Office Supplies,16,3808,1442,1312,69,1104,15,4.15,10.0,72.0,0.0756,379617.0,1
V6085,Vendor_240_LLC,IT Hardware,25,1459,388,130,65,158,20,2.29,8.0,,0.0868,151926.0,0
V9645,Vendor_466_Inc,Packaging,29,49,1,1,0,1,4,2.55,10.0,61.0,0.135,154514.0,High Risk
V9140,Vendor_867_Ltd,Automotive,30,1589,53,38,47,4,18,4.71,7.0,1.0,0.002,110189.0,Low Risk
V9156,Vendor_752_Co,Chemicals,16,3666,2172,253,1883,102,6,4.72,6.0,18.0,0.1781,385190.0,low
V5367,Vendor_478_Inc,Machinery,4,4504,2633,1984,958,2167,2,3.09,7.0,56.0,0.1232,160727.0,
V5521,Vendor_766_Ltd,Electronics,7,33,18,6,18,13,3,2.27,2.0,30.0,0.291,323111.0,YES
V9606,Vendor_252_Co,Electronics,26,4062,2702,289,2476,2420,22,3.45,6.0,11.0,0.0985,141891.0,NO
V6939,Vendor_416_Co,Automotive,21,827,438,344,378,413,30,3.91,7.0,14.0,0.1534,164444.0,high
V3060,Vendor_515_Ltd,Electronics,19,4307,27,14,19,23,22,2.87,5.0,33.0,0.1368,477589.0,Low
V4657,Vendor_328_LLC,Packaging,17,1407,680,654,93,509,4,2.7,9.0,21.0,0.228,25577.0,1
V6177,Vendor_533_Corp,Packaging,17,748,433,254,414,48,15,3.72,6.0,17.0,0.0538,159451.0,1
V6573,Vendor_214_Inc,Textiles,6,948,698,549,273,656,15,2.01,5.0,65.0,0.2286,267171.0,1
V8571,Vendor_234_Inc,Raw Materials,21,220,142,72,51,48,26,3.35,10.0,6.0,0.184,493157.0,low
V5601,Vendor_413_Inc,Packaging,29,994,651,466,509,549,28,2.26,,5.0,0.0659,107176.0,high
V3631,Vendor_237_Co,Raw Materials,30,2871,317,165,205,312,21,2.6,10.0,,0.1886,209648.0,High Risk
V7777,Vendor_201_Ltd,Machinery,5,194,121,9,74,38,27,4.46,10.0,71.0,0.1326,478877.0,high
V2416,Vendor_495_Co,Packaging,14,3269,738,372,493,218,30,4.63,9.0,42.0,0.1688,365685.0,1
V5029,Vendor_778_Inc,Packaging,7,2816,2601,1070,1854,1118,15,4.88,6.0,3.0,0.2742,71110.0,YES
V8239,Vendor_278_Inc,Office Supplies,12,2873,804,582,235,591,30,4.35,7.0,24.0,0.1592,83127.0,low
V3111,Vendor_663_Corp,Office Supplies,3,3856,2276,1679,1860,1178,21,3.53,9.0,29.0,0.0068,117398.0,
V4752,Vendor_487_Inc,Raw Materials,28,4187,1800,67,934,1225,6,4.07,10.0,34.0,0.156,176723.0,NO
V3372,Vendor_343_Ltd,Raw Materials ,14,76,39,17,10,32,2,4.29,1.0,63.0,0.0445,441851.0,High Risk
V9072,Vendor_749_Ltd,IT Hardware,7,4456,3957,2017,169,1767,7,4.64,3.0,72.0,0.129,50951.0,
V5729,Vendor_269_LLC,IT Hardware,26,2715,489,65,102,395,28,4.1,5.0,21.0,0.1621,88986.0,1
V5414,Vendor_730_Ltd,Packaging,19,2483,1529,1377,362,1237,8,2.16,Good,52.0,0.074,17562.0,0
V2882,Vendor_916_Co,Food & Beverage,23,2200,1059,994,305,767,7,4.44,7.0,42.0,0.2975,234494.0,NO
V3074,Vendor_649_Inc,Chemicals,11,1133,1076,1030,415,568,11,4.26,1.0,,0.093,339153.0,0
V9660,Vendor_364_Inc,Chemicals,2,3774,2568,268,276,2038,2,2.47,8.0,34.0,0.2322,316821.0,High
V1257,Vendor_786_Ltd,Food & Beverage,9,2317,1065,388,614,918,27,6.0,2.0,56.0,0.1832,459136.0,high
V1802,Vendor_474_Inc,Office Supplies,26,2217,2095,933,1317,1513,19,3.13,1.0,71.0,0.2143,328688.0,low
V4250,Vendor_176_LLC,Machinery,18,4571,1457,1382,1266,219,13,4.27,8.0,,0.2448,256822.0,High
V3269,Vendor_693_Inc,Food & Beverage,24,3673,1761,777,502,1293,16,2.51,10.0,Slow,0.1039,408080.0,1
V5950,Vendor_243_Inc,Packaging,17,747,735,197,623,467,29,3.61,9.0,19.0,0.0386,232330.0,NO
V4958,Vendor_170_Ltd,IT Hardware,15,586,112,61,29,76,29,4.1,5.0,54.0,0.2541,90478.0,low
V7921,Vendor_660_Inc,Packaging,3,2903,1900,44,93,217,21,2.44,5.0,8.0,0.0522,273195.0,
V6840,Vendor_417_Inc,IT Hardware,16,2606,403,387,70,76,-1,4.04,1.0,50.0,0.072,497322.0,High
V4964,Vendor_256_Co,Textiles,9,954,463,198,109,443,2,4.76,3.0,13.0,0.1529,301292.0,Low
V2535,Vendor_188_Inc,Machinery,10,673,433,340,383,194,1,,6.0,19.0,0.2302,73783.0,high
V4612,Vendor_752_Inc,Chemicals,1,3378,2568,588,206,1508,29,3.49,,37.0,0.1172,31504.0,NO
V9694,Vendor_844_LLC,Textiles,24,4507,247,149,155,208,6,3.28,6.0,54.0,0.253,19451.0,High
V9599,Vendor_448_Inc,Food & Beverage,30,4847,4312,402,3703,1531,17,4.29,5.0,10.0,0.0074,316895.0,low
V8772,Vendor_241_Inc,Office Supplies,4,4712,3173,1669,1561,2852,10,3.07,7.0,33.0,0.1499,97765.0,High
V5064,Vendor_906_Inc,Packaging,13,2120,632,172,40,462,5,,3.0,33.0,0.1729,439403.0,Low
V6421,Vendor_655_Ltd,Textiles,2,1261,438,32,212,208,365,4.5,7.0,3.0,0.257,402392.0,Low Risk
V6078,Vendor_378_Corp,Office Supplies,1,2817,5,3,1,0,10,3.32,7.0,32.0,0.1785,95810.0,High
V9826,Vendor_458_Co,Packaging,4,3421,2814,2269,999,2735,6,3.92,10.0,3.0,0.1244,25347.0,0
V5263,Vendor_596_Co,Machinery,29,2987,100,73,48,30,10,3.59,2.0,35.0,0.119,397993.0,YES
V9222,Vendor_713_Co,Raw Materials,24,2783,2120,304,793,18,16,3.86,2.0,16.0,0.2549,369049.0,Low
V2185,Vendor_482_Corp,Packaging,30,4042,2277,722,1666,1358,17,3.78,4.0,45.0,0.0176,411924.0,YES
V7505,Vendor_183_Ltd,Food & Beverage,14,2755,573,37,5,290,13,3.53,9.0,36.0,0.2399,351183.0,Low
V2654,Vendor_797_Corp,IT Hardware,28,896,44,40,35,21,15,4.94,7.0,53.0,0.274,148132.0,Low Risk
V4992,Vendor_240_Co,Machinery,4,2362,45,33,44,25,14,3.64,3.0,49.0,0.1645,389357.0,0
V5576,Vendor_552_LLC,IT Hardware,24,4451,4211,920,2967,686,29,3.73,6.0,29.0,0.1393,478052.0,YES
V8240,Vendor_156_Inc,IT Hardware,21,3101,1283,133,261,126,14,2.2,1.0,72.0,0.0157,446607.0,high
V2972,Vendor_812_LLC,Electronics,13,175,157,62,96,118,4,4.98,7.0,14.0,0.0943,131009.0,YES
V4503,Vendor_361_Ltd,Automotive,13,4610,216,61,156,156,6,2.15,8.0,44.0,0.2906,497895.0,1
V6976,Vendor_508_Ltd,Textiles,7,2891,2330,2114,873,1182,16,2.52,4.0,,0.0143,169353.0,YES
V5293,Vendor_833_LLC,Food & Beverage,5,1098,930,335,436,118,2,2.24,1.0,9.0,0.0337,169390.0,YES
V4428,Vendor_807_Corp,Office Supplies,17,2217,1335,1268,42,967,6,2.22,2.0,10.0,0.0547,162778.0,YES
V4817,Vendor_551_LLC,Office Supplies,1,1998,1492,533,170,159,30,3.99,3.0,17.0,0.0096,-1000.0,low
V6272,Vendor_878_Co,Textiles,7,1091,296,33,284,148,19,2.85,6.0,38.0,0.2646,299396.0,High Risk
V4750,Vendor_928_Corp,Food & Beverage,11,4552,2761,1506,803,2165,21,-5.0,1.0,43.0,0.1226,41988.0,High
V3938,Vendor_711_LLC,Packaging,23,3674,3587,1711,2912,2016,1,,10.0,28.0,0.0772,460976.0,High
V8820,Vendor_332_Co,Packaging,5,4928,445,109,42,22,1,2.65,4.0,36.0,0.0284,110817.0,Low
V8046,Vendor_893_Corp,Textiles,18,1881,1677,1106,358,258,13,3.89,9.0,53.0,0.1264,1384.0,
V8246,Vendor_592_Ltd,Electronics,4,3756,1363,706,345,1177,-5,3.08,5.0,1.0,0.1539,59147.0,NO
V1581,Vendor_364_Inc,Electronics,5,2556,2205,338,873,289,12,4.32,10.0,52.0,0.0665,97036.0,1
V3911,Vendor_463_Ltd,Machinery ,26,2542,1295,468,926,729,10,4.03,9.0,69.0,0.0439,449826.0,Low
V6748,Vendor_563_Corp,Packaging,7,1570,651,75,572,497,27,2.54,10.0,32.0,0.1129,117003.0,YES
V3146,Vendor_180_Inc,Raw Materials,12,2267,701,132,549,579,12,3.52,2.0,46.0,0.0594,,low
V1367,Vendor_249_Ltd,Textiles,15,2265,1003,843,674,886,21,3.86,10.0,16.0,0.2013,67591.0,High
V5220,Vendor_781_Ltd,Raw Materials,22,1322,668,392,287,225,5,99.0,8.0,12.0,0.2387,175483.0,1
V9041,Vendor_558_Corp,Raw Materials,10,4558,1968,1414,975,1322,8,3.21,4.0,40.0,0.1992,194472.0,low
V2098,Vendor_380_LLC,Food & Beverage,17,1232,594,552,511,314,12,4.65,,33.0,0.0326,385834.0,Low Risk
V5981,Vendor_796_Inc,Machinery,21,1601,1530,865,441,519,20,2.77,9.0,49.0,0.2242,377821.0,1
V7414,Vendor_566_Corp,Machinery,23,709,75,8,61,27,17,3.28,6.0,51.0,0.2874,243753.0,high
V2265,Vendor_422_LLC,IT Hardware,8,3361,1681,677,1063,1342,13,2.47,4.0,31.0,0.2806,111535.0,
V3916,Vendor_168_Ltd,Packaging,3,3295,2113,1356,470,1688,15,2.31,6.0,19.0,0.1887,156751.0,Low
V7031,Vendor_679_Inc,IT Hardware,1,3064,245,142,172,30,10,2.72,6.0,3.0,0.1318,440448.0,1
V6368,Vendor_960_LLC,Electronics,16,2998,2724,2648,136,1347,2,2.61,1.0,3.0,0.1984,440885.0,YES
V5732,Vendor_419_Co,Packaging,18,2366,743,308,233,549,25,4.29,9.0,55.0,0.1647,107624.0,1
V1770,Vendor_516_Inc,Textiles,7,1080,1030,191,855,687,1,4.05,1.0,45.0,0.2146,312883.0,1
V2811,Vendor_742_Ltd,IT Hardware,11,3602,342,204,145,118,30,4.42,9.0,8.0,0.0181,216242.0,High Risk
V5751,Vendor_958_Corp,Office Supplies,8,1423,1138,653,1116,455,7,4.81,7.0,5.0,0.141,397188.0,0
V7087,Vendor_526_Corp,Automotive,9,2030,974,759,854,852,12,2.66,8.0,58.0,0.1445,261029.0,High Risk
V7493,Vendor_271_Co,Food & Beverage,21,980,87,66,37,63,9,3.72,5.0,58.0,0.2232,,
V7967,Vendor_277_LLC,Office Supplies,28,3026,1967,497,700,1824,26,4.55,8.0,64.0,0.1933,99999999.0,0
V6799,Vendor_523_LLC,Food & Beverage,12,2155,1431,622,1262,1098,15,3.42,8.0,60.0,0.1659,104046.0,0
V8952,Vendor_741_Ltd,Textiles,25,4180,1502,893,1171,222,18,3.93,3.0,,0.2952,436888.0,High
V2331,Vendor_843_Ltd,Office Supplies,13,3490,874,817,481,867,23,4.94,9.0,68.0,0.1487,18021.0,high
V9642,Vendor_521_Corp,Textiles,29,3338,1664,1497,900,1504,8,4.39,9.0,51.0,0.0623,281043.0,1
V9076,Vendor_512_Corp,Food & Beverage,1,1583,520,7,125,92,13,2.31,1.0,15.0,0.0311,66914.0,low
V6444,Vendor_100_Ltd,Electronics,20,3089,283,140,1,282,2,99.0,4.0,49.0,0.0164,,1
V2381,Vendor_969_LLC,Automotive,18,1190,893,222,65,14,2,3.68,7.0,21.0,0.1807,392566.0,NO
V7370,Vendor_902_Ltd,Raw Materials,22,2773,1862,1348,1122,1703,18,2.2,4.0,47.0,0.0424,429650.0,low
V9804,Vendor_788_Ltd,Chemicals,21,825,577,216,451,20,2,2.52,6.0,57.0,0.2509,443080.0,0
V7126,Vendor_732_Corp,Electronics,8,4051,3476,2625,497,3453,2,4.48,3.0,14.0,0.2981,452615.0,NO
V8064,Vendor_230_LLC,Food & Beverage,14,3618,575,519,102,197,15,3.73,8.0,6.0,0.288,177967.0,High
V4562,Vendor_860_Ltd,Automotive,10,690,21,18,19,19,18,4.15,7.0,41.0,0.0487,,0
V9654,Vendor_616_Co,Chemicals,28,1544,328,213,20,6,30,3.98,10.0,11.0,0.0604,141189.0,Low Risk
V3546,Vendor_747_Ltd,Chemicals,12,517,488,460,218,189,25,3.22,1.0,9.0,0.103,83017.0,high
V1232,Vendor_280_LLC,Machinery,27,3156,476,49,131,444,21,3.02,10.0,54.0,0.0035,484230.0,Low
V2953,Vendor_160_Ltd,Packaging,13,689,52,49,36,52,30,3.91,5.0,23.0,0.1401,20031.0,0
V6370,Vendor_307_Corp,Machinery,24,2674,1202,929,220,669,6,3.1,4.0,54.0,0.1428,444482.0,
V1442,Vendor_475_Ltd,IT Hardware,12,4830,1224,917,516,759,22,3.57,7.0,11.0,0.2719,464984.0,high
V6816,Vendor_189_Inc,Automotive,10,3755,2457,1224,2378,178,17,4.72,9.0,17.0,0.2678,266590.0,NO
V2458,Vendor_772_LLC,Packaging,12,4694,4474,1636,4109,3737,13,4.87,10.0,56.0,0.292,130731.0,YES
V3996,Vendor_254_Corp,Raw Materials,13,3145,702,312,277,427,365,3.28,4.0,31.0,0.1805,-10000.0,Low
V1083,Vendor_590_Ltd,Automotive,14,2590,2473,2183,1041,507,27,2.14,10.0,54.0,0.1592,430062.0,high
V3687,Vendor_465_Corp,IT Hardware,10,1488,789,81,709,290,21,3.53,8.0,44.0,0.2641,201540.0,NO
V1047,Vendor_899_Ltd,Textiles,8,282,66,9,5,48,27,2.89,4.0,27.0,0.084,218641.0,0
V4705,Vendor_686_LLC,Office Supplies,2,812,178,37,49,117,7,3.91,8.0,48.0,0.007,337582.0,Low
V4553,Vendor_160_Ltd,Electronics,13,2145,57,39,12,2,26,3.18,1.0,31.0,0.2966,331835.0,low
V5581,Vendor_167_Corp,Automotive,5,1566,105,97,104,11,30,N/A,1.0,56.0,0.208,408926.0,high
V9024,Vendor_828_Ltd,IT Hardware,25,1673,1292,7,803,731,6,2.23,3.0,45.0,0.1173,433460.0,
V9471,Vendor_520_Co,Machinery,2,3670,339,282,214,299,4,3.33,7.0,23.0,0.1217,321542.0,YES
V4505,Vendor_194_Inc,Automotive,10,986,665,590,199,31,25,4.33,6.0,,0.0196,458506.0,
V7013,Vendor_104_Corp,Chemicals,14,1861,644,5,149,546,17,3.83,8.0,28.0,0.1054,360291.0,high
V3158,Vendor_288_Inc,Office Supplies,3,450,74,28,38,37,21,3.19,3.0,44.0,0.0543,478820.0,Low Risk
V8683,Vendor_600_Ltd,Food & Beverage,23,4472,1443,65,209,1104,3,2.49,10.0,35.0,0.2772,133269.0,NO
V9345,Vendor_508_Co,Office Supplies,5,205,34,8,9,31,20,2.48,1.0,6.0,0.0746,360276.0,NO
V8404,Vendor_503_Co,Office Supplies,8,865,805,88,64,231,20,4.82,1.0,25.0,0.2151,138583.0,Low Risk
V2636,Vendor_681_Corp,Office Supplies,10,4987,332,71,185,47,365,2.84,2.0,25.0,0.2968,371114.0,1
V6728,Vendor_470_Co,Packaging,19,786,85,52,43,74,30,2.77,2.0,32.0,0.1499,-10000.0,1
V7208,Vendor_770_Corp,Packaging,30,1452,536,103,21,140,7,2.92,4.0,48.0,0.2428,347506.0,0
V1249,Vendor_218_Corp,Machinery,3,1144,574,66,224,16,10,3.27,,24.0,0.0251,131198.0,low
V2986,Vendor_969_Corp,Food & Beverage,28,688,175,144,41,58,17,2.86,7.0,44.0,0.114,54273.0,low
V8468,Vendor_481_LLC,Automotive,7,969,152,76,127,150,16,3.0,3.0,63.0,0.19,219467.0,0
V2021,Vendor_421_Corp,Automotive,9,3447,3416,489,229,1816,28,2.58,10.0,3.0,0.0998,353316.0,Low
V9821,Vendor_278_Inc,Packaging,11,4970,1629,1181,1179,1330,22,3.53,8.0,11.0,0.1143,151220.0,low
V4744,Vendor_130_LLC,Food & Beverage,17,3193,2537,1977,1051,1084,20,4.85,2.0,59.0,0.2178,162520.0,Low
V1696,Vendor_760_Co,IT Hardware,21,1290,564,426,364,101,28,2.47,1.0,22.0,0.232,13606.0,YES
V3907,Vendor_905_LLC,Office Supplies,21,3447,2003,926,458,1224,11,2.35,3.0,54.0,0.2337,355452.0,1
V6442,Vendor_745_Corp,Raw Materials,20,4599,2746,1794,708,940,9,3.38,8.0,63.0,0.1713,73162.0,high
V5842,Vendor_799_Corp,Raw Materials,28,2548,2100,751,1129,1709,17,3.57,4.0,35.0,0.1204,24938.0,NO
V6109,Vendor_584_Ltd,Raw Materials,2,3130,317,197,313,17,5,4.9,,47.0,0.0791,44276.0,Low Risk
V5727,Vendor_946_LLC,Textiles,2,3449,1271,101,320,738,2,3.24,9.0,24.0,0.0502,273969.0,High
V8414,Vendor_758_Corp,Food & Beverage,27,1854,1732,1526,343,871,22,4.0,4.0,23.0,0.2753,403634.0,Low
V3109,Vendor_614_Co,Chemicals,3,4059,2188,290,247,1410,14,4.44,9.0,55.0,0.2393,39619.0,High Risk
V3442,Vendor_658_Corp,Packaging,19,3513,2297,39,458,308,18,2.44,,6.0,0.0925,472325.0,
V2229,Vendor_736_LLC,Food & Beverage,20,4291,822,669,272,253,15,4.87,2.0,59.0,0.2755,365271.0,1
V8247,Vendor_680_Inc,Electronics,23,1723,502,302,167,157,13,4.91,6.0,28.0,0.0291,426538.0,Low
V4095,Vendor_799_Ltd,Electronics,27,4348,1094,222,2,28,25,4.25,1.0,58.0,0.014,129957.0,low
V5610,Vendor_647_Inc,Chemicals,9,555,22,20,3,20,23,4.76,10.0,32.0,0.0324,305486.0,YES
V4018,Vendor_927_Corp,Machinery,25,2963,582,555,428,190,12,4.22,1.0,39.0,0.0048,19263.0,High
V7694,Vendor_882_Corp,Chemicals,14,1136,335,98,115,16,8,4.23,4.0,27.0,0.0198,487069.0,low
V5955,Vendor_240_Corp,Raw Materials,1,2493,1042,526,779,533,14,3.33,10.0,6.0,0.2854,110454.0,YES
V9610,Vendor_305_Inc,Textiles,7,3207,2456,173,1224,2107,10,3.47,7.0,71.0,0.1932,31638.0,1
V4688,Vendor_811_Inc,Automotive,6,74,56,29,56,30,22,2.51,2.0,40.0,0.1208,352528.0,
V9561,Vendor_368_Inc,Machinery,15,778,300,113,233,258,2,3.19,7.0,11.0,0.1627,237649.0,YES
V4902,Vendor_337_Corp,IT Hardware,1,2891,793,351,447,59,8,3.24,9.0,6.0,0.2973,8811.0,NO
V1699,Vendor_509_Inc,Raw Materials,20,3721,2457,380,2109,1453,15,4.09,4.0,17.0,0.0072,208160.0,0
V7012,Vendor_699_Co,Textiles,13,2081,327,106,325,44,14,3.32,7.0,9.0,0.1701,493159.0,high
V4109,Vendor_681_Co,Machinery,24,4441,4008,716,464,2665,1,4.76,1.0,4.0,0.2431,225422.0,YES
V8226,Vendor_529_Inc,Textiles,16,4330,1369,165,970,1268,1,4.32,6.0,64.0,0.2392,472971.0,0
V2064,Vendor_264_Inc,Office Supplies,16,2279,2160,694,1822,708,15,2.07,4.0,71.0,0.0137,43467.0,NO
V6803,Vendor_938_Ltd,IT Hardware,29,4562,627,563,592,562,4,3.97,3.0,11.0,0.0797,210829.0,High Risk
V8690,Vendor_176_Ltd,Raw Materials,16,2117,777,734,353,738,1,4.81,10.0,61.0,0.2309,263022.0,0
V9474,Vendor_541_Ltd,Chemicals,4,2559,1692,862,1637,560,13,2.69,,17.0,0.0116,120529.0,1
V9825,Vendor_109_LLC,Machinery,11,3165,1049,938,600,763,12,4.15,4.0,59.0,0.0647,238292.0,
V9745,Vendor_714_LLC,Raw Materials,19,4401,3434,2739,442,2850,5,3.76,2.0,66.0,0.0398,342349.0,1
V3269,Vendor_773_Co,Electronics,27,4944,2963,2663,999,2130,27,6.0,1.0,45.0,0.288,466191.0,YES
V8719,Unknown,Raw Materials,7,1789,1133,278,440,420,28,4.92,3.0,62.0,0.0212,186365.0,1
V1852,Vendor_713_LLC,Textiles,6,1316,794,207,257,200,1,4.44,9.0,18.0,0.0755,59419.0,
V9742,Vendor_885_LLC,Machinery,10,1135,445,52,183,206,6,3.63,1.0,17.0,0.0443,381909.0,NO
V9182,Vendor_206_Inc,Electronics,22,2324,180,78,26,78,17,4.58,9.0,60.0,0.1464,303191.0,
V4323,Vendor_443_LLC,Office Supplies,20,764,93,51,21,45,27,2.68,,51.0,0.0501,464866.0,Low Risk
V8511,Vendor_408_Inc,Raw Materials,4,4318,243,93,12,177,11,2.53,8.0,10.0,0.2915,389342.0,low
V1241,Vendor_686_Ltd,Machinery,24,1836,902,694,110,406,2,3.11,2.0,40.0,0.1773,478139.0,0
V7687,Vendor_214_LLC,Food & Beverage,24,661,243,186,15,148,8,2.88,9.0,43.0,0.2474,423215.0,Low Risk
V8828,Vendor_182_Inc,Raw Materials,23,3559,2222,1120,174,833,23,3.93,8.0,3.0,0.15,420516.0,High
V9242,Vendor_967_Corp,Packaging,7,666,506,117,196,75,22,4.71,3.0,,0.0577,22682.0,0
V1638,Vendor_440_Inc,Chem,4,3452,2907,1213,2019,2754,26,4.86,10.0,52.0,0.0353,394366.0,NO
V5066,Vendor_250_Inc,IT Hardware,4,4394,2999,2372,1573,2608,10,2.06,9.0,40.0,,416392.0,1
V9372,Vendor_882_Co,Electronics,6,131,28,11,19,22,1,4.17,4.0,53.0,0.25,156533.0,
V1202,Vendor_956_Co,Automotive,22,3722,1970,1314,336,1001,4,2.04,2.0,15.0,0.2406,446907.0,high
V2048,Vendor_739_Ltd,Electronics,21,4384,4168,3006,1348,2115,17,,6.0,72.0,0.2335,460102.0,Low
V2858,Vendor_660_LLC,Textiles,29,1669,524,15,58,446,14,3.07,7.0,71.0,0.2157,21519.0,low
V8567,Vendor_404_LLC,IT Hardware,25,657,468,109,63,66,26,4.77,9.0,15.0,0.2418,23090.0,NO
V6689,Vendor_626_Ltd,Office Supplies,9,3434,167,28,9,158,10,2.19,2.0,11.0,0.2289,497576.0,Low Risk
V5185,Vendor_361_Co,Raw Materials,9,1019,445,384,318,427,24,2.92,1.0,8.0,0.2239,143464.0,0
V6534,Vendor_323_LLC,Packaging,22,11,6,2,3,5,12,4.51,8.0,27.0,0.1668,152017.0,0
V6996,Vendor_938_LLC,Machinery,15,630,39,34,1,7,9,4.51,4.0,42.0,0.1211,12102.0,0
V6453,Vendor_779_Corp,IT Hardware,7,2699,2466,1781,745,1858,9,3.13,4.0,67.0,0.1808,59133.0,0
V2559,Vendor_527_Co,IT Hardware,3,1336,751,386,614,451,15,4.66,6.0,38.0,0.2445,128097.0,1
V3258,Vendor_920_Corp,Food & Beverage,14,4682,3880,2051,1442,1460,21,3.13,2.0,11.0,0.0382,272186.0,High
V7988,Vendor_757_Corp,Automotive,5,2814,2126,1076,258,1496,4,2.68,8.0,15.0,0.0361,374657.0,High
V7381,Vendor_767_Co,Packaging,29,3104,2074,1547,1548,218,27,2.08,6.0,50.0,0.2826,220782.0,1
V8774,Vendor_370_Corp,Packaging,20,1128,994,201,841,802,5,Excellent,10.0,37.0,0.2454,37603.0,0
V3778,Vendor_514_Corp,Machinery,11,318,7,2,4,1,29,4.78,3.0,42.0,0.1917,331175.0,NO
V1394,Vendor_845_Corp,Electronics,6,1110,883,445,33,699,8,3.5,9.0,44.0,0.1396,349838.0,0
V8537,Vendor_732_Inc,Electronics,25,444,208,53,61,105,20,4.34,9.0,24.0,0.0377,32830.0,High
V1647,Vendor_841_Inc,Office Supplies,22,4458,1225,423,1093,848,2,4.68,10.0,7.0,0.2723,218922.0,No
V5216,Vendor_819_Inc,Office Supplies,8,3047,1861,1646,644,1657,11,3.11,9.0,60.0,0.0377,424764.0,Low
V4489,Vendor_427_Ltd,Food & Beverage,5,3994,1574,84,1488,1292,19,2.84,3.0,37.0,0.2457,91301.0,0
V1617,Vendor_663_Ltd,Electronics,26,3102,2913,2849,1096,863,10,2.45,,13.0,0.1193,74554.0,1
V3622,Vendor_428_Inc,Automotive,24,919,195,166,153,109,3,4.21,5.0,12.0,0.247,165237.0,0
V5723,Vendor_675_Inc,Electronics ,9,4808,4371,611,854,2699,1,2.01,2.0,24.0,0.2055,230081.0,NO
V8837,Vendor_670_LLC,Electronics,11,317,108,80,9,31,21,3.18,3.0,66.0,0.2394,380426.0,
V5211,Vendor_874_Co,Chemicals,5,3847,3143,1546,1745,1312,16,4.58,10.0,38.0,0.2942,362021.0,High
V4449,Vendor_501_Ltd,Packaging,23,4834,1584,593,624,322,24,4.45,10.0,40.0,0.0485,445604.0,0
V6876,Vendor_933_Ltd,Raw Materials,20,1209,127,75,52,8,28,4.03,9.0,29.0,0.2227,295267.0,high
V1899,Vendor_585_Ltd,Office Supplies,13,3286,1150,819,227,856,10,2.66,9.0,46.0,0.0031,301124.0,Low
V9862,Vendor_126_Corp,Food & Beverage,21,3553,3459,1364,175,2465,27,4.16,1.0,46.0,0.1252,484961.0,NO
V6034,Vendor_439_LLC,Food & Beverage,1,2335,1777,1609,884,590,21,3.46,,18.0,0.0333,185137.0,0
V5663,Vendor_427_Ltd,Textiles,17,2957,890,145,272,882,18,4.78,4.0,27.0,0.0963,205976.0,high
V9695,Vendor_465_Co,Food & Beverage,7,468,130,84,54,86,2,4.82,8.0,29.0,0.2236,351850.0,0
V6737,Vendor_512_Inc,Automotive,13,3512,2641,2219,1037,81,3,3.01,9.0,33.0,0.2303,180066.0,
V1864,Vendor_567_Co,Raw Materials,28,2911,2138,61,363,141,10,4.83,7.0,49.0,0.1331,199795.0,High Risk
V2656,Vendor_557_LLC,Food & Beverage,30,4953,1606,1161,93,1427,5,4.53,10.0,41.0,0.0809,414384.0,Low
V7711,Vendor_151_LLC,Food & Beverage,17,3827,3778,820,3003,1948,16,2.17,4.0,32.0,0.04,415961.0,1
V2304,Vendor_510_Corp,Food & Beverage,3,1092,699,58,267,416,7,2.55,2.0,36.0,,465207.0,
V5409,Vendor_667_Co,Raw Materials,8,246,104,81,29,2,25,3.66,3.0,39.0,0.1705,234823.0,1
V9691,Vendor_586_Co,Electronics,4,2728,1356,738,601,447,22,3.04,4.0,32.0,0.2877,358853.0,Low
V8119,Vendor_408_Co,Food & Beverage,22,542,289,242,18,174,4,4.53,3.0,16.0,0.0511,296380.0,High Risk
V3473,Vendor_303_LLC,Packaging,7,1600,601,300,489,190,13,4.66,Good,67.0,0.2525,46718.0,0
V8343,Vendor_157_Ltd,Food & Beverage,26,3621,1328,578,385,178,18,2.59,7.0,63.0,0.255,224064.0,0
V4764,Vendor_316_Co,Food & Beverage,9,2723,2317,390,2163,174,2,4.77,5.0,70.0,0.1691,18250.0,0
V9381,Vendor_836_Co,Raw Materials,10,4272,2211,561,1715,429,4,4.35,8.0,26.0,0.1827,408874.0,High
V3787,Vendor_506_Co,Packaging,24,4628,481,334,413,135,22,2.87,7.0,1.0,0.1891,331285.0,NO
V2924,Vendor_152_Inc,Electronics,7,3212,1374,959,1218,607,4,3.76,2.0,11.0,0.035,240208.0,YES
V1350,Vendor_948_Corp,Automotive,21,4434,181,126,168,47,22,2.07,8.0,3.0,0.0241,,low
V5616,Vendor_441_Ltd,Food & Beverage,1,4714,1819,1547,379,40,21,2.49,4.0,64.0,0.2437,454310.0,1
V9908,Vendor_518_Inc,Machinery,1,1914,1863,1759,171,580,23,4.23,1.0,67.0,0.0353,4771.0,high
V1491,Vendor_707_Inc,Textiles,15,2627,869,282,62,665,10,3.58,5.0,14.0,0.0265,167968.0,low
V6578,Vendor_175_LLC,Machinery,21,2752,587,548,116,249,2,2.06,6.0,10.0,0.2165,475061.0,High
V6376,Vendor_320_Ltd,Chemicals,19,4968,1328,52,1106,783,9,3.06,6.0,69.0,0.0587,99676.0,1
V6343,Vendor_977_Inc,Automotive,15,558,89,49,71,50,30,4.62,10.0,67.0,0.2345,59992.0,high
V7333,Vendor_150_LLC,IT Hardware,25,1349,529,92,291,28,7,4.57,4.0,27.0,0.0807,215699.0,High Risk
V7808,Vendor_265_Ltd,Machinery,24,1073,528,173,299,263,6,3.08,,40.0,0.2994,363575.0,High Risk
V9531,Vendor_610_Co,Raw Materials,24,4347,1159,608,678,255,7,2.64,2.0,63.0,0.0446,400379.0,0
V6452,Vendor_848_Corp,Automotive,20,3378,248,44,11,204,24,3.6,1.0,36.0,0.224,112458.0,High
V1745,Vendor_155_Co,Chemicals,23,125,90,68,16,35,5,3.91,8.0,14.0,0.2618,301974.0,High
V8596,Vendor_978_LLC,Packaging,4,61,18,11,15,18,28,3.56,1.0,59.0,TBD,121679.0,
V1297,Vendor_671_Co,Automotive,6,489,158,125,99,92,12,2.16,7.0,6.0,0.2311,315781.0,high
V6901,Vendor_922_LLC,Electronics,25,1269,345,131,18,163,13,4.68,2.0,29.0,0.1838,3237.0,High
V2926,Vendor_806_Inc,Packaging,9,250,122,35,11,27,23,4.28,3.0,66.0,0.1748,140194.0,1
V9842,Vendor_185_Co,Machinery,11,1626,1011,859,725,342,2,3.92,3.0,19.0,0.1682,392298.0,High
V1583,Vendor_710_Corp,Packaging,24,3426,71,57,41,38,2,3.59,7.0,32.0,0.0526,281486.0,1
V5114,Vendor_572_Ltd,Electronics,4,2068,1964,1723,217,280,2,3.66,2.0,66.0,0.0368,109642.0,0
V9978,Vendor_101_Ltd,Automotive,14,1054,138,116,56,8,10,2.1,4.0,42.0,0.1253,352672.0,1
V3521,Vendor_232_Ltd,IT Hardware,14,2924,1404,268,284,9,4,3.98,8.0,4.0,0.0102,427280.0,0
V5792,Vendor_303_LLC,Electronics,14,2194,147,137,88,106,26,4.81,10.0,30.0,0.0353,139236.0,High Risk
V7010,Vendor_410_Co,Office Supplies,27,3298,825,150,476,101,16,3.22,6.0,15.0,0.1175,22161.0,1
V9245,Vendor_600_LLC,Packaging,11,563,319,154,74,231,9,3.98,1.0,37.0,0.0528,131329.0,1
V1157,Vendor_367_LLC,Automotive,10,2377,654,151,285,476,17,4.95,1.0,10.0,0.0604,254004.0,0
V1331,Vendor_445_Inc,Chemicals,9,3902,3771,1100,3674,1525,27,3.47,2.0,30.0,0.0403,390925.0,low
V8676,Vendor_410_Corp,Automotive,5,4238,217,5,94,101,21,3.69,4.0,6.0,0.0982,147045.0,SAFE
V8177,Vendor_389_Corp,Food & Beverage,4,4828,2126,1802,1391,131,25,3.33,4.0,17.0,0.1391,289748.0,0
V4029,Vendor_257_Ltd,Electronics,9,4596,2765,1773,1048,2461,6,2.33,3.0,47.0,0.2186,387188.0,
V8297,Vendor_571_Corp,Chemicals,7,2946,2734,2671,1720,2439,22,2.65,7.0,4.0,0.2739,265863.0,0
V8520,Vendor_787_LLC,Textiles,2,2438,298,154,257,166,6,3.69,6.0,34.0,0.2312,207793.0,YES
V6142,Vendor_307_Co,Automotive,3,588,455,215,254,160,27,4.64,9.0,70.0,0.1873,21862.0,low
V8788,Vendor_590_Ltd,Electronics,5,1414,99,11,21,83,7,2.79,4.0,12.0,0.1033,178856.0,
V3436,Vendor_299_Corp,IT Hardware,4,3099,2602,1675,702,2484,21,2.49,7.0,54.0,0.1326,196982.0,
V8075,Vendor_972_Inc,Food & Beverage,22,2179,812,639,420,584,27,3.47,3.0,32.0,0.1476,135067.0,Low Risk
V9393,Vendor_300_Corp,Machinery,9,2478,1807,1087,1496,550,17,4.52,6.0,60.0,0.0639,488428.0,Low
V5702,Vendor_262_Co,Automotive,10,1557,1142,425,986,731,13,2.73,8.0,,0.0919,289302.0,YES
V4260,Vendor_643_LLC,Chemicals,29,4274,2414,67,2039,1206,3,3.22,4.0,19.0,0.0961,396392.0,0
V2148,Vendor_752_Corp,Chemicals,26,1293,1246,889,638,1225,-1,3.48,7.0,39.0,0.2465,313137.0,Low
V2655,Vendor_348_LLC,Electronics,2,1936,1199,501,420,239,18,2.39,6.0,71.0,,354985.0,YES
V6243,Vendor_,Automotive,26,436,223,184,202,73,30,2.61,10.0,3.0,0.0837,304362.0,low
V8268,Vendor_695_Ltd,Packaging,9,2838,880,247,106,116,12,TBD,1.0,42.0,0.22,371603.0,
V4276,Vendor_484_LLC,Raw Materials,16,1875,200,60,188,105,19,3.45,7.0,19.0,0.0648,320518.0,low
V1290,Vendor_240_Corp,Raw Materials,8,1302,298,155,49,13,29,3.3,1.0,8.0,0.1012,238288.0,High Risk
V2960,Vendor_562_Inc,Food & Beverage,23,616,246,177,208,246,19,-1.0,9.0,50.0,0.1713,226500.0,0
V9286,Vendor_464_LLC,,9,2858,2511,2196,336,2051,27,4.17,9.0,48.0,0.2329,318198.0,0
V3909,Vendor_492_Ltd,Packaging,27,2928,1657,1585,188,685,11,3.69,2.0,35.0,0.1464,471404.0,high
V2694,Vendor_898_Inc,Chemicals,16,1044,222,184,82,178,26,4.98,7.0,47.0,0.0572,300969.0,1
V5638,Vendor_291_Ltd,Machinery,11,1122,1106,644,1038,246,2,2.52,2.0,35.0,0.2345,424740.0,Low Risk
V1214,Vendor_967_Inc,Office Supplies,9,2347,1394,433,1228,814,1,3.61,2.0,59.0,0.085,330831.0,High
V3505,Vendor_875_Inc,Electronics,10,4320,3527,2342,1364,1967,8,4.39,5.0,63.0,0.0773,373675.0,0
V7284,Vendor_880_Corp,Automotive,3,4491,4331,13,4214,4251,3,4.65,1.0,59.0,0.0298,313391.0,
V5831,Vendor_432_Corp,Electronics,27,691,562,270,136,418,12,2.66,5.0,23.0,0.0768,9199.0,High Risk
V9498,Vendor_606_Co,Office Supplies,10,2329,1975,1939,328,908,10,4.39,8.0,10.0,0.1367,13440.0,high
V6449,Vendor_653_Corp,Packaging,24,3542,2773,1108,242,1692,30,2.23,5.0,6.0,0.0889,259993.0,low
V8933,Vendor_480_Inc,Electronics,5,1090,627,175,266,232,12,2.85,3.0,21.0,0.2135,150551.0,0
V4256,Vendor_999_Co,IT Hardware,5,2127,1942,1185,1683,934,13,TBD,9.0,12.0,0.0678,130682.0,NO
V9903,Vendor_461_Ltd,IT Hardware,3,312,20,11,10,0,17,3.31,6.0,34.0,,219259.0,1
V1581,Vendor_258_Corp,Raw Materials,1,2014,779,556,230,306,9,3.04,10.0,67.0,0.0124,329611.0,
V2582,Vendor_215_LLC,Food & Beverage,8,4965,1408,856,70,646,3,4.36,8.0,5.0,0.0202,243997.0,low
V3650,Vendor_202_LLC,Automotive,13,1141,243,191,58,114,26,3.02,9.0,7.0,0.0482,334382.0,0
V8292,Vendor_385_Inc,Chemicals,20,4375,1766,919,870,352,7,4.78,1.0,26.0,0.1217,197883.0,
V5736,Vendor_334_Corp,IT Hardware,1,315,234,61,202,219,30,4.79,9.0,46.0,0.1883,368221.0,1
V7574,Vendor_776_Corp,Automotive,26,597,225,198,98,44,10,3.99,4.0,61.0,0.1971,203436.0,1
V8502,Vendor_232_Corp,Electronics ,28,2252,1069,554,601,0,27,4.21,3.0,41.0,0.176,468843.0,
V9284,Vendor_649_Inc,IT Hardware,17,4981,29,18,5,5,15,4.3,6.0,45.0,0.0336,371625.0,1
V9974,Vendor_634_Ltd,Electronics,29,1908,349,170,257,248,24,2.41,2.0,19.0,0.2668,494595.0,High
V4695,Vendor_255_Inc,Textiles,22,3181,120,120,71,35,5,2.26,7.0,67.0,0.2882,322099.0,YES
V3835,Vendor_778_Corp,IT Hardware,27,3576,2323,1401,2230,967,16,2.34,10.0,60.0,0.0976,52198.0,low
V2168,Vendor_905_Ltd,Electronics,30,3863,1693,658,156,1592,23,3.67,6.0,12.0,0.145,126248.0,YES
V7851,Vendor_957_Corp,Textiles,27,2554,1987,1303,47,1769,11,2.66,8.0,29.0,0.2509,415460.0,1 
V7891,Vendor_520_Ltd,IT Hardware,21,995,561,138,187,187,9,4.33,10.0,3.0,0.2313,238042.0,High Risk
V7777,Vendor_328_Inc,Packaging,13,1347,503,76,487,209,10,3.02,Bad,5.0,0.211,311298.0,YES
V5761,Vendor_748_Co,Textiles,25,3723,1768,648,1010,1043,22,3.77,8.0,29.0,0.2953,202285.0,High Risk
V6189,Vendor_868_Ltd,Electronics,19,2199,743,108,311,80,20,3.12,2.0,8.0,0.2269,212553.0,
V3397,Vendor_246_Inc,Chemicals,14,3201,835,701,728,393,25,2.55,7.0,43.0,0.1091,64778.0,Low
V5298,Vendor_665_Corp,Machinery,20,359,233,153,20,169,17,4.5,10.0,66.0,0.2559,40128.0,YES
V6433,Vendor_468_LLC,Machinery,30,3883,1527,1356,1109,1064,29,3.98,8.0,26.0,0.2372,440971.0,1
V7863,Vendor_246_LLC,Office Supplies,26,2851,2033,400,1547,637,29,4.02,2.0,51.0,0.1585,412031.0,0
V2315,Vendor_175_Corp,Textiles,26,4954,2630,1810,1,417,11,4.11,5.0,,0.1895,147980.0,Low
V3740,Vendor_694_Ltd,Textiles,3,4753,410,45,372,318,13,4.23,5.0,55.0,0.0714,188950.0,0
V7348,Vendor_517_LLC,Textiles,6,2007,1180,557,862,995,8,2.98,10.0,49.0,0.2769,191474.0,1
V9184,Vendor_204_Inc,Electronics,26,3344,174,138,19,156,25,,4.0,35.0,,171751.0,High
V1335,Vendor_404_LLC,Textiles,23,4685,2150,1569,1419,703,26,3.33,3.0,8.0,,237340.0,Low
V9504,Vendor_635_Co,Raw Materials,14,4309,1834,1371,1788,692,22,4.18,8.0,45.0,0.1991,337280.0,high
V1402,Vendor_,Chemicals,3,2748,2572,1355,452,2349,28,4.32,,42.0,0.213,286408.0,High Risk
V8514,Vendor_696_LLC,IT Hardware,28,414,305,301,194,27,3,2.01,2.0,46.0,0.189,389722.0,low
V6678,Vendor_633_Ltd,Textiles,25,1668,200,198,182,10,17,3.2,10.0,33.0,0.2409,35350.0,High Risk
V9146,Vendor_978_Inc,Packaging,16,570,481,56,170,354,4,4.68,7.0,56.0,0.2393,92057.0,High Risk
V7745,Vendor_280_Co,Food & Beverage,7,667,225,99,98,41,10,4.72,9.0,60.0,0.1178,69861.0,1
V2548,Vendor_946_Ltd,Automotive,4,3569,3523,2691,2414,2710,25,,6.0,34.0,0.2027,290601.0,NO
V3881,Vendor_247_Co,Textiles,29,3167,1754,208,1209,205,14,3.79,9.0,69.0,0.0516,222659.0,
V2708,Vendor_939_Co,Chemicals,10,4463,936,135,535,193,11,4.87,10.0,37.0,0.043,193442.0,
V7945,Vendor_452_Inc,Textiles,8,4488,572,10,51,355,14,2.77,10.0,53.0,0.123,,High
V2554,Vendor_983_LLC,IT Hardware,4,4922,1493,489,1472,817,5,2.56,8.0,33.0,0.1092,338960.0,Low Risk
V3039,Vendor_766_Co,Machinery,7,3840,2036,158,1233,1600,17,2.61,2.0,69.0,0.0712,436340.0,High Risk
V8041,Vendor_180_Ltd,Office Supplies,16,3896,3253,738,330,1074,11,3.61,5.0,45.0,0.2402,326842.0,0
V4003,Vendor_349_Ltd,Machinery,7,272,110,51,91,32,3,2.61,3.0,40.0,0.0188,464700.0,YES
V2740,Vendor_298_LLC,Food & Beverage,20,1298,138,26,13,89,10,3.96,5.0,43.0,0.2489,260088.0,low
V9390,Vendor_378_Co,Office Supplies,12,2910,779,418,211,743,5,2.47,1.0,39.0,0.2246,238266.0,High Risk
V3811,Vendor_629_Inc,Food & Beverage,10,3024,2843,437,234,1766,27,3.37,10.0,42.0,0.1893,27402.0,High
V5249,Vendor_501_Corp,Electronics,26,2793,250,183,99,168,3,4.62,6.0,16.0,0.1195,4687.0,low
V6666,Vendor_459_LLC,Automotive,25,1635,249,50,96,159,13,2.53,1.0,24.0,0.1727,331913.0,low
V7823,Vendor_915_Inc,Automotive,13,2235,2187,1010,788,1044,30,4.08,3.0,50.0,TBD,-1000.0,1
V9096,Vendor_118_Corp,Automotive,23,928,85,15,17,4,22,2.05,6.0,Slow,0.2304,101539.0,
V3159,Vendor_143_Ltd,IT Hardware,1,688,607,249,20,9,13,4.54,8.0,27.0,0.2548,385980.0,Low
V3732,Vendor_124_Ltd,Machinery,1,4318,752,81,545,325,28,2.79,7.0,45.0,0.0391,238779.0,0
V7561,Vendor_620_Corp,Raw Materials,29,1551,673,666,95,428,7,2.65,10.0,61.0,0.0576,225810.0,low
V1928,Vendor_986_Ltd,Raw Materials,23,4467,967,840,106,0,16,3.77,8.0,4.0,0.2918,323079.0,Low
V2210,Vendor_447_Corp,Textiles,10,3100,1557,633,1397,227,27,4.11,5.0,53.0,0.2391,318227.0,0
V9883,Vendor_864_Co,Food & Beverage,10,382,342,262,115,170,21,3.92,6.0,40.0,0.0182,487125.0,
V8725,Vendor_597_LLC,Food & Beverage,1,358,337,68,260,122,28,2.48,10.0,54.0,0.299,341869.0,high
V9578,Vendor_366_Ltd,Raw Materials,11,3617,336,41,13,110,13,3.44,6.0,54.0,0.1296,,0
V7973,Vendor_312_Inc,Food & Beverage,7,287,125,86,57,77,16,3.96,5.0,24.0,High,7635.0,high
V1977,Vendor_689_LLC,Textiles,17,1267,672,274,279,209,9,3.42,1.0,64.0,0.0911,420018.0,
V2549,Vendor_390_LLC,Packaging,26,2721,1084,1059,797,825,30,2.99,3.0,42.0,0.1967,169230.0,Low
V8579,Vendor_285_LLC,Packaging,15,2215,158,85,58,90,26,2.86,3.0,26.0,0.1174,192322.0,
V1310,Vendor_388_Co,IT Hardware,20,3620,1437,348,739,832,5,4.58,7.0,55.0,0.0404,233512.0,high
V7663,Vendor_983_Ltd,Raw Materials,30,3596,1740,1222,1087,424,29,2.72,1.0,71.0,0.1667,449654.0,
V8066,Vendor_976_LLC,IT Hardware,7,2190,1179,1012,782,266,27,2.85,4.0,54.0,0.0541,416479.0,0
V9813,Vendor_979_Inc,Machinery,18,1388,44,6,15,17,29,4.24,9.0,10.0,0.2807,163876.0,0
V6372,Vendor_759_Inc,Automotive,24,2099,1659,480,1629,1187,27,4.4,8.0,72.0,0.0055,250870.0,
V8175,Vendor_339_Ltd,Machinery,28,4034,3212,2995,2813,2484,27,3.62,2.0,66.0,0.0532,358318.0,Low
V6554,Vendor_516_LLC,IT Hardware,8,3165,2285,722,1868,578,2,2.19,3.0,20.0,0.0835,407022.0,
V9947,Vendor_646_Corp,Electronics,1,805,663,10,442,650,29,4.33,10.0,1.0,0.2174,498341.0,low
V1118,Vendor_489_Ltd,Textiles,28,2101,2083,458,1871,66,4,3.06,5.0,9.0,0.1302,445495.0,YES
V7685,Vendor_313_Inc,Automotive,29,1108,667,567,93,599,3,2.68,1.0,39.0,0.2041,127759.0,high
V4436,Vendor_331_Ltd,IT Hardware,20,4983,732,18,244,40,4,3.21,9.0,43.0,0.2148,85319.0,Low Risk
V3751,Vendor_341_Corp,Machinery,20,1451,590,561,481,433,23,2.23,2.0,35.0,0.2452,94706.0,High Risk
V5240,Vendor_940_Ltd,Textiles,10,2734,183,78,172,115,10,3.95,6.0,7.0,0.2093,255274.0,Low Risk
V6783,Vendor_321_Corp,Automotive,25,1050,800,73,229,163,27,2.71,9.0,4.0,0.0771,341301.0,high
V3254,Vendor_755_LLC,Raw Materials,15,474,442,272,347,347,25,2.19,7.0,10.0,0.2469,301047.0,Low
V3738,Vendor_656_Inc,Packaging,27,639,526,198,187,96,28,4.05,5.0,35.0,0.2056,361891.0,Low
V6219,Vendor_514_LLC,Textiles,5,1458,437,276,395,6,14,2.97,6.0,17.0,0.0697,266119.0,
V5441,Vendor_747_Inc,Electronics,8,2142,196,154,181,190,13,3.93,9.0,36.0,0.0307,91628.0,1
V7838,Vendor_808_Co,Machinery,22,1649,1361,430,183,1066,19,3.57,6.0,9.0,0.2601,363391.0,high
V5060,Vendor_686_Corp,Raw Materials,16,1156,970,445,671,264,6,2.5,4.0,58.0,0.0978,304565.0,High Risk
V4915,Vendor_131_Corp,Electronics,22,783,505,487,378,121,12,4.16,10.0,11.0,0.2323,319020.0,
V4468,Vendor_974_LLC,Chemicals,13,2579,1830,1347,935,1626,23,3.87,7.0,35.0,0.1815,90347.0,High Risk
V5384,Vendor_975_Ltd,Chemicals,26,880,397,350,370,205,23,3.62,3.0,4.0,0.2793,274786.0,low
V1447,Vendor_327_LLC,Food & Beverage,9,2211,223,116,185,68,9,3.85,10.0,68.0,0.1349,317810.0,1
V9798,Unknown,Machinery,21,3817,1629,381,1138,680,1,4.81,2.0,53.0,0.0823,22951.0,NO
V6820,Vendor_937_Co,Chemicals,4,3281,2333,421,1461,1986,22,3.7,1.0,,0.0968,443772.0,Low Risk
V8571,Vendor_122_Corp,Packaging,13,179,133,62,1,55,23,4.19,5.0,25.0,0.2504,,0
V5052,Vendor_980_LLC,Packaging,12,2993,1228,671,175,375,19,2.22,5.0,12.0,0.1047,216305.0,high
V1673,Vendor_168_Inc,Machinery,11,1041,757,565,200,191,10,3.11,4.0,51.0,0.2624,324002.0,High Risk
V7337,Vendor_791_Corp,Machinery,17,3991,2895,2285,1105,218,14,3.48,5.0,67.0,0.2891,260927.0,High Risk
V6756,Vendor_731_Co,Textiles,4,2744,543,484,19,184,4,4.41,4.0,41.0,0.2711,265136.0,1
V6676,Vendor_362_Ltd,Machinery,26,3085,410,43,243,194,1,2.8,9.0,25.0,0.1674,146226.0,low
V4922,Vendor_237_Inc,Food & Beverage,6,3125,1079,451,411,693,29,3.1,1.0,47.0,0.1595,118919.0,1
V8692,Vendor_543_Inc,Electronics,8,2258,784,282,649,95,14,2.05,10.0,,0.181,12171.0,Low
V4941,Vendor_918_Corp,Office Supplies,3,354,240,16,180,126,12,3.21,1.0,14.0,0.0615,308869.0,Low Risk
V6013,Vendor_711_Co,Food & Beverage,2,4640,2892,2645,1429,1582,5,2.57,9.0,56.0,0.2069,127551.0,low
V9844,Vendor_246_LLC,Textiles,15,2555,1374,66,675,1260,8,4.03,2.0,23.0,0.2857,113886.0,High
V8871,Vendor_818_Inc,IT Hardware,19,4404,1818,1182,207,1128,2,3.09,9.0,39.0,0.2824,307064.0,
V7115,Vendor_753_LLC,Electronics,24,4623,1675,1249,933,267,21,2.95,6.0,53.0,0.2063,244436.0,Low Risk
V7155,Vendor_372_Inc,Chemicals,20,2613,1591,406,461,1425,26,4.81,1.0,18.0,0.0868,54129.0,High
V2736,Vendor_705_Inc,Textiles,15,4681,1809,119,62,756,12,4.82,7.0,27.0,0.1097,409051.0,High Risk
V8078,Vendor_574_Inc,Food & Beverage,22,1694,1554,481,670,475,16,3.49,4.0,33.0,0.271,413623.0,0
V6883,Vendor_448_Inc,Textiles,19,461,430,68,293,131,24,3.41,7.0,12.0,0.0793,141898.0,High
V2120,Vendor_193_Ltd,IT Hardware,24,4352,2353,1247,1276,1637,25,4.87,5.0,48.0,0.2769,241307.0,1
V2309,Vendor_635_Corp,Office Supplies,21,1907,724,443,333,303,28,3.65,9.0,23.0,0.1016,40859.0,0
V5916,Vendor_192_Ltd,Packaging,3,2502,670,232,232,179,18,3.04,5.0,69.0,0.0742,227943.0,
V2329,Vendor_522_Inc,Raw Materials,16,1935,188,92,91,86,13,3.64,9.0,54.0,0.1925,208612.0,NO
V9227,Vendor_926_LLC,Electronics,19,807,339,208,257,51,26,3.15,10.0,5.0,0.087,80449.0,YES
V5613,Vendor_167_Co,Food & Beverage,26,1301,867,859,573,300,26,3.4,7.0,70.0,0.1833,46827.0,NO
V2726,Vendor_282_LLC,Office Supplies,19,87,31,13,20,1,1,4.48,2.0,15.0,0.2116,423977.0,
V1459,Vendor_968_Inc,Raw Materials,6,991,518,184,258,166,12,4.12,3.0,18.0,0.0026,336124.0,1
V5312,Vendor_855_LLC,Raw Materials,24,3983,2523,1389,952,1652,7,4.04,10.0,9.0,0.033,422955.0,Low
V8859,Vendor_838_Co,Food & Beverage,2,885,76,31,20,41,25,3.98,8.0,32.0,,319088.0,Low Risk
V4680,Vendor_245_LLC,Machinery,15,182,97,58,91,9,27,4.78,1.0,3.0,0.2652,55843.0,1
V9159,Vendor_199_Co,Machinery,21,3607,2290,1896,836,2289,29,2.86,2.0,,0.2947,336398.0,0
V5156,Vendor_692_LLC,Raw Materials,25,4143,240,40,235,124,9,4.48,1.0,N/A,0.1157,148942.0,
V3258,Vendor_975_Co,Chemicals,1,2707,1024,619,562,390,25,2.9,6.0,52.0,0.2837,431892.0,Low Risk
V1244,Vendor_344_Co,Packaging,24,1552,277,61,265,237,2,4.18,9.0,71.0,0.1643,147518.0,0
V3841,Vendor_443_Corp,Raw Materials,9,4481,1125,658,436,93,5,,3.0,48.0,0.166,230984.0,1
V4173,Vendor_319_Corp,Food & Beverage,23,2071,386,299,359,11,4,4.45,1.0,25.0,0.2614,191408.0,NO
V2879,Vendor_131_Inc,Textiles,2,2021,153,10,19,10,2,4.46,3.0,6.0,,179472.0,high
V5830,Vendor_526_Inc,IT Hardware,30,495,154,100,104,113,8,2.4,2.0,49.0,0.0933,311799.0,Low Risk
V2290,Vendor_187_Ltd,Raw Materials,25,2529,980,59,246,899,18,,3.0,61.0,0.2841,87574.0,High
V5452,Vendor_716_LLC,Office Supplies,1,3406,2223,1245,2093,1992,7,4.17,3.0,22.0,0.1134,451351.0,high
V5108,Vendor_806_Corp,Packaging,14,1847,1458,551,921,556,16,2.75,9.0,38.0,0.0878,415469.0,low
V3821,Vendor_320_LLC,Machinery,10,2417,1470,412,1134,1132,26,4.87,4.0,28.0,0.1047,219751.0,High Risk
V4807,Vendor_200_Inc,IT Hardware,5,3039,3027,2649,2639,1816,22,4.87,7.0,23.0,0.0436,345818.0,
V8033,Vendor_687_Ltd,Textiles,10,3583,76,58,9,40,4,3.22,6.0,22.0,0.2404,325075.0,low
V8060,Vendor_193_Corp,Automotive,29,2893,1543,195,1432,1041,27,3.71,8.0,37.0,0.0461,57652.0,0
V3933,Vendor_609_Ltd,IT Hardware,14,1593,137,134,137,112,2,4.62,9.0,65.0,0.2384,352208.0,high
V1898,Vendor_162_Ltd,Electronics,11,1663,403,174,313,217,11,2.61,10.0,55.0,0.2627,383866.0,low
V8765,Vendor_753_Ltd,Textiles,23,1165,502,316,324,307,16,4.9,4.0,17.0,0.2821,298727.0,Low Risk
V8494,Vendor_427_Inc,Raw Materials,25,4545,4249,1292,1843,1499,7,4.65,8.0,7.0,0.1117,168193.0,Yes
V2477,Vendor_494_Co,IT Hardware,27,769,489,255,56,248,27,2.86,5.0,,0.1939,295121.0,1
V5633,Vendor_125_Co,Packaging,17,3134,464,197,131,276,365,3.53,8.0,6.0,0.0889,342588.0,1
V3688,Vendor_268_Corp,Raw Materials,22,2542,389,155,144,0,2,4.64,2.0,16.0,0.0361,71263.0,NO
V8019,Vendor_574_LLC,Machinery,3,1325,1165,140,608,1162,2,3.21,1.0,51.0,0.0468,190851.0,Low Risk
V8208,Vendor_807_LLC,Chemicals,4,4023,2093,662,1340,1619,29,3.82,5.0,16.0,0.1875,248834.0,1
V2574,Vendor_433_Inc,Automotive,6,4825,3147,2494,3135,2463,27,4.82,1.0,7.0,Low,301878.0,1
V8918,Vendor_594_Co,Food & Beverage,21,816,150,66,77,148,26,4.74,7.0,66.0,0.1074,166804.0,Low
V5550,Vendor_618_Ltd,Machinery,2,3749,2634,2604,658,170,9,3.08,10.0,33.0,0.0957,388587.0,High Risk
V6497,Vendor_952_Ltd,Chemicals,11,1768,324,124,306,130,5,2.65,3.0,65.0,0.1199,406020.0,
V4458,Vendor_185_Ltd,Food & Beverage,2,3716,3707,1737,3667,519,16,3.34,3.0,31.0,0.1981,351557.0,Low Risk
V6287,Vendor_717_Ltd,Textiles,10,3914,1967,952,311,888,1,3.65,4.0,72.0,0.1108,390048.0,
V3727,Vendor_839_LLC,Automotive,16,2320,422,8,382,344,21,2.68,6.0,11.0,0.1612,393020.0,YES
V4196,Vendor_667_Inc,Machinery,16,1940,228,33,211,49,16,4.99,10.0,37.0,0.1827,205017.0,High Risk
V3459,Vendor_329_Corp,Machinery,6,1998,1777,212,1022,1047,23,3.68,7.0,29.0,0.1861,232655.0,High Risk
V5732,Vendor_270_Corp,Automotive,18,2180,1200,1162,680,979,23,2.9,5.0,,0.0713,58493.0,Low
V6859,Vendor_256_Corp,IT Hardware,22,3086,1503,1441,1365,942,30,4.47,10.0,61.0,0.0631,281389.0,High
V9322,Vendor_313_LLC,Food & Beverage,18,1230,515,355,279,89,17,2.32,,40.0,0.0434,184531.0,0
V4098,Vendor_145_LLC,Automotive,4,3656,3311,2195,2515,2772,29,2.89,8.0,51.0,0.2842,27915.0,High
V3623,Vendor_104_Corp,Automotive,10,825,446,200,135,297,10,4.37,6.0,71.0,0.0082,173594.0,NO
V8247,Vendor_982_LLC,Office Supplies,9,1646,696,229,530,314,5,4.72,6.0,60.0,0.0178,118060.0,high
V8538,Vendor_379_Ltd,Raw Materials,6,1020,908,642,581,297,8,4.89,2.0,2.0,0.0108,152557.0,1
V2750,Vendor_386_Inc,Automotive,13,4389,493,108,191,381,5,2.85,6.0,59.0,0.0778,324091.0,high
V9118,Vendor_314_Co,Automotive,30,734,551,166,221,172,5,,10.0,61.0,0.2742,423278.0,High
V8747,Vendor_670_Co,Raw Materials,7,647,636,262,56,294,14,3.44,7.0,9.0,0.1892,276227.0,High
V2338,TBD,Office Supplies,1,2072,1616,356,804,976,5,2.94,5.0,21.0,0.0725,223251.0,low
V4882,Vendor_881_Co,Chemicals,9,4309,814,264,306,313,14,4.24,3.0,52.0,0.1197,218088.0,
V6482,Vendor_469_Inc,Automotive,19,3619,1887,960,1427,125,19,4.14,1.0,61.0,0.0268,96497.0,NO
V1274,Vendor_991_Ltd,Textiles,6,4471,1257,1123,941,41,11,3.73,7.0,23.0,0.2704,147701.0,Low Risk
V8549,Vendor_443_Inc,Office Supplies,20,1388,911,142,400,361,8,,3.0,63.0,0.1293,125740.0,1
V4020,Vendor_802_Ltd,Automotive,7,778,205,194,187,73,20,3.96,7.0,45.0,0.1386,116273.0,YES
V5728,Vendor_764_LLC,Electronics,30,71,57,44,25,18,15,2.11,8.0,14.0,0.0694,339547.0,Low
V9480,Vendor_764_LLC,Machinery,24,3352,572,166,489,549,8,3.38,,15.0,0.182,230859.0,High Risk
V2380,Vendor_555_Corp,IT Hardware,1,4575,927,846,579,341,15,4.47,7.0,59.0,0.1416,225100.0,YES
V8141,Vendor_240_Inc,Textiles,16,4120,1867,1257,84,1802,5,4.97,,57.0,0.1806,36730.0,high
V6727,Vendor_190_Corp,Electronics,7,491,164,28,138,39,3,3.96,7.0,58.0,0.0392,10930.0,low
V7411,Vendor_346_Corp,Chemicals,20,2623,343,333,239,231,8,2.19,6.0,25.0,0.0343,133975.0,1
V3643,Vendor_160_Corp,Automotive,4,2389,1591,1521,588,1316,25,3.94,10.0,3.0,0.0421,89700.0,0
V2296,Vendor_814_Ltd,Automotive,19,4111,917,731,325,719,23,3.77,8.0,55.0,0.2503,443629.0,NO
V3834,Vendor_783_Co,Machinery ,1,1657,1400,1006,1251,100,27,2.67,6.0,28.0,0.1035,361969.0,
V1001,Vendor_917_Corp,IT Hardware,2,3554,554,289,304,315,8,3.4,3.0,39.0,0.1375,159610.0,0
V1184,Vendor_271_Inc,Raw Materials,1,4023,3544,3188,2379,535,1,4.39,3.0,22.0,0.1438,295351.0,
V8838,Vendor_195_Corp,Packaging,15,3296,2812,474,1420,1210,18,3.4,1.0,32.0,0.188,55800.0,1
V9214,Vendor_314_LLC,Electronics,7,3322,2658,1731,1798,2646,3,3.19,4.0,14.0,0.1451,313933.0,0
V9456,Vendor_765_Co,Food & Beverage,7,3606,3185,329,26,1719,25,2.22,8.0,32.0,0.1294,438253.0,0
V5159,Vendor_850_Inc,Packaging,24,1173,164,103,111,65,1,3.91,5.0,24.0,0.2611,251144.0,High Risk
V1311,Vendor_449_LLC,Chemicals,21,156,152,148,88,104,10,2.03,5.0,64.0,0.2486,233425.0,
V9222,Vendor_413_LLC,Chem,30,3480,2784,1860,2269,1056,6,2.82,2.0,67.0,0.1133,499636.0,0
V1241,Vendor_618_LLC,Machinery,6,4437,1936,1492,1145,669,16,2.3,5.0,41.0,0.0622,170148.0,1
V4300,Vendor_696_Co,Office Supplies,24,3144,705,198,122,596,1,2.2,1.0,34.0,0.0247,361618.0,1
V4135,Vendor_914_LLC,Raw Materials,18,4734,1013,930,989,320,21,2.08,2.0,13.0,0.0572,272257.0,Low
V8278,Vendor_753_Inc,Food & Beverage,29,2480,1105,504,6,404,24,4.41,9.0,16.0,0.0287,416745.0,1
V9843,Vendor_466_Co,Raw Materials,25,277,123,112,75,30,7,4.11,2.0,,0.0269,13075.0,Low Risk
V2697,Vendor_138_Inc,Textiles,15,942,177,112,129,71,21,3.93,6.0,47.0,0.1254,110480.0,1
V5285,Vendor_482_Corp,Raw Materials,28,3320,1798,1069,1381,1592,29,3.81,4.0,21.0,0.241,217388.0,low
V6253,Vendor_206_Corp,Raw Materials,8,595,130,38,21,61,21,2.62,2.0,4.0,0.1426,99421.0,Low
V8858,Vendor_655_Inc,Raw Materials,27,2785,2079,1537,1245,290,8,4.13,5.0,38.0,0.2404,381502.0,Low
V5366,Vendor_294_Corp,Electronics,20,1711,979,72,353,152,3,3.01,7.0,69.0,0.0742,478285.0,0
V4355,Vendor_971_Co,Raw Materials,4,3307,3065,306,1826,943,27,4.84,9.0,26.0,0.0675,491866.0,0
V3650,Vendor_987_Inc,Raw Materials,16,82,71,50,46,64,23,2.85,TBD,35.0,,300189.0,
V3022,Vendor_847_Inc,Machinery,20,2690,842,314,668,257,-5,4.91,3.0,28.0,0.2676,199711.0,low
V7299,Vendor_383_Corp,Machinery,16,905,757,513,377,300,5,4.45,9.0,14.0,0.0316,88806.0,1
V2841,Vendor_847_Ltd,Food & Beverage,6,4189,2522,1262,258,36,27,2.47,3.0,N/A,0.2795,228256.0,Low
V4599,Vendor_697_Inc,Packaging,7,808,372,61,214,361,20,2.41,2.0,69.0,0.0296,363283.0,1
V9396,Vendor_638_LLC,Packaging,26,1125,739,474,585,584,20,4.07,5.0,28.0,0.0507,415121.0,0
V1351,Vendor_473_LLC,Automotive,17,3774,1004,120,902,906,17,,10.0,29.0,0.0303,85399.0,Low Risk
V2425,Vendor_235_Ltd,Packaging,15,4881,1939,259,45,1931,28,4.89,9.0,72.0,0.2493,98922.0,high
V1394,Vendor_609_Inc,Electronics,16,3532,2141,274,1960,175,15,2.79,4.0,33.0,0.1392,462144.0,high
V6677,Vendor_228_Co,Textiles,14,4664,3142,2655,2474,724,11,3.05,1.0,59.0,0.0643,181116.0,High
V3619,Vendor_304_Co,Raw Materials,7,4470,2518,1474,2076,1634,20,3.17,8.0,40.0,0.0728,354084.0,
V4603,Vendor_805_Ltd,Electronics,30,2503,1409,732,640,1401,25,3.25,Good,24.0,0.1631,57441.0,high
V3785,Vendor_839_Corp,Machinery,8,515,321,117,96,290,24,4.99,1.0,69.0,0.292,413059.0,
V7407,Vendor_727_LLC,Textiles,8,756,294,233,177,152,6,4.7,7.0,59.0,0.1154,346547.0,0
V3246,Vendor_751_Corp,Office Supplies,30,3408,2328,1242,1712,90,29,2.87,7.0,58.0,0.2488,407731.0,High
V4589,Vendor_371_Ltd,IT Hardware,26,1793,32,23,9,28,4,3.5,1.0,23.0,0.0387,382029.0,
V9666,Vendor_189_Ltd,IT Hardware,30,1722,1253,119,223,1170,26,4.96,5.0,55.0,0.1827,166931.0,High
V6976,Vendor_718_Co,Automotive,1,4166,1851,1807,813,1651,24,4.23,2.0,53.0,0.201,188676.0,High Risk
V5100,Vendor_480_Corp,Machinery,22,2768,2142,248,1661,257,17,3.02,9.0,40.0,0.1156,272339.0,High
V6681,Vendor_985_Co,Office Supplies,3,491,231,169,137,22,17,2.35,10.0,61.0,0.2399,176027.0,0
V5584,Vendor_913_LLC,Raw Materials,21,2158,1457,884,514,657,6,3.72,4.0,68.0,0.2441,222406.0,Low
V6724,Vendor_459_LLC,Machinery,4,4191,934,543,522,198,5,,3.0,20.0,0.2281,344675.0,1
V5269,Vendor_377_Co,Textiles,22,4471,647,97,328,462,12,2.75,2.0,51.0,0.0141,258895.0,low
V8349,Vendor_292_Inc,Textiles,8,3216,2449,541,2213,1069,17,2.34,4.0,58.0,0.0628,411800.0,high
V5534,Vendor_777_Ltd,Chemicals,8,1862,327,196,310,152,4,2.06,10.0,,0.2216,486733.0,0
V6514,Vendor_690_Corp,Electronics,24,4037,3417,2206,326,1126,26,3.85,10.0,22.0,0.25,234462.0,low
V7378,Vendor_298_LLC,Machinery,18,2670,723,14,37,36,22,4.92,8.0,2.0,0.0172,489901.0,0
V1964,Vendor_673_Inc,Raw Materials,11,2790,1102,77,896,1,19,4.14,3.0,37.0,0.0431,296820.0,NO
V4744,Vendor_127_Corp,IT Hardware,19,218,158,108,30,114,6,3.98,9.0,35.0,0.0946,73052.0,High
V6982,Vendor_852_Co,Food & Beverage,27,1458,166,106,35,28,11,3.73,4.0,26.0,0.0087,133820.0,0
V8743,Vendor_420_LLC,Raw Materials,22,3669,323,66,28,320,27,4.46,7.0,72.0,0.108,100395.0,1
V1511,Vendor_546_Inc,Chemicals,3,1958,1615,1083,469,742,7,4.38,1.0,61.0,0.192,144730.0,High
V5209,Vendor_962_Ltd,Food & Beverage,10,3608,1875,1517,1183,583,27,3.78,1.0,45.0,0.0116,54872.0,High Risk
V5369,Vendor_802_Inc,Textiles,13,4191,808,745,187,231,11,3.68,,23.0,0.0603,287484.0,low
V8838,Vendor_781_Ltd,Food & Beverage,10,1980,531,69,280,291,15,4.82,4.0,58.0,0.1977,41552.0,0
V4698,Vendor_687_Corp,IT Hardware,7,3630,2115,1507,102,415,17,3.38,8.0,36.0,0.2514,43306.0,High
V5506,Vendor_583_Corp,Raw Materials,5,1139,485,56,370,444,13,4.06,6.0,53.0,0.2712,368873.0,0
V7406,Vendor_678_Ltd,Packaging,9,1288,1002,215,277,57,4,Unknown,3.0,50.0,0.0582,373192.0,0
V4203,Vendor_456_Co,Automotive,3,4938,354,88,192,170,23,3.65,7.0,11.0,0.0111,362327.0,
V7509,Vendor_908_Co,Food & Beverage,13,684,605,465,191,464,16,4.29,5.0,15.0,0.1993,418794.0,1
V8369,Vendor_381_Inc,Machinery,29,4729,1779,1740,393,1369,20,4.89,9.0,6.0,0.0529,284689.0,High
V9805,Vendor_557_Ltd,Chemicals,19,2760,2075,506,1199,1576,22,2.45,10.0,38.0,0.0805,321117.0,1
V7001,Vendor_226_LLC,Electronics,14,376,159,1,123,122,3,2.03,3.0,18.0,TBD,289232.0,Low Risk
V4773,Vendor_237_LLC,Textiles,28,1757,711,66,615,67,9,2.51,1.0,59.0,0.195,418618.0,0
V4867,Vendor_975_Corp,Automotive,22,526,142,129,108,103,1,2.97,4.0,2.0,0.1842,205821.0,Low Risk
V8687,Vendor_775_Co,Automotive,28,2795,1287,1021,978,1177,27,2.63,8.0,56.0,0.0048,164516.0,NO
V4869,Vendor_656_Co,Food & Beverage,17,4104,348,94,1,340,6,4.83,2.0,72.0,0.1597,111758.0,High Risk
V5915,Vendor_568_Inc,Raw Materials,1,2583,977,271,405,134,15,3.86,10.0,13.0,0.022,112754.0,High Risk
V5194,Vendor_858_Inc,Food & Beverage,16,2507,2301,1079,1214,777,27,4.43,7.0,51.0,0.023,463113.0,1
V4039,Vendor_686_Co,Office Supplies,13,822,156,150,65,115,25,2.67,8.0,5.0,0.2708,488441.0,0
V3898,Vendor_394_Co,Machinery,15,2534,475,125,332,0,23,2.41,7.0,13.0,,293305.0,NO
V5092,Vendor_714_Ltd,Textiles,25,3129,1038,922,197,516,29,3.89,1.0,1.0,0.287,-1000.0,High Risk
V1849,Vendor_180_Inc,Raw Materials,30,943,833,445,707,456,1,4.82,5.0,72.0,0.1565,428367.0,0
V2209,Vendor_191_Co,Packaging,23,761,475,345,39,440,22,4.1,2.0,38.0,0.1976,122206.0,0
V7898,Vendor_617_LLC,IT Hardware,16,2808,1285,241,166,836,21,4.64,4.0,24.0,0.2629,9132.0,0
V2113,Vendor_635_Co,Electronics,2,2219,53,37,11,40,22,2.09,2.0,32.0,0.2316,196436.0,1
V6905,Vendor_261_LLC,Raw Materials,27,585,388,346,211,154,19,2.32,10.0,5.0,,37754.0,YES
V5885,Vendor_278_Corp,Packaging,6,914,73,58,53,12,10,3.53,2.0,51.0,0.2971,387464.0,high
V2340,Vendor_240_Inc,Packaging,24,4387,1845,640,12,1001,12,2.65,3.0,8.0,0.001,131619.0,high
V5720,Vendor_352_Corp,Chemicals,5,2373,613,33,509,81,4,4.76,7.0,45.0,0.0662,328057.0,0
V5206,Vendor_950_Co,Textiles,19,3372,1398,219,800,71,25,2.34,10.0,7.0,0.1286,493221.0,NO
V1591,Vendor_834_LLC,Chemicals,1,1964,563,453,258,327,25,3.09,8.0,64.0,0.0509,340452.0,0
V5833,Vendor_571_Corp,Food & Beverage,8,1479,401,107,101,67,20,2.4,2.0,27.0,0.11,397670.0,
V8135,Vendor_179_Corp,Office Supplies,11,1018,614,386,425,423,24,3.18,4.0,36.0,0.0522,499141.0,0
V4808,Vendor_631_LLC,Electronics,2,3966,780,648,21,696,1,4.01,4.0,2.0,0.2524,58346.0,0
V3954,Vendor_421_Co,Textiles,16,1772,749,295,745,626,9,Poor,5.0,40.0,0.2999,63848.0,1
V4879,Vendor_574_Corp,Machinery,20,3224,1837,1722,1590,1071,7,4.37,7.0,72.0,0.1479,218905.0,low
V7828,Vendor_157_LLC,IT Hardware,23,4470,3033,2055,2736,2135,28,3.89,10.0,6.0,0.1307,406408.0,High
V5547,Vendor_326_Inc,Machinery,23,1294,1284,233,843,1157,6,4.84,9.0,56.0,0.274,245507.0,
V6232,Vendor_362_Inc,Food & Beverage,18,1256,193,168,130,20,17,3.75,8.0,59.0,0.0156,31534.0,Low
V1183,Vendor_660_Corp,Chemicals,7,4582,3939,2928,1582,498,12,3.15,2.0,37.0,0.0185,380849.0,1
V5593,Vendor_949_LLC,Packaging,21,1482,74,28,21,12,11,4.62,2.0,,0.0407,34005.0,YES
V2015,Vendor_808_LLC,Office Supplies,24,3559,2875,2519,1199,547,28,4.4,6.0,69.0,0.1577,66555.0,YES
V1345,Vendor_766_Co,Electronics,16,2650,1063,764,110,112,8,3.1,2.0,43.0,0.1966,115570.0,High
V8883,Vendor_181_Inc,Textiles,13,4732,3672,2603,824,1113,6,3.41,7.0,65.0,0.1828,228242.0,
V8965,Vendor_434_Corp,Office Supplies,3,2936,1258,958,804,35,2,2.27,5.0,17.0,0.1168,348752.0,0
V2425,Vendor_883_LLC,Textiles,11,1074,682,44,191,229,7,2.48,4.0,41.0,0.2083,373734.0,Low
V7258,Vendor_328_Corp,IT Hardware,21,4063,3560,606,2691,974,1,4.72,2.0,6.0,0.1374,228839.0,0
V3897,Vendor_366_Inc,Machinery,20,4882,2900,384,780,796,29,4.25,N/A,N/A,0.2534,368858.0,0
V7359,Vendor_920_Co,Electronics,9,4122,1484,948,562,1427,19,2.35,9.0,63.0,0.0522,237834.0,High
V6519,Vendor_620_Co,Chemicals,16,158,5,1,5,4,5,3.7,6.0,48.0,0.0302,349489.0,0
V5077,Vendor_779_Inc,Chemicals,22,4395,2347,1050,1508,1855,22,4.64,3.0,13.0,0.2615,377041.0,high
V9703,Vendor_687_LLC,Electronics,22,684,281,211,175,116,8,3.82,3.0,71.0,0.2038,210304.0,High Risk
V7043,Vendor_935_Co,Electronics,30,3579,927,174,90,195,23,4.6,5.0,6.0,0.0332,497576.0,High
V5093,Vendor_196_Ltd,Raw Materials,26,3322,1852,1138,1532,1126,26,2.42,1.0,8.0,0.2491,117543.0,0
V7468,Vendor_471_Ltd,Machinery,24,3042,1717,1315,1576,1715,5,3.76,8.0,62.0,0.2922,44824.0,
V6921,Vendor_746_Corp,Office Supplies,9,2031,496,244,17,471,20,3.37,3.0,33.0,0.0742,304217.0,YES
V9505,Vendor_667_Co,IT Hardware,19,591,234,77,92,56,19,2.03,8.0,30.0,0.1967,238675.0,low
V1796,Vendor_462_LLC,Office Supplies,8,1754,1719,1254,113,1484,17,3.72,5.0,10.0,0.2702,389811.0,0
V7099,Vendor_325_Co,Machinery,14,4892,4570,2305,2111,3700,30,2.18,8.0,38.0,0.1547,484090.0,1
V3630,Vendor_535_Inc,Chemicals,2,2388,430,238,257,297,26,2.24,7.0,23.0,0.2208,454656.0,0
V6179,Vendor_236_Inc,Electronics,9,4934,1387,447,385,183,29,4.86,6.0,59.0,0.0981,362502.0,High
V7352,Vendor_376_Co,Office Supplies,22,1055,50,45,32,0,30,3.45,2.0,49.0,0.1394,370051.0,No
V5403,Vendor_460_Ltd,IT Hardware,25,4324,4203,1810,1605,1458,18,2.82,6.0,4.0,0.0836,311536.0,High
V7051,Vendor_810_Inc,Packaging,17,707,325,47,309,284,5,4.28,5.0,20.0,0.2918,100149.0,YES
V3092,Vendor_857_LLC,Food & Beverage,28,2121,1881,1387,617,1848,16,3.71,8.0,54.0,,81000.0,low
V8362,Vendor_402_Inc,Automotive,12,4552,1313,141,1087,317,15,2.0,9.0,49.0,0.2201,463910.0,0
V4626,Vendor_294_Inc,Textiles,25,278,161,25,12,155,12,4.17,4.0,54.0,0.0609,125841.0,0
V4051,Vendor_175_Inc,Textiles,7,2822,1342,698,1241,366,21,4.75,3.0,69.0,0.1408,287080.0,NO
V9403,Vendor_936_Co,IT Hardware,22,208,111,19,10,20,4,3.24,10.0,39.0,0.0109,300244.0,high
V5250,Vendor_304_Ltd,Food & Beverage,28,1927,769,431,176,416,28,2.22,6.0,59.0,0.2086,281829.0,High 
V2571,Vendor_150_Ltd,IT Hardware,18,4434,2173,1153,1218,972,27,3.47,1.0,47.0,0.0011,46942.0,High
V9020,Vendor_546_Inc,Packaging,9,4015,1944,1289,1317,451,15,,8.0,17.0,0.1331,250464.0,1
V7603,Vendor_172_Ltd,Raw Materials,19,2547,716,447,392,475,7,4.79,1.0,3.0,0.0516,340771.0,YES
V9915,Vendor_914_Ltd,Office Supplies,10,3305,2752,665,1205,2519,19,2.95,9.0,8.0,0.129,400764.0,Low
V4495,Vendor_634_Corp,Raw Materials,4,4957,4292,2759,3587,984,17,2.88,10.0,22.0,0.0592,225733.0,Low
V6271,Vendor_820_Ltd,Electronics,25,4578,3965,3216,1021,2145,25,4.29,10.0,39.0,0.0622,436665.0,1
V9694,Vendor_590_LLC,Chemicals,1,4353,388,324,367,131,11,4.52,8.0,9.0,0.1396,372552.0,High Risk
V6118,Vendor_711_LLC,IT Hardware,1,645,236,111,169,97,16,2.17,9.0,29.0,0.2546,154081.0,0
V8173,Vendor_594_Ltd,IT Hardware,11,4954,4475,1470,556,4025,14,4.74,5.0,62.0,0.1994,100123.0,Low Risk
V1819,Vendor_203_Co,IT Hardware,28,3963,3326,3300,3212,2096,4,3.07,8.0,25.0,0.0878,456793.0,high
V3322,Vendor_422_Ltd,Automotive,1,439,167,141,122,94,21,3.3,6.0,51.0,0.0534,322431.0,
V7856,Vendor_536_LLC,Textiles,17,3811,1288,976,1036,1241,1,3.07,8.0,25.0,0.159,443045.0,High Risk
V1019,Vendor_236_Corp,Packaging,4,2007,1900,771,803,1243,1,4.9,10.0,26.0,0.0554,278118.0,
V3721,Vendor_159_Inc,Packaging,27,710,58,57,37,5,22,3.74,9.0,61.0,0.1823,320467.0,high
V6244,Vendor_148_Ltd,Office Supplies,16,1566,631,607,53,139,24,4.04,,7.0,0.1153,191210.0,High
V3177,Vendor_935_Inc,Textiles,22,3266,3210,2904,1325,1841,11,4.87,10.0,24.0,0.0022,411625.0,0
V4057,Vendor_578_LLC,Packaging,26,574,189,14,166,168,25,3.52,2.0,10.0,0.0829,226339.0,High Risk
V6478,Vendor_120_Ltd,Packaging,11,1875,1396,1321,1327,1376,24,4.98,7.0,11.0,0.2715,5745.0,high
V1152,Vendor_289_LLC,Food & Beverage,2,699,178,37,135,6,21,4.32,7.0,3.0,0.1872,465538.0,
V6257,Vendor_148_LLC,Office Supplies,11,3881,3216,2984,2697,2895,20,2.75,2.0,21.0,0.2658,97809.0,low
V9480,Vendor_987_Inc,Office Supplies,11,122,14,7,10,4,6,2.81,7.0,60.0,0.0358,115299.0,0
V7923,Vendor_883_Corp,IT/IS,28,3740,240,67,165,219,13,4.05,8.0,4.0,0.1221,108968.0,0
V4567,Vendor_386_Inc,Machinery,1,3709,746,31,266,240,8,3.84,6.0,14.0,0.1734,205784.0,High Risk
V8124,Vendor_628_Corp,Office Supplies,25,3101,2658,2434,40,479,29,2.11,6.0,1.0,0.0164,212048.0,Low Risk
V6296,Vendor_623_Inc,Packaging,13,1722,129,20,7,29,15,4.53,2.0,29.0,0.1431,365068.0,0
V2284,Vendor_994_LLC,IT Hardware,11,4243,3559,881,2939,1696,20,4.16,6.0,18.0,0.2113,34891.0,1
V5749,Vendor_401_Inc,Food & Beverage,29,22,22,17,6,6,29,4.5,5.0,65.0,0.2522,262669.0,High Risk
V1072,Vendor_656_Inc,Food & Beverage,9,724,197,52,64,121,30,3.68,4.0,39.0,0.1705,492671.0,High Risk
V8364,Vendor_456_LLC,Textiles,5,1272,802,143,569,556,6,3.76,8.0,57.0,0.244,491293.0,low
V4772,Vendor_969_Ltd,Textiles,21,1804,102,94,93,58,19,3.42,9.0,48.0,0.102,381720.0,0
V5206,Vendor_759_Inc,Office Supplies,1,3305,1990,730,1436,310,27,2.72,6.0,62.0,0.1768,259909.0,0
V7878,Vendor_603_Corp,Office Supplies,23,2529,425,105,271,121,9,2.28,4.0,67.0,0.1239,470540.0,Low
V9950,Vendor_363_Corp,Automotive,15,1204,267,72,178,126,11,4.37,,50.0,0.026,213449.0,Low
V6762,Vendor_176_Ltd,Food & Beverage,11,2574,1281,1083,1264,499,1,2.15,6.0,53.0,0.2669,199940.0,high
V5851,Vendor_554_Co,Packaging,1,2253,1331,1228,1024,1193,23,3.21,4.0,14.0,0.203,290205.0,high
V2448,Vendor_712_Inc,Food & Beverage,27,1906,1465,96,586,745,16,3.63,6.0,48.0,0.2179,284517.0,0
V7220,Vendor_838_Ltd,Electronics,22,4849,4675,1597,707,4035,28,4.26,8.0,2.0,0.0004,90791.0,YES
V3956,Vendor_572_Co,Packaging,15,81,65,3,63,5,9,4.2,7.0,37.0,0.0491,144923.0,0
V6855,Vendor_728_Inc,Chemicals,3,4578,1619,1360,960,1052,16,4.98,1.0,3.0,0.1798,260862.0,1
V4956,Vendor_738_Ltd,Food & Beverage,15,404,337,259,205,260,23,2.15,3.0,45.0,0.2144,480825.0,YES
V1277,Vendor_644_LLC,Packaging,6,4549,2787,1964,933,2365,4,4.11,9.0,53.0,0.1991,153310.0,
V7620,Vendor_156_Ltd,Packaging,21,3233,3123,1708,23,3122,26,2.42,8.0,36.0,0.0058,370276.0,1
V8142,Vendor_348_Inc,Textiles,22,2114,724,704,125,631,24,2.24,1.0,70.0,0.2511,168457.0,YES
V1054,Vendor_228_Ltd,Automotive,28,4428,2220,843,1907,1144,1,3.14,3.0,3.0,0.1802,74993.0,0
V7659,Vendor_530_Co,Automotive,2,1975,1745,1441,19,339,26,2.61,,27.0,0.1689,385005.0,Low Risk
V8624,Vendor_165_LLC,Textiles,10,1443,774,331,349,768,19,4.52,8.0,34.0,0.2094,50673.0,NO
V1108,Vendor_933_Inc,Automotive,11,3652,1026,490,824,28,12,4.74,6.0,40.0,0.2094,11934.0,High Risk
V8521,Vendor_658_Corp,IT Hardware,24,375,237,40,230,192,1,4.45,9.0,47.0,0.2625,180173.0,
V3885,Vendor_636_Corp,Electronics,16,4571,4393,1313,3114,3920,5,4.14,3.0,1.0,0.2172,291442.0,1
V5274,Vendor_810_Co,Raw Materials,14,3772,2127,313,1365,1833,28,3.46,7.0,42.0,0.1301,26755.0,YES
V2835,Vendor_243_Co,Raw Materials,15,1423,443,324,422,279,3,4.66,9.0,30.0,0.106,452264.0,High
V1561,Vendor_636_LLC,Food & Beverage,16,2578,2413,1219,350,205,15,2.96,8.0,30.0,0.2001,402068.0,YES
V9777,Vendor_494_Co,Office Supplies,27,1655,1249,22,139,1151,15,2.19,4.0,66.0,0.1621,475323.0,NO
V8606,Vendor_505_Inc,Chemicals,18,66,6,0,1,3,22,4.29,8.0,52.0,0.0893,235789.0,Low Risk
V3833,Vendor_750_Corp,Chemicals,9,2267,813,705,517,419,18,3.05,6.0,60.0,0.1705,-1000.0,1
V8941,Vendor_414_Corp,Textiles,6,4451,4161,1,2316,1474,17,2.49,6.0,1.0,0.1333,181603.0,Low
V9577,Vendor_769_Ltd,Food & Beverage,28,3460,1917,281,1775,883,27,2.55,1.0,64.0,0.2706,388814.0,High Risk
V3032,Vendor_847_Ltd,Automotive,14,1078,429,209,126,385,18,2.17,9.0,67.0,0.295,67894.0,YES
V7925,Vendor_638_Ltd,Food & Beverage,10,3602,3283,1039,2990,394,23,2.83,10.0,51.0,0.0357,488424.0,Low
V1295,Vendor_365_LLC,Packaging,30,1795,245,61,141,119,4,4.25,6.0,69.0,0.1466,374465.0,Low Risk
V5372,Vendor_934_Inc,Automotive,4,1557,364,197,131,142,13,2.91,5.0,54.0,0.2731,415535.0,Low
V7464,Vendor_466_Ltd,IT Hardware,14,1273,94,19,1,57,13,4.27,6.0,67.0,0.0242,109339.0,High
V4950,Vendor_576_Inc,Raw Materials,29,4320,3835,1925,484,238,30,3.95,7.0,56.0,0.2642,388414.0,YES
V9451,Vendor_604_Inc,Machinery,21,1383,261,36,125,114,25,4.04,5.0,23.0,0.0221,151598.0,NO
V8009,Vendor_337_Corp,Automotive,17,4389,304,206,138,171,16,3.92,9.0,,0.1788,278404.0,High Risk
V3523,Vendor_968_Co,Raw Materials,30,4332,4210,2567,2554,3719,5,2.66,6.0,TBD,0.2925,456007.0,Low Risk
V5448,Vendor_288_Corp,Packaging,1,3368,862,247,847,346,19,4.7,4.0,2.0,0.2057,85173.0,low
V5097,Vendor_936_Ltd,Electronics,4,4459,3851,743,787,3668,25,4.14,7.0,57.0,0.0741,18569.0,1
V1438,Vendor_458_Inc,Automotive,16,4234,798,445,83,678,12,2.62,3.0,53.0,0.0259,378264.0,Low Risk
V5878,Vendor_280_Corp,Chemicals,15,4386,4007,2220,3408,2070,11,4.7,10.0,72.0,0.074,348805.0,High Risk
V4281,Vendor_600_Co,Packaging,25,3740,3263,2339,801,2464,12,2.2,3.0,33.0,,142260.0,YES
V9473,Vendor_531_Inc,Machinery,14,1015,210,204,103,167,18,2.34,,9.0,0.2221,254336.0,1
V8179,Vendor_692_Co,Textiles,8,4257,3054,130,1734,428,9,3.98,5.0,3.0,0.1223,20505.0,NO
V3381,Vendor_575_Corp,Textiles,4,1669,1646,340,551,1386,22,3.58,7.0,21.0,0.2146,361720.0,High Risk
V6006,Vendor_868_LLC,Electronics,2,2686,1073,119,797,633,26,3.16,10.0,65.0,0.2747,262005.0,Yes
V8451,Vendor_726_Ltd,Office Supplies,18,2813,802,261,368,275,29,4.24,1.0,65.0,0.2513,397516.0,1
V1092,Vendor_253_Ltd,Automotive,14,2372,766,401,536,258,18,2.24,7.0,33.0,,425264.0,
V9814,Vendor_565_Corp,Textiles,5,2882,456,288,51,437,28,3.61,8.0,40.0,0.1325,423959.0,low
V1829,Vendor_745_Ltd,Electronics,20,103,38,24,10,37,11,4.55,2.0,36.0,0.0418,166722.0,Low
V4609,Vendor_546_Corp,IT Hardware,21,173,30,0,19,28,3,3.77,10.0,1.0,0.2444,36254.0,YES
V7453,Vendor_305_Ltd,Office Supplies,23,3231,1642,445,33,126,30,99.0,1.0,46.0,0.2036,204864.0,High
V7629,Vendor_552_LLC,Raw Materials,24,2348,728,549,467,326,4,4.3,2.0,60.0,0.1153,2276.0,0
V8078,Vendor_699_Corp,Chemicals,8,1280,176,69,36,50,2,3.42,6.0,32.0,0.2435,334994.0,high
V8794,Vendor_646_Inc,Packaging,11,3472,702,683,106,419,25,6.0,7.0,1.0,0.099,249186.0,High Risk
V4721,Vendor_612_Inc,Packaging,16,527,12,0,9,5,24,4.83,,,0.1172,147028.0,1
V5719,Vendor_282_Co,Office Supplies,10,4829,3456,1489,3262,1299,20,4.73,2.0,55.0,0.2956,14314.0,0
V3494,Vendor_214_Co,Electronics,29,2817,2237,2181,1552,1691,30,2.26,5.0,21.0,0.1455,247678.0,Low Risk
V8864,Vendor_351_Inc,IT Hardware,21,1266,644,626,286,203,4,4.86,9.0,9.0,0.1049,266656.0,0
V1977,Vendor_823_LLC,Office Supplies,21,1076,932,746,211,184,5,6.0,2.0,10.0,0.2508,436228.0,
V9213,Vendor_831_Corp,Textiles,12,3821,908,540,609,506,15,4.18,8.0,30.0,0.1958,65920.0,High
V3063,Vendor_898_Co,Textiles,8,3219,2342,1756,2129,1864,23,2.15,3.0,42.0,0.234,475723.0,1
V8533,Vendor_770_Co,Machinery,20,4336,3510,1117,463,2576,20,4.51,10.0,62.0,0.1809,,
V9425,Vendor_519_Corp,Food & Beverage,6,260,129,82,10,55,20,2.9,1.0,53.0,0.0419,240846.0,1
V8451,Vendor_421_LLC,Chemicals,6,2545,2241,357,2043,385,3,2.84,6.0,46.0,0.0268,94945.0,NO
V6006,Vendor_421_Co,Raw Materials,4,1124,6,3,1,5,6,2.75,3.0,53.0,0.2378,168457.0,low
V8428,Vendor_184_Inc,Machinery,19,3868,802,55,538,702,1,2.59,1.0,20.0,0.0078,28288.0,Low
V1672,Vendor_505_LLC,Machinery,16,339,184,149,41,174,2,3.16,8.0,15.0,0.0086,71952.0,High Risk
V2249,Vendor_666_LLC,Textiles,20,296,88,6,51,65,4,2.39,9.0,59.0,0.238,352045.0,1
V9393,Vendor_698_Co,Packaging,25,4830,648,420,478,154,30,3.38,6.0,49.0,0.0376,77735.0,low
V6988,Vendor_503_Co,Food & Beverage,4,1147,820,248,76,73,23,,2.0,54.0,0.0389,262663.0,High Risk
V2738,Vendor_546_Corp,IT Hardware,18,3914,2025,787,810,396,23,3.31,5.0,7.0,0.1117,131429.0,low
V1846,Vendor_264_Corp,Machinery,6,1532,1298,44,266,1068,22,3.21,1.0,11.0,0.2177,207327.0,high
V2236,Vendor_752_Co,Machinery,6,1917,1474,1289,18,1036,29,3.57,6.0,42.0,0.1375,227306.0,low
V8340,Vendor_434_Inc,Raw Materials,5,4904,3718,705,2438,1399,14,2.64,1.0,8.0,,319373.0,high
V6876,Vendor_572_LLC,Food & Beverage,24,4152,3636,2466,3204,2842,15,3.1,5.0,14.0,0.0065,310485.0,High
V7879,Vendor_869_Ltd,IT Hardware,21,463,9,0,4,7,9,4.87,10.0,21.0,0.2681,265030.0,0
V7122,Vendor_524_Corp,Textiles,14,4767,4116,3293,1012,1426,9,2.12,3.0,71.0,0.1922,69736.0,High Risk
V7157,Vendor_262_Co,Textiles,28,4604,65,19,13,37,3,2.67,8.0,12.0,0.1047,246623.0,YES
V9479,Vendor_922_Corp,Electronics,20,2074,1341,688,689,402,2,2.8,,65.0,0.1088,166434.0,High Risk
V2519,Vendor_701_Inc,Machinery ,11,2196,1171,707,331,173,16,3.99,1.0,31.0,0.023,23202.0,high
V1369,Vendor_663_Ltd,Raw Materials,3,1752,953,510,253,722,9,4.8,3.0,,0.196,426015.0,
V8605,Vendor_236_Co,IT Hardware,17,4690,1536,1198,252,352,8,4.75,4.0,51.0,0.0313,223622.0,low
V2775,Vendor_506_Ltd,Machinery,13,4393,3808,446,351,738,11,2.19,6.0,63.0,0.0638,389646.0,low
V9823,Vendor_179_Inc,Packaging,28,3909,632,565,244,222,4,4.38,4.0,40.0,0.0825,485553.0,0
V1219,Vendor_776_LLC,Food & Beverage,21,3544,1557,690,426,1098,29,4.0,5.0,67.0,0.0311,401744.0,
V8563,Vendor_552_Ltd,Automotive,26,954,351,24,101,183,28,4.31,2.0,6.0,0.1169,494871.0,YES
V4692,Vendor_231_Corp,Electronics,16,3592,209,24,55,24,21,2.04,4.0,22.0,0.0847,71137.0,low
V6770,Vendor_162_Corp,Food & Beverage,16,3303,2059,36,488,1832,12,2.83,6.0,5.0,0.0661,40932.0,high
V5250,Vendor_288_Corp,Raw Materials,29,3708,3568,1719,2149,876,29,3.29,5.0,22.0,0.0596,494848.0,high
V4325,Vendor_161_Ltd,Raw Materials,9,3693,2790,1481,2029,1941,28,4.74,1.0,11.0,0.1478,134649.0,
V2460,Vendor_412_Ltd,Chemicals,6,1070,545,399,472,236,11,4.31,9.0,67.0,0.2202,125651.0,0
V5560,Vendor_112_LLC,Office Supplies,10,855,402,299,391,401,25,2.43,2.0,55.0,0.2981,135140.0,NO
V8018,Vendor_500_LLC,Automotive,21,4008,2296,1208,124,68,1,99.0,2.0,31.0,0.1447,294624.0,0
V2829,Vendor_350_Co,Chemicals,3,4553,2550,1204,1969,1276,16,,8.0,35.0,0.0294,471069.0,High Risk
V2820,Vendor_693_Co,Textiles,6,1462,319,208,213,294,28,3.24,1.0,43.0,0.1963,319982.0,0
V1908,Vendor_611_Co,Office Supplies,12,641,508,233,261,184,6,2.77,2.0,15.0,0.0685,267770.0,0
V1580,Vendor_730_Ltd,Food & Beverage,9,2987,1484,10,1003,707,7,4.34,7.0,37.0,0.2014,479543.0,Low Risk
V1496,Vendor_482_Co,Packaging,29,4279,2451,117,928,448,24,2.73,6.0,2.0,,189777.0,High Risk
V9677,Vendor_388_Inc,Packaging,26,3524,2505,499,2453,530,23,4.59,6.0,61.0,0.0189,235397.0,Low
V7670,Vendor_618_Corp,Automotive,3,3319,2354,19,1069,716,17,,2.0,66.0,0.287,460335.0,high risk
V6997,Vendor_460_Co,Chemicals,22,963,517,14,97,185,9,2.95,,42.0,0.0498,139207.0,0
V5109,Vendor_444_Co,Machinery,3,2217,1273,327,1099,1056,22,4.29,1.0,37.0,0.1797,399571.0,YES
V8258,Vendor_788_Inc,Raw Materials,7,3919,1660,1232,566,1594,20,,6.0,48.0,0.2418,131242.0,0
V6483,Vendor_366_Inc,Packaging,18,3913,3436,2579,394,1842,18,4.8,5.0,45.0,High,64563.0,Low
V6435,Vendor_476_Inc,Raw Materials,8,2393,2100,1142,1989,1418,24,4.04,7.0,3.0,,433049.0,Low Risk
V1040,Vendor_970_Inc,Machinery,1,3105,2657,2496,600,460,16,2.26,3.0,54.0,0.0126,30178.0,High Risk
V2318,Vendor_252_LLC,Chemicals,19,2324,2123,1156,310,719,13,2.1,10.0,27.0,0.2272,23202.0,NO
V6009,Vendor_984_Co,Textiles,7,2202,2117,832,692,912,9,4.81,6.0,21.0,0.0304,293480.0,NO
V3872,Vendor_487_Inc,Chemicals,5,2933,914,681,603,834,6,4.19,10.0,51.0,0.2552,405137.0,Low Risk
V7646,Vendor_171_Co,Machinery,5,1520,973,481,48,219,17,3.52,8.0,44.0,0.2645,167181.0,low
V7650,Vendor_302_Co,Textiles,16,4498,1886,136,179,592,14,3.63,5.0,36.0,0.0198,407507.0,0
V1677,Vendor_959_Corp,Food & Beverage,14,1571,793,117,175,195,12,2.09,3.0,68.0,0.19,419768.0,YES
V7122,Vendor_137_Inc,Packaging,4,4748,949,194,935,410,19,2.28,10.0,29.0,0.25,303193.0,high
V3702,Vendor_604_Inc,IT Hardware,8,1562,96,77,59,39,14,3.22,4.0,41.0,0.1439,405693.0,NO
V3291,Vendor_704_Corp,Chem,14,3998,2975,2429,413,2509,18,2.8,2.0,50.0,0.1893,55375.0,1
V5986,Vendor_601_LLC,Automotive,8,4247,201,97,21,120,24,3.18,7.0,37.0,0.1464,270392.0,
V7820,Vendor_771_Ltd,Chemicals,18,4050,1147,1036,1129,612,29,2.47,4.0,22.0,0.2373,209978.0,High
V5774,Vendor_650_Ltd,Raw Materials,3,3165,3001,1075,1650,2464,6,2.97,8.0,,0.194,198037.0,
V5656,Vendor_515_Inc,Raw Materials,17,2098,1441,1404,1265,1169,7,4.41,9.0,39.0,0.0338,243243.0,1
V7053,Vendor_817_Inc,Chemicals,14,3029,575,217,261,438,24,2.19,1.0,29.0,,284976.0,High
V1714,Vendor_166_Inc,Raw Materials,8,4423,496,358,177,434,15,4.01,7.0,23.0,0.1232,133155.0,Low Risk
V7117,Vendor_817_Ltd,Electronics,22,3361,535,467,505,391,6,2.84,1.0,4.0,0.0467,78315.0,1
V7380,Vendor_111_Co,Chemicals,2,239,72,58,15,72,21,3.95,10.0,57.0,0.0128,476559.0,Low
V2655,Vendor_701_Ltd,Electronics ,26,4275,3017,336,1450,1415,15,3.99,9.0,10.0,0.1228,320619.0,1
V1820,Vendor_713_Inc,Chemicals,14,1005,888,501,471,375,11,Poor,1.0,70.0,0.0802,154742.0,Low
V1434,Vendor_216_Inc,Electronics,11,97,17,17,4,11,11,3.81,7.0,58.0,0.2981,444339.0,
V7471,Vendor_902_Co,Automotive,16,4997,4111,310,2438,4070,21,2.67,2.0,,0.139,231171.0,YES
V1955,Vendor_971_Ltd,Raw Materials,2,3501,1775,269,945,146,10,,1.0,32.0,,109398.0,NO
V8693,Vendor_914_LLC,Automotive,27,1985,1283,1269,1193,1018,22,3.37,3.0,57.0,0.1654,246251.0,high
V9624,Vendor_350_Co,Textiles,10,4012,1545,961,163,611,18,3.64,8.0,67.0,0.2067,338580.0,High Risk
V1615,Vendor_222_Corp,IT Hardware,15,1202,423,231,252,269,17,3.75,6.0,,0.2111,249995.0,NO
V4795,Vendor_435_LLC,Automotive,21,3539,289,224,255,42,19,3.82,10.0,50.0,0.2319,308603.0,Low
V6706,Vendor_511_LLC,Office Supplies,30,1935,1729,1053,1078,1142,11,3.67,7.0,54.0,0.0175,171107.0,
V4222,Vendor_865_LLC,Automotive,11,1387,4,0,0,2,7,3.63,4.0,13.0,0.0012,332249.0,
V6568,Vendor_176_Corp,Textiles,22,4864,1658,1239,1226,538,28,3.59,,20.0,0.1849,38016.0,high
V5624,Vendor_886_Inc,IT Hardware,19,934,359,245,236,87,5,3.52,7.0,14.0,0.0978,341499.0,1
V6379,Vendor_857_Corp,Electronics,12,4708,4308,3910,3586,1801,28,4.06,10.0,60.0,0.0637,158337.0,
V7586,Vendor_583_Corp,Office Supplies,12,1290,506,62,298,234,10,4.89,2.0,53.0,0.153,483675.0,High
V8476,Vendor_828_Ltd,Raw Materials,27,1144,849,333,387,280,3,3.02,9.0,17.0,0.2651,383178.0,1
V6210,Vendor_234_Co,Machinery,24,705,606,304,583,281,30,2.23,4.0,31.0,0.1507,216612.0,0
V8912,Vendor_719_Co,IT Hardware,18,2142,2138,374,664,364,19,2.13,9.0,66.0,,334210.0,Low Risk
V8922,Vendor_742_Inc,Textiles,5,2341,21,6,13,5,19,3.04,3.0,38.0,0.038,117281.0,0
V2311,Vendor_437_Ltd,Office Supplies,16,633,2,1,0,2,30,3.67,4.0,10.0,0.2376,119969.0,
V8507,Vendor_546_Corp,Packaging,2,1955,647,134,9,0,10,2.46,6.0,72.0,0.1979,263655.0,
V1118,Vendor_170_Co,Machinery,30,4701,174,66,174,172,19,4.39,9.0,66.0,0.0239,392095.0,High Risk
V4161,Vendor_828_LLC,Food & Beverage,29,3826,827,290,114,762,17,4.45,6.0,17.0,0.0319,492378.0,YES
V3849,Vendor_703_Corp,Chemicals,13,2140,186,54,115,44,15,2.23,7.0,44.0,0.1523,181756.0,YES
V1727,Vendor_229_Co,IT Hardware,7,1426,547,290,254,89,26,2.43,1.0,28.0,0.299,248333.0,YES
V5290,Vendor_376_Co,Office Supplies,17,2967,178,1,154,47,15,3.68,8.0,45.0,0.1918,27104.0,YES
V4519,Vendor_711_Co,IT Hardware,19,3232,1332,575,864,576,16,-1.0,4.0,1.0,0.2205,486023.0,0
V8313,Vendor_650_Corp,Office Supplies,8,4784,3587,3574,1844,2530,21,4.92,5.0,46.0,0.1279,154051.0,High
V2231,Vendor_987_Ltd,Electronics,19,553,219,37,93,84,4,3.09,4.0,9.0,0.2864,466961.0,High
V7427,Vendor_532_Ltd,IT Hardware,17,4272,707,444,661,188,16,2.81,3.0,21.0,0.2639,460862.0,1
V8066,Vendor_454_Ltd,Automotive,29,1316,297,263,145,100,24,4.61,9.0,64.0,0.2354,87333.0,0
V4975,Vendor_692_Corp,Automotive,5,2527,1558,195,291,283,10,4.23,2.0,37.0,0.221,389579.0,high
V2335,Vendor_411_Corp,Raw Materials,5,2837,500,13,448,83,30,3.63,4.0,12.0,0.1714,193750.0,High Risk
V4555,Vendor_294_LLC,IT Hardware,23,4953,2948,1771,2002,990,16,2.64,3.0,27.0,0.1697,452208.0,high
V9249,Vendor_477_Corp,Raw Materials,9,3209,3049,2516,1827,264,22,4.72,8.0,57.0,0.1397,63496.0,high
V2836,Vendor_786_Co,Raw Materials,23,2762,2630,2147,1018,213,26,4.48,5.0,56.0,0.0675,97581.0,1
V9083,Vendor_906_Inc,Machinery,13,1934,1655,180,259,814,5,2.92,8.0,65.0,0.2739,267342.0,Low
V2918,Vendor_665_Inc,Chemicals,18,4785,4322,1015,2417,4227,2,3.95,1.0,7.0,0.2707,325229.0,High Risk
V7609,Vendor_247_Ltd,Food & Beverage,9,359,135,116,133,51,21,3.09,6.0,26.0,0.1165,364303.0,1
V3994,Vendor_491_Ltd,Chemicals,1,3499,1163,321,884,313,2,3.78,5.0,14.0,0.1436,92764.0,Low
V4260,Vendor_143_LLC,Chemicals,3,3008,823,390,540,374,23,4.1,7.0,41.0,0.1476,115724.0,high
V2472,Vendor_559_Co,Electronics,30,3489,1254,329,726,133,28,4.21,8.0,42.0,0.2843,485197.0,low
V1397,Vendor_534_Ltd,Automotive,10,1719,1050,170,740,156,10,4.1,9.0,10.0,0.0356,322302.0,1
V5280,Vendor_855_Co,Office Supplies,6,2365,1351,610,279,298,10,2.72,3.0,30.0,0.2074,406797.0,NO
V1359,Vendor_267_Inc,IT Hardware,22,4849,778,130,315,418,13,4.3,2.0,56.0,0.1277,496614.0,0
V2133,Vendor_931_Inc,Food & Beverage,21,4183,2339,1541,845,1826,18,3.49,1.0,67.0,0.201,188158.0,YES
V6818,Vendor_673_Inc,Packaging,27,2999,2583,2397,2258,1161,10,2.41,1.0,42.0,0.0883,264187.0,NO
V1667,Vendor_935_Co,Textiles,30,1304,1190,767,5,724,26,3.17,1.0,14.0,0.2199,227631.0,Low
V9082,Vendor_,Packaging,7,456,397,75,160,8,15,2.64,,42.0,0.0014,423230.0,0
V9029,Vendor_387_Inc,Food & Beverage,8,4284,1970,1183,978,1354,3,2.79,5.0,11.0,0.1059,439064.0,1
V6138,Vendor_482_Corp,Textiles,17,1066,902,375,524,865,15,2.79,1.0,8.0,0.2223,129354.0,NO
V5485,Vendor_255_LLC,Raw Materials,5,3401,1684,621,907,1527,6,2.08,10.0,35.0,0.1817,322054.0,1
V3907,Vendor_319_Ltd,Machinery,29,522,195,7,18,120,20,2.82,5.0,22.0,0.0311,87586.0,0
V6256,Vendor_111_Co,Raw Materials,19,4968,185,59,80,178,20,4.26,7.0,70.0,0.2579,492539.0,NO
V6246,Vendor_952_LLC,Food & Beverage,8,2201,281,75,259,147,21,2.41,Good,62.0,0.2621,259780.0,1
V3396,Vendor_253_Co,Machinery,1,1001,644,641,502,178,10,3.54,7.0,59.0,0.2315,,High Risk
V5128,Vendor_906_LLC,Food & Beverage,27,4822,463,272,301,64,16,,9.0,11.0,0.0328,100319.0,
V7783,Vendor_134_Corp,Packaging,7,1043,120,0,108,74,11,2.6,1.0,46.0,0.0661,417487.0,
V4013,Vendor_960_LLC,Automotive,15,1240,815,29,428,527,19,2.94,7.0,10.0,0.0921,45370.0,
V6996,Vendor_353_Corp,Raw Materials,30,1251,482,145,333,90,5,3.9,2.0,37.0,0.0036,3042.0,1
V1556,Vendor_849_Ltd,Automotive,5,4163,128,10,118,81,7,3.97,4.0,61.0,0.0705,473321.0,
V3602,Vendor_203_LLC,Raw Materials,25,1052,18,6,17,14,28,4.4,2.0,6.0,0.1902,472354.0,Low
V6324,Vendor_477_Corp,Office Supplies,28,443,162,133,23,48,22,3.24,5.0,1.0,0.0077,314064.0,NO
V1505,Vendor_314_LLC,Office Supplies,11,2556,154,13,113,33,26,4.33,9.0,48.0,0.2406,235033.0,1 
V7167,Vendor_590_Inc,Textiles,6,3545,1400,370,1167,456,15,3.11,5.0,44.0,0.2023,136506.0,0
V6429,Vendor_120_Corp,Textiles,14,2708,2409,1553,1792,305,29,4.01,7.0,35.0,0.0276,7837.0,YES
V9049,Vendor_235_Ltd,Textiles,30,3136,1343,716,1259,829,19,2.26,3.0,17.0,0.1773,188131.0,High
V1369,Vendor_906_Ltd,Electronics,27,4838,1882,516,573,776,28,4.86,7.0,34.0,0.2123,357542.0,0
V2826,Vendor_670_Co,Machinery,1,2641,1854,1531,769,109,9,2.32,6.0,,,257090.0,High
V4048,Vendor_259_LLC,IT Hardware,28,1219,144,87,86,89,21,4.52,2.0,44.0,0.1793,348204.0,YES
V6438,Vendor_723_Ltd,Raw Materials,23,3787,3111,2508,1022,2176,6,2.13,8.0,,0.0572,242594.0,SAFE
V6919,Vendor_352_Ltd,Electronics,12,4917,1479,119,1407,978,4,2.21,2.0,55.0,0.2048,33436.0,1
V1874,Vendor_685_Inc,Office Supplies,12,810,53,1,44,10,26,3.63,9.0,,0.0423,178316.0,low
V6985,Vendor_891_Ltd,Textiles,24,424,177,69,0,121,6,3.44,10.0,54.0,0.1958,60485.0,0
V2911,Vendor_190_Ltd,Textiles,15,2000,28,4,28,28,8,4.38,10.0,1.0,0.0845,356644.0,Low
V2457,Vendor_657_LLC,IT Hardware,27,728,263,126,28,99,29,2.72,1.0,11.0,0.0325,,
V8730,Vendor_478_Corp,IT Hardware,15,4032,1195,953,1035,591,30,4.57,4.0,45.0,0.049,491012.0,0
V1791,Vendor_153_Inc,Chemicals,10,3333,1467,115,218,1095,1,4.25,8.0,57.0,0.117,-10000.0,YES
V7013,Vendor_274_Corp,Food & Beverage,15,3289,1990,1786,1839,210,21,2.31,1.0,61.0,0.2481,,High
V9518,Vendor_445_LLC,Packaging,18,1990,1503,1376,1205,399,1,4.02,2.0,2.0,0.1234,276389.0,1
V4539,Vendor_705_Inc,Chemicals,5,2465,881,137,616,565,24,3.87,2.0,71.0,0.0765,201163.0,YES
V8115,Vendor_326_LLC,Chemicals,9,2950,178,51,124,18,28,3.83,5.0,40.0,0.2105,284726.0,0
V3873,Vendor_211_LLC,IT Hardware,21,864,154,120,44,89,18,3.07,8.0,17.0,0.0775,193271.0,Low
V1269,Vendor_896_Co,Textiles,30,283,283,103,45,81,28,3.46,5.0,46.0,0.0393,120495.0,0
V3856,Vendor_143_Ltd,Office Supplies,21,3464,2416,2115,608,995,10,4.44,7.0,13.0,0.2579,45825.0,Low
V9814,Vendor_835_LLC,Textiles,4,2160,357,233,220,138,10,4.4,2.0,4.0,0.1735,475394.0,Low
V7675,Vendor_778_Corp,Automotive,21,3615,3148,1120,1640,923,24,2.32,1.0,20.0,0.0969,398740.0,Low
V1908,Vendor_591_Corp,Machinery,7,1160,190,65,33,97,26,3.74,5.0,30.0,0.2711,68972.0,low
V2888,Vendor_884_LLC,Machinery,24,3313,3218,1153,2716,1624,20,3.05,5.0,47.0,0.2219,499672.0,YES
V7851,Vendor_515_Co,IT Hardware,26,2167,277,108,248,155,8,2.91,7.0,39.0,0.1788,418534.0,Low
V4393,Vendor_654_Ltd,Textiles,4,2689,1321,1151,1283,388,8,2.64,6.0,42.0,0.0521,211836.0,YES
V9035,Vendor_861_Co,IT Hardware,23,4749,1510,336,483,130,30,4.61,9.0,27.0,0.1933,,0
V9225,Vendor_899_LLC,Machinery,24,1019,224,82,73,189,27,4.46,4.0,7.0,0.286,52815.0,
V9434,Vendor_147_LLC,Food & Beverage,29,825,115,63,40,81,10,4.96,5.0,53.0,0.2828,285539.0,0
V1246,Vendor_137_Ltd,Raw Materials,26,1317,1184,123,425,740,17,2.91,10.0,62.0,0.298,77322.0,0
V6785,Vendor_850_Inc,Machinery,24,324,268,148,187,165,5,4.24,6.0,38.0,0.2424,447310.0,high
V6273,Vendor_227_Co,Textiles,16,881,344,330,18,136,18,4.59,8.0,71.0,0.15,17903.0,
V3328,Vendor_902_Co,Textiles,2,2418,1990,57,1620,292,30,4.68,5.0,28.0,0.0549,388795.0,low
V5701,Vendor_117_Co,Office Supplies,16,1191,1189,16,574,323,10,3.15,10.0,68.0,0.0366,431943.0,High
V4747,Vendor_191_Ltd,Machinery,9,4682,1838,42,47,1143,23,4.56,1.0,52.0,0.1854,315778.0,High
V9557,Vendor_660_Co,Electronics,13,787,384,178,53,307,24,2.05,10.0,15.0,0.2555,402414.0,Low
V3181,Vendor_388_Co,Textiles,27,4206,1154,1110,1117,717,15,4.77,3.0,12.0,0.0245,107386.0,0
V4292,Vendor_389_Inc,Office Supplies,15,4283,3229,3100,2237,2634,25,2.59,7.0,52.0,0.1305,44195.0,low
V2171,Vendor_964_LLC,Automotive,4,3109,741,332,219,427,30,4.49,5.0,66.0,0.1358,419794.0,high
V8883,Vendor_134_Ltd,Office Supplies,17,2379,1009,258,728,876,13,4.09,8.0,23.0,0.0601,251889.0,NO
V5693,Vendor_676_Ltd,IT Hardware,18,1902,1138,563,253,770,21,,5.0,4.0,0.0343,33010.0,low
V5164,Vendor_788_Corp,Electronics,19,2060,1111,261,33,656,6,4.34,4.0,14.0,0.1725,490731.0,0
V8407,Vendor_211_Co,Electronics,15,3642,212,23,23,134,4,3.74,10.0,13.0,0.283,25374.0,High Risk
V9464,Vendor_339_Ltd,Food & Beverage,15,3500,2018,964,1019,1264,-1,2.2,8.0,1.0,0.1532,468018.0,
V1807,Vendor_251_Inc,Chemicals,18,2321,482,93,220,44,22,3.57,8.0,42.0,0.0451,74228.0,low
V1000,Vendor_847_Ltd,IT Hardware,15,241,54,26,34,19,6,2.47,8.0,24.0,0.0736,36493.0,0
V8697,Vendor_845_Ltd,Machinery,25,584,182,76,167,147,30,3.94,8.0,62.0,0.0516,395000.0,High
V9158,Vendor_415_Co,Packaging,10,476,233,149,186,125,11,4.62,2.0,59.0,0.0139,232573.0,YES
V9640,Vendor_859_LLC,Chemicals,8,4984,4183,3660,1174,2159,2,4.53,7.0,61.0,0.2589,35272.0,high
V8173,Vendor_402_Inc,Machinery,3,2078,1193,292,960,235,28,2.89,10.0,48.0,0.1065,294566.0,0
V5313,Unknown,Electronics,5,2098,1503,931,560,1194,22,4.49,7.0,14.0,0.0886,356337.0,YES
V3597,TBD,Food & Beverage,17,1979,1569,336,477,794,14,2.64,8.0,8.0,0.036,329176.0,1
V1267,Vendor_613_Inc,IT Hardware,22,633,280,274,279,213,2,3.49,10.0,28.0,0.1602,290595.0,High
V3964,Vendor_537_Inc,Chemicals,6,2026,214,76,93,115,11,4.76,TBD,51.0,0.0009,62517.0,Low Risk
V5505,Vendor_684_Inc,IT Hardware,3,225,118,16,60,117,14,3.74,1.0,65.0,0.0925,39371.0,1
V6486,Vendor_600_Corp,Packaging,24,1359,464,350,363,403,27,4.39,9.0,51.0,0.1569,430581.0,high
V2287,Vendor_717_LLC,Electronics,13,97,26,5,21,3,4,2.66,7.0,31.0,0.2476,352080.0,Low
V9441,Vendor_293_Ltd,IT Hardware,8,2466,612,348,221,165,1,4.61,9.0,4.0,0.022,340552.0,YES
V6705,Vendor_349_Ltd,Office Supplies,26,2573,303,87,147,252,30,2.82,3.0,,0.1048,64588.0,1
V1597,Vendor_781_Co,IT Hardware,30,2812,1211,1208,64,1038,18,4.53,10.0,,,241253.0,
V2101,Vendor_489_LLC,Textiles,13,3611,2415,1767,1795,2147,16,2.28,5.0,9.0,0.1301,287095.0,0
V8790,Vendor_617_Ltd,Packaging,1,1517,1383,682,659,1082,8,4.02,3.0,37.0,0.088,499237.0,Low Risk
V1268,Vendor_957_LLC,Textiles,24,2592,191,172,142,47,28,4.99,3.0,,0.1653,431049.0,YES
V9611,Vendor_715_LLC,IT Hardware,28,146,50,46,47,22,17,3.58,,47.0,0.1618,364695.0,High Risk
V4464,Vendor_103_Inc,Automotive,10,3931,157,26,157,77,15,2.25,4.0,36.0,TBD,167975.0,1
V7396,Vendor_803_Ltd,IT Hardware,7,47,4,4,3,3,-5,3.74,3.0,64.0,0.2771,-1000.0,1
V9132,Vendor_632_Ltd,Food & Beverage,26,4314,2898,531,2516,2304,6,4.65,4.0,38.0,0.2938,1828.0,1
V5059,Vendor_294_Ltd,Food & Beverage,17,4433,211,113,18,32,4,4.05,2.0,43.0,0.1064,492348.0,
V6583,Vendor_229_Corp,Chemicals,29,1750,324,70,277,194,4,2.73,9.0,64.0,0.2687,,Low Risk
V7872,Vendor_306_LLC,Textiles,28,3931,1639,1011,1320,275,3,3.87,8.0,2.0,0.0261,492188.0,1
V1774,Vendor_560_Co,Automotive,20,1117,589,402,256,535,20,2.15,1.0,60.0,0.1478,12478.0,Low Risk
V4032,Vendor_816_LLC,Automotive,26,1188,513,260,447,60,5,2.77,3.0,18.0,0.0684,217589.0,High Risk
V6988,Vendor_851_Co,IT Hardware,17,4441,4252,2889,1192,4205,13,3.54,2.0,70.0,0.2319,136372.0,
V5396,Vendor_148_Corp,Textiles,9,1915,1031,664,518,741,10,,5.0,60.0,0.1016,77358.0,1
V6724,Vendor_904_Co,Packaging,7,3771,2801,1032,1120,2526,23,3.82,2.0,N/A,0.226,418774.0,1
V9277,Vendor_123_LLC,Raw Materials,12,2302,1190,1050,1179,1086,8,3.67,9.0,67.0,0.0535,145406.0,Low
V7861,Vendor_509_LLC,Machinery,27,4463,4303,3226,891,3256,10,2.55,9.0,5.0,0.181,52067.0,Low
V9627,Vendor_979_Corp,Food & Beverage,14,1383,936,719,469,268,13,3.24,1.0,53.0,0.2978,460429.0,High
V4851,Vendor_242_Ltd,Machinery,30,31,1,0,1,0,15,4.23,10.0,69.0,0.2835,303603.0,NO
V9694,Vendor_277_LLC,Machinery,21,3294,904,39,39,476,25,4.47,9.0,10.0,0.1422,258238.0,
V5169,Vendor_847_Ltd,IT Hardware,16,843,257,205,227,49,24,4.43,4.0,38.0,0.0373,184133.0,NO
V6072,Vendor_510_Inc,Electronics,13,2876,33,17,10,11,19,4.63,9.0,54.0,N/A,410133.0,NO
V2713,Vendor_978_LLC,Packaging,14,3860,1425,836,682,657,23,3.49,7.0,71.0,0.011,47168.0,Low
V9490,Vendor_555_Ltd,Textiles,20,4880,3225,1080,3012,1371,9,99.0,5.0,57.0,0.2234,183908.0,Low
V8890,Vendor_203_Inc,Office Supplies,15,1161,1066,474,650,670,2,3.76,2.0,11.0,0.2181,488419.0,NO
V4271,Vendor_639_Co,Textiles,17,2222,1928,159,937,1154,9,3.6,9.0,53.0,0.2264,292873.0,0
V9677,Vendor_687_Ltd,Chemicals,14,4636,2365,1681,809,148,19,3.13,5.0,25.0,0.2294,58933.0,1
V8309,Vendor_858_Ltd,Automotive,20,1576,1488,1122,53,68,26,4.47,2.0,52.0,0.1656,485286.0,low
V5195,Vendor_759_Inc,Raw Materials,12,692,451,399,5,150,30,2.58,2.0,33.0,0.1005,38723.0,YES
V7048,Vendor_465_Co,Raw Materials,11,508,147,80,16,100,3,3.41,9.0,19.0,0.1319,115690.0,NO
V2817,Vendor_133_Corp,Textiles,4,4521,1836,447,673,451,6,3.05,10.0,4.0,0.0341,407884.0,Yes
V8664,Vendor_893_Inc,Chemicals,18,3410,3009,2854,2254,268,3,2.86,3.0,32.0,0.0659,427667.0,0
V1838,Vendor_103_Corp,Food & Beverage,3,3519,3057,882,598,844,20,4.93,6.0,46.0,0.2626,251083.0,
V8665,Vendor_416_Corp,Electronics,21,101,72,26,3,31,24,4.26,7.0,29.0,0.1841,141595.0,Low Risk
V9664,Vendor_719_Inc,Machinery,21,1077,678,369,370,603,9,2.63,7.0,12.0,0.2662,69411.0,YES
V8428,Vendor_908_Co,IT Hardware,10,1970,1647,159,356,221,28,2.0,7.0,58.0,0.0421,312469.0,high
V5193,Vendor_263_Inc,Office Supplies,23,3983,1267,1058,139,598,29,,9.0,69.0,0.1999,207518.0,High
V2312,Vendor_847_LLC,Food & Beverage,11,3909,3621,3086,1198,1547,1,3.01,4.0,54.0,0.2835,417720.0,RISK
V4415,Vendor_169_Corp,IT Hardware,14,2894,686,617,355,62,11,4.71,8.0,17.0,0.0976,238747.0,0
V5983,Vendor_638_Ltd,IT Hardware,25,4581,3177,2374,1991,2266,27,3.52,10.0,53.0,0.2219,45708.0,Low Risk
V5523,Vendor_828_Co,Office Supplies,19,4162,3506,3346,1053,2886,14,2.24,3.0,2.0,0.2369,165170.0,0
V6340,Vendor_602_Inc,Machinery,19,834,593,2,355,415,14,3.47,1.0,41.0,0.0782,430234.0,low
V4830,Vendor_652_Ltd,Automotive,29,2098,2022,1623,437,1410,2,4.23,6.0,17.0,0.1504,301207.0,0
V9041,Vendor_627_Co,Raw Materials,14,1969,1764,651,229,1236,29,-1.0,6.0,61.0,0.0334,398874.0,0
V2295,Vendor_180_LLC,Machinery,14,3426,3278,429,2505,1133,7,,4.0,37.0,0.0975,80535.0,low
V1572,Vendor_764_Co,Raw Materials,2,843,429,156,162,258,21,4.2,4.0,43.0,0.107,304546.0,low
V2697,Vendor_220_Co,Packaging,23,3412,2993,2758,1306,2782,17,2.17,3.0,1.0,0.0543,112436.0,1
V3262,Vendor_611_LLC,Electronics,7,4918,3261,316,2644,942,10,3.31,6.0,50.0,0.1962,224195.0,0
V1863,Vendor_996_Co,Food & Beverage,27,2841,2349,724,524,549,13,4.1,5.0,70.0,0.116,290271.0,1
V4204,Vendor_153_Ltd,Chemicals,11,4799,2082,487,1465,353,12,2.44,10.0,5.0,0.1904,104821.0,SAFE
V8299,Vendor_438_Ltd,Raw Materials,16,1786,369,69,76,337,21,4.67,6.0,68.0,0.0642,358450.0,High
V6710,Vendor_953_Inc,Chemicals,17,928,110,97,25,34,1,3.49,4.0,5.0,0.0307,18876.0,High
V9318,Vendor_631_LLC,Machinery,30,137,82,29,45,41,9,3.66,2.0,16.0,0.2337,15383.0,YES
V6468,Vendor_755_LLC,IT Hardware,14,4950,3877,1101,2655,1887,11,3.79,8.0,40.0,0.0763,399502.0,0
V7163,Vendor_109_Co,Packaging,2,68,34,19,1,30,19,2.54,7.0,30.0,0.2215,209938.0,YES
V2860,Vendor_270_Co,Food & Beverage,25,1366,330,175,30,38,25,4.8,1.0,67.0,0.0545,246118.0,
V5232,Vendor_302_LLC,Office Supplies,16,467,376,340,252,112,22,4.53,3.0,17.0,0.0378,429137.0,1
V7638,Vendor_671_Corp,Automotive,13,607,72,4,17,31,18,4.77,3.0,63.0,0.2433,48358.0,Low
V5867,Vendor_605_Co,Textiles,7,364,338,278,216,206,12,4.1,5.0,32.0,0.0041,-1000.0,1
V7418,Vendor_755_Ltd,Automotive,25,1701,1445,1395,645,278,27,4.87,1.0,20.0,TBD,3583.0,0
V9969,Vendor_598_Co,Automotive,12,2206,534,236,25,136,5,3.24,8.0,32.0,0.1299,299347.0,High Risk
V2069,Vendor_872_Ltd,Office Supplies,24,339,317,281,83,75,12,4.73,4.0,23.0,Low,145046.0,0
V3751,Vendor_386_Co,Office Supplies,25,3750,2331,156,125,511,24,3.03,6.0,35.0,0.0754,490806.0,High Risk
V5264,Vendor_591_Inc,Chemicals,16,3216,1972,935,1059,188,7,2.66,7.0,29.0,0.1026,245426.0,low risk
V3920,Vendor_657_Corp,Chemicals,23,2216,1036,162,757,899,7,4.11,2.0,10.0,0.1242,200863.0,1
V9819,Vendor_281_Ltd,Electronics,8,1497,948,456,721,556,3,4.95,5.0,69.0,0.1763,125759.0,0
V8470,Vendor_567_Inc,Packaging,15,4044,1953,923,1576,371,22,3.02,3.0,14.0,0.1975,274240.0,SAFE
V4981,Vendor_734_Corp,Automotive,9,4613,1775,966,1613,417,21,,9.0,54.0,0.0065,-10000.0,1
V2568,Vendor_500_Inc,Food & Beverage,5,711,614,353,199,45,17,4.94,7.0,16.0,0.1408,154874.0,YES
V2971,Vendor_225_Corp,Textiles,1,4748,1363,528,110,1168,20,2.33,5.0,45.0,,110034.0,0
V3219,Vendor_272_Corp,Chemicals,25,3844,3657,1554,3451,564,29,4.71,2.0,14.0,0.2211,302755.0,Low
V7565,Vendor_727_Co,Raw Materials,20,579,34,0,26,20,18,4.1,,25.0,0.0257,,Low Risk
V8582,Vendor_116_LLC,Chemicals,26,2271,784,566,658,266,999,4.49,1.0,14.0,0.2645,195551.0,1
V6615,Vendor_348_LLC,Automotive,2,204,58,54,46,21,30,4.75,4.0,29.0,0.1824,201008.0,High Risk
V6124,Vendor_330_Ltd,Chemicals,9,4655,3985,1853,124,3185,26,2.75,5.0,44.0,0.0862,70182.0,1
V5315,Vendor_139_Co,Food & Beverage,15,2990,2852,2527,1608,321,27,2.93,9.0,37.0,0.0309,470970.0,0
V3684,Vendor_531_Corp,Food & Beverage,24,1009,738,342,433,481,30,4.74,4.0,55.0,0.0561,77325.0,High
V2028,Vendor_520_Co,Automotive,4,3649,176,75,36,65,10,2.45,1.0,57.0,0.2928,346749.0,High Risk
V9254,Vendor_801_Inc,Food & Beverage,12,796,141,134,113,80,14,3.4,7.0,60.0,0.0083,294029.0,0
V3316,Vendor_256_LLC,Automotive,11,63,62,59,35,47,11,2.89,8.0,53.0,,137593.0,low
V1108,Vendor_804_Co,Raw Materials,14,4732,815,392,202,685,11,,9.0,6.0,High,433682.0,low
V5768,Vendor_900_Corp,Packaging,14,1520,505,273,370,476,20,4.19,8.0,49.0,0.2286,321822.0,
V8120,Vendor_334_LLC,Chemicals,23,1744,149,39,106,27,17,4.14,9.0,43.0,0.2659,83521.0,Low Risk
V8328,Vendor_556_Inc,Textiles,21,1821,689,26,188,186,19,2.02,4.0,67.0,0.0764,459403.0,1
V7616,Vendor_991_Co,Machinery,23,4860,3593,186,3359,3271,18,2.48,3.0,49.0,0.2122,236073.0,High
V4897,Vendor_219_Corp,Packaging,19,1446,1418,1364,314,330,5,99.0,6.0,24.0,0.0615,371742.0,0
V8231,Vendor_512_Co,Automotive,15,2870,897,431,110,130,13,2.52,3.0,46.0,0.2784,416120.0,NO
V6061,Vendor_436_Ltd,Automotive,9,4989,2088,891,20,1896,9,3.79,1.0,22.0,0.2427,123610.0,0
V1805,Vendor_233_Ltd,Textiles,25,1876,344,41,51,38,22,2.4,8.0,58.0,0.0576,332560.0,
V9155,Vendor_892_Ltd,IT Hardware,4,4475,1960,1391,874,1682,28,4.91,10.0,24.0,0.1985,495609.0,0
V8477,Vendor_712_Corp,Textiles,5,1843,906,748,804,396,15,3.2,5.0,32.0,0.1727,346251.0,0
V6080,Vendor_164_Inc,Machinery,3,1902,1021,371,794,402,27,2.89,2.0,31.0,0.1768,295083.0,low
V6746,Vendor_494_Inc,Office Supplies,9,4557,124,1,51,40,11,4.31,9.0,9.0,0.179,84964.0,1
V1514,Vendor_968_Corp,Office Supplies,28,3819,1557,348,99,1107,-5,3.85,5.0,65.0,0.0491,5798.0,0
V4494,Vendor_714_LLC,Textiles,28,1097,297,143,12,82,22,4.74,8.0,50.0,0.0307,215252.0,High
V6857,Vendor_780_Inc,IT Hardware,27,1763,1733,116,1272,965,16,3.78,7.0,27.0,0.1526,23256.0,NO
V2908,Vendor_991_LLC,Chemicals,6,1022,589,523,207,585,28,3.97,4.0,16.0,0.098,19713.0,high
V5074,Vendor_113_Corp,Electronics,25,2725,1693,441,1132,1501,17,2.31,7.0,63.0,0.0127,149420.0,No
V3169,Vendor_640_Co,Raw Materials,24,2959,2210,2107,1104,253,2,2.77,2.0,6.0,0.1797,320358.0,YES
V3779,Vendor_460_Inc,Raw Materials,10,517,469,367,74,271,13,3.92,1.0,53.0,0.0281,176233.0,YES
V9564,Vendor_919_Co,Automotive,19,1078,174,125,96,19,18,3.49,9.0,59.0,0.1473,250624.0,NO
V2603,Vendor_397_Co,Raw Materials,25,671,197,154,91,72,14,4.99,2.0,11.0,0.0449,134889.0,0
V4104,Vendor_327_Inc,Machinery,6,3209,2081,919,967,80,19,3.91,2.0,8.0,0.2855,298871.0,1
V8888,Vendor_719_Ltd,Automotive,29,3117,2022,76,97,1999,28,2.85,6.0,27.0,0.1293,494962.0,
V7897,Vendor_862_Corp,Raw Materials,17,616,476,377,185,233,2,4.9,7.0,57.0,0.2051,168461.0,NO
V7567,Vendor_748_LLC,Machinery,25,4604,130,112,52,86,27,4.32,2.0,22.0,0.29,397214.0,YES
V5619,Vendor_245_LLC,Packaging,30,3971,3336,3320,33,2999,19,4.17,4.0,18.0,0.0631,290358.0,1
V7054,Vendor_391_LLC,,27,2182,542,357,70,250,18,4.11,10.0,68.0,0.0023,429397.0,High Risk
V7735,Vendor_327_Ltd,Machinery ,8,639,396,267,62,370,18,3.7,2.0,62.0,0.2971,,high
V9973,Vendor_540_Ltd,Automotive,29,2937,1082,159,286,593,2,4.06,,44.0,0.2721,125010.0,1
V5302,Vendor_357_Ltd,Packaging,13,3158,2664,1848,1357,905,4,3.87,4.0,11.0,0.1492,119219.0,high
V4140,Vendor_957_Corp,Raw Materials,25,4141,1504,124,225,811,24,2.98,8.0,20.0,0.0518,148210.0,0
V3435,Vendor_561_Inc,Office Supplies,22,3309,269,249,180,204,20,2.15,1.0,29.0,0.186,63698.0,high
V1876,Vendor_308_Co,Chemicals,8,3491,311,75,56,84,24,4.28,8.0,44.0,0.0684,182256.0,NO
V6614,Vendor_731_LLC,Food & Beverage,14,4015,2770,1747,746,1411,22,3.11,2.0,67.0,0.2634,169028.0,high
V2388,Vendor_237_Corp,Chemicals,15,3099,2340,643,1532,1042,17,3.05,10.0,6.0,0.1396,326648.0,Low
V5910,Vendor_340_Corp,Packaging,20,3800,1693,1381,422,873,10,4.75,10.0,72.0,0.2521,401268.0,Low
V3430,Vendor_193_LLC,Packaging,13,340,110,106,109,41,17,2.15,5.0,34.0,0.246,92156.0,0
V6917,Vendor_342_Ltd,Electronics,20,2856,2839,1022,1330,562,10,2.47,7.0,46.0,0.1871,307934.0,Low Risk
V4951,Vendor_790_Ltd,Machinery,5,2867,490,118,3,329,27,3.7,3.0,12.0,0.2137,157683.0,0
V2247,Vendor_582_Co,Office Supplies,22,3430,112,97,98,93,20,3.14,2.0,37.0,0.2247,247976.0,1
V7191,Vendor_774_Co,Electronics,11,3902,572,478,330,381,23,2.31,6.0,2.0,0.0476,250296.0,Low
V5635,Vendor_692_Co,Raw Materials,25,2066,373,53,205,5,1,2.14,5.0,Slow,0.2681,21265.0,0
V1627,Vendor_916_Inc,Electronics,18,1697,1105,946,962,17,11,2.59,2.0,61.0,0.1066,188453.0,1
V6202,Vendor_774_Co,Chemicals,17,602,70,38,58,19,15,99.0,7.0,16.0,0.2742,228207.0,YES
V6287,Vendor_715_Corp,Food & Beverage,13,4966,3456,1160,1338,858,999,2.13,8.0,16.0,0.2408,275220.0,1
V1484,Vendor_688_Co,Textiles,23,1251,869,649,356,767,27,2.56,9.0,25.0,0.1247,238198.0,low
V1327,Vendor_753_Ltd,Office Supplies,13,241,113,3,79,47,22,2.65,8.0,52.0,0.0538,134887.0,NO
V8489,Vendor_880_LLC,Food & Beverage,12,2079,1621,762,1540,1142,26,2.14,Bad,1.0,0.1446,274507.0,0
V3679,Vendor_947_Ltd,Packaging,21,4171,1726,1641,928,878,2,4.3,7.0,34.0,0.1839,308001.0,low
V3734,Vendor_153_LLC,Chemicals,9,2305,2131,96,2005,1304,15,,6.0,6.0,,399335.0,YES
V5165,Vendor_594_Corp,Food & Beverage,5,3546,2072,676,1971,926,28,4.95,7.0,24.0,0.2945,327131.0,Low Risk
V7778,Vendor_175_Ltd,Raw Materials,7,1713,800,103,502,22,22,3.26,,58.0,0.2426,95270.0,High
V7261,Vendor_334_Inc,Machinery,16,1388,838,324,127,762,7,3.99,3.0,27.0,0.2425,96319.0,Low Risk
V6054,Vendor_753_LLC,Textiles,7,3829,3551,1265,2928,3478,6,4.72,3.0,42.0,0.2116,118698.0,0
V9351,Vendor_230_LLC,Packaging,15,3669,3221,613,218,2164,9,,6.0,36.0,0.1916,276070.0,0
V3581,Vendor_356_Corp,IT Hardware,13,916,98,39,65,29,24,3.03,3.0,53.0,0.244,70056.0,1
V6490,Vendor_383_Inc,Packaging,22,2343,495,419,109,405,15,3.79,,59.0,0.1803,378059.0,0
V5959,Vendor_818_Inc,Textiles,20,1256,105,79,64,82,17,3.54,9.0,51.0,,328282.0,High
V2705,Vendor_572_Inc,Office Supplies,13,1980,588,243,481,23,28,3.84,7.0,66.0,0.1123,187802.0,1
V5349,Vendor_816_Ltd,Office Supplies,29,1846,1149,25,357,576,16,3.13,6.0,13.0,0.2661,154954.0,High Risk
V1406,Vendor_511_Co,Machinery,15,338,71,70,14,39,12,,1.0,25.0,0.175,117467.0,
V5597,Vendor_769_Co,IT Hardware,22,2155,1693,512,1280,1212,28,3.41,,54.0,0.2155,302893.0,high
V4088,Vendor_574_Ltd,Machinery,26,4659,892,873,305,523,29,3.05,7.0,64.0,0.0212,461823.0,High
V9868,Vendor_219_Corp,Raw Materials,6,1236,1162,87,389,604,19,3.44,7.0,33.0,0.0023,244878.0,0
V9120,Vendor_148_Inc,Textiles,26,4570,1434,1282,1390,874,17,2.96,7.0,53.0,0.0448,198373.0,0
V1873,Vendor_740_LLC,Chemicals,30,3894,438,331,97,238,10,3.18,,68.0,0.083,296679.0,High Risk
V8350,Vendor_893_Co,Raw Materials,18,1804,605,32,421,462,27,N/A,4.0,70.0,0.2044,49636.0,YES
V8973,Vendor_697_Ltd,IT Hardware,8,4297,1391,1024,885,1154,27,2.88,6.0,56.0,0.2903,99419.0,Low
V3623,Vendor_438_Co,Textiles,15,1356,499,264,89,282,8,4.39,3.0,24.0,0.1921,227562.0,high
V5861,Vendor_715_Ltd,Automotive,21,1542,658,233,166,404,10,2.65,5.0,45.0,0.2206,279161.0,0
V6956,Vendor_329_Co,Food & Beverage,20,4864,1000,214,851,69,22,2.5,5.0,38.0,0.2424,104613.0,1
V3605,Vendor_551_Inc,IT Hardware,17,3516,2036,1083,306,1145,30,3.36,9.0,6.0,0.1397,291641.0,
V9603,Vendor_409_LLC,Raw Materials,12,1956,761,462,309,221,26,2.11,4.0,12.0,0.1331,14073.0,
V7282,Vendor_565_LLC,Food & Beverage,4,1135,1119,243,1060,806,17,4.82,6.0,4.0,0.1996,477821.0,High Risk
V9999,Vendor_542_Co,Electronics,25,846,643,64,89,15,22,4.8,8.0,28.0,0.2279,277773.0,Low Risk
V5640,Vendor_172_Corp,Packaging,11,2507,927,524,568,731,10,4.85,1.0,71.0,0.2426,470828.0,NO
V1045,Vendor_356_LLC,Chemicals,20,656,278,124,159,67,25,4.71,,59.0,0.2578,,High Risk
V8856,Vendor_622_LLC,IT Hardware,21,2163,1358,1229,1117,471,21,2.15,7.0,38.0,0.1824,177706.0,0
V9633,Vendor_276_Corp,Textiles,8,2475,2381,632,1860,1394,13,3.25,8.0,10.0,0.1521,453532.0,high risk
V8262,Vendor_256_Inc,Automotive,28,3184,399,177,385,22,20,4.83,8.0,62.0,0.0888,356374.0,YES
V1571,Vendor_944_LLC,Textiles,28,1046,146,34,95,126,12,3.68,2.0,59.0,0.093,291330.0,high
V8853,Vendor_336_Co,Food & Beverage,9,3470,504,185,314,82,2,2.5,,8.0,0.1329,379298.0,1
V1430,Vendor_555_Inc,Food & Beverage,20,1349,532,211,503,137,7,4.2,5.0,39.0,0.0753,320138.0,High
V4308,Vendor_262_Inc,Food & Beverage,26,1142,1075,816,428,531,21,4.38,2.0,9.0,0.0932,139041.0,1
V1018,Vendor_773_Co,Food & Beverage,14,2077,1324,237,827,1053,2,2.56,6.0,64.0,0.1876,399453.0,
V4511,Vendor_433_Co,IT Hardware,4,3642,2133,1809,536,633,10,4.05,10.0,21.0,0.2173,214392.0,Low
V2364,Vendor_464_Corp,Packaging,6,3821,2092,500,1971,1139,13,4.42,9.0,33.0,0.2176,478584.0,Low Risk
V9888,Vendor_839_Corp,Chemicals,27,2574,348,138,127,174,16,2.25,,4.0,0.2982,18062.0,High
V8640,Vendor_609_Inc,Electronics,25,2125,55,32,13,22,15,3.75,6.0,51.0,0.167,270880.0,1
V6361,Vendor_815_Inc,Machinery,26,2110,354,258,293,159,21,2.42,10.0,67.0,0.1405,,High Risk
V1020,Vendor_308_Ltd,Machinery,22,3525,2566,1387,2431,1492,26,2.44,3.0,30.0,0.1424,12358.0,Low
V7149,Vendor_953_Inc,Chemicals,11,2975,2739,2570,1303,2280,5,3.2,7.0,47.0,0.0073,87290.0,
V6735,Vendor_418_LLC,Automotive,26,4272,80,32,21,46,1,2.97,8.0,53.0,0.228,159693.0,0
V8034,Vendor_242_LLC,IT Hardware,7,4839,979,541,645,924,15,3.56,1.0,65.0,0.1944,36477.0,Low Risk
V9999,Vendor_928_Ltd,Textiles,2,3522,2726,2116,1966,2328,11,3.81,3.0,58.0,0.1699,260205.0,0
V6762,Vendor_376_Corp,Automotive,9,4730,4606,2179,3105,202,19,3.08,9.0,37.0,0.2863,493211.0,1
V3914,Vendor_493_LLC,Food & Beverage,8,2874,269,251,231,160,2,2.43,6.0,44.0,0.2809,101441.0,1
V8914,Vendor_515_LLC,Textiles,14,3058,1716,398,941,518,3,3.53,1.0,64.0,0.2488,25896.0,High Risk
V6655,Vendor_207_LLC,Raw Materials,2,559,439,249,14,403,16,2.94,6.0,26.0,0.1063,356942.0,High
V3673,Vendor_163_LLC,Raw Materials,20,4148,3154,216,239,829,15,3.65,10.0,7.0,0.0241,424408.0,High
V9097,Vendor_922_LLC,Textiles,16,4989,2370,579,963,2124,1,4.87,3.0,44.0,0.1891,359643.0,Low Risk
V5022,Vendor_443_Co,Office Supplies,16,110,27,21,8,1,24,4.05,8.0,26.0,0.2062,483832.0,0
V8999,Vendor_437_Inc,IT Hardware,23,3409,496,295,203,243,9,3.76,9.0,27.0,0.0665,,0
V5132,Vendor_387_LLC,Automotive,17,4973,2613,434,1310,143,14,4.77,3.0,2.0,0.1486,430639.0,high
V2360,Vendor_653_Ltd,Machinery,5,2489,1463,1108,1455,432,26,Poor,5.0,42.0,High,219870.0,0
V9514,Vendor_878_Ltd,Machinery,29,2977,1379,231,1012,669,30,,4.0,43.0,0.0613,87937.0,low
V5458,Vendor_101_Corp,Electronics,6,2737,223,183,69,60,13,3.96,6.0,59.0,0.1135,160434.0,low
V9179,Vendor_598_LLC,Raw Materials,2,3246,1924,619,106,1104,15,3.95,3.0,38.0,0.2529,28136.0,0
V2170,Vendor_101_Inc,Packaging,16,422,392,92,145,264,19,3.72,2.0,47.0,0.2301,435658.0,High Risk
V5267,Vendor_104_Co,Chemicals,20,1038,18,18,9,8,21,2.4,3.0,50.0,0.1924,42327.0,high
V8268,Vendor_118_Ltd,Electronics ,7,1082,578,531,116,542,16,,8.0,34.0,0.2852,81088.0,
V6651,Vendor_485_Corp,Machinery,7,1094,957,507,559,587,15,2.22,9.0,38.0,0.0921,311669.0,0
V6504,Vendor_687_Corp,Office Supplies,25,3722,3538,1235,609,1341,9,,1.0,23.0,0.0644,,1
V8971,Vendor_674_Inc,Raw Materials,7,3205,1047,825,66,160,24,4.95,6.0,39.0,0.0875,166327.0,low
V9928,Vendor_451_Co,Machinery,2,3502,453,81,8,257,13,4.27,6.0,51.0,0.2013,125182.0,1
V7035,Vendor_510_LLC,IT Hardware,30,1233,75,45,15,26,24,3.99,5.0,68.0,0.2347,320716.0,0
V5542,Vendor_799_Ltd,Raw Materials,11,1626,550,426,91,406,5,4.82,7.0,43.0,0.0745,426935.0,0
V3765,Vendor_983_Inc,Packaging,12,1559,1482,506,966,120,25,4.47,7.0,25.0,0.0872,289043.0,1
V9737,Vendor_674_Corp,Machinery,29,4843,4104,947,3260,3328,1,2.69,9.0,38.0,0.1139,57928.0,YES
V3808,Vendor_534_LLC,Chemicals,16,4495,3101,2254,83,642,28,2.32,5.0,15.0,0.2165,346441.0,1
V8604,Vendor_237_Ltd,Automotive,5,417,43,17,42,37,29,4.88,2.0,43.0,0.128,344952.0,
V7468,Vendor_945_LLC,Machinery,25,2619,1685,1314,184,1223,5,3.91,9.0,54.0,0.0428,47886.0,1
V1054,Vendor_645_Inc,Food & Beverage,21,3691,642,181,409,295,6,4.05,2.0,50.0,0.174,220204.0,high
V8473,Vendor_487_Ltd,Chemicals,26,3087,2630,2259,1335,2399,14,3.69,7.0,48.0,0.1794,468391.0,YES
V3164,Vendor_768_LLC,Office Supplies,20,4311,1459,635,962,1365,29,3.49,4.0,3.0,0.1879,482420.0,NO
V6157,Vendor_517_Inc,Automotive,18,4216,1782,1581,719,1632,29,3.64,7.0,31.0,0.0469,168016.0,NO
V5403,Vendor_850_Corp,Electronics,11,4247,2123,683,1523,519,26,3.29,9.0,9.0,0.0789,303331.0,YES
V4566,Vendor_807_Co,IT Hardware,3,576,495,43,5,439,20,2.35,9.0,62.0,0.0872,169327.0,0
V9714,Vendor_538_LLC,Office Supplies,18,4058,1710,964,191,609,19,3.08,10.0,12.0,0.2672,1508.0,1
V1915,Vendor_779_Inc,Textiles,12,4135,151,110,107,89,29,3.11,5.0,3.0,0.0151,79672.0,high
V2758,Vendor_270_Inc,Automotive,1,116,68,65,54,10,10,2.91,4.0,8.0,0.1193,168016.0,YES
V3261,Vendor_631_Co,Chemicals,18,3519,1669,521,454,884,27,2.91,3.0,25.0,0.2297,5466.0,1
V2956,Vendor_502_Ltd,Office Supplies,3,3533,773,135,609,383,29,3.04,7.0,61.0,0.081,293292.0,NO
V1443,Vendor_761_Co,Packaging,4,2756,2716,1061,2553,2106,7,2.61,2.0,29.0,0.1964,399607.0,0
V7056,Vendor_495_Inc,Electronics,10,2967,1628,302,1466,875,12,3.05,8.0,72.0,0.0263,382604.0,low
V6100,Vendor_517_Inc,Raw Materials,11,2228,77,50,52,38,15,2.28,10.0,20.0,0.2083,27377.0,0
V9171,Vendor_553_Co,Machinery,10,4330,501,354,477,267,16,2.43,5.0,13.0,0.2111,244146.0,high
V5284,Vendor_217_LLC,Food & Beverage,19,1441,1030,243,819,24,28,4.13,7.0,35.0,0.2011,153064.0,Low Risk
V1559,Vendor_408_Corp,Chemicals,28,1653,68,48,31,53,27,4.42,10.0,22.0,0.2622,388633.0,0
V2804,Vendor_161_Inc,Packaging,28,150,92,71,60,17,28,4.6,3.0,38.0,0.1381,438912.0,High Risk
V6847,Vendor_304_Inc,Office Supplies,1,1254,300,19,233,9,26,4.08,7.0,30.0,0.0847,324057.0,high
V4722,Vendor_753_LLC,Office Supplies,8,4004,1356,732,433,875,25,4.15,8.0,13.0,0.2818,,
V2774,Vendor_445_Inc,Textiles,30,1184,392,31,20,239,22,,7.0,1.0,0.0289,150853.0,YES
V7224,Vendor_815_Co,Packaging,15,3586,1654,1275,1163,1449,21,3.51,10.0,46.0,0.0327,116087.0,High
V2479,Vendor_820_LLC,Chemicals,1,3229,1519,612,177,1451,26,3.34,6.0,13.0,0.1196,429838.0,Low Risk
V5617,Vendor_192_Inc,Office Supplies,21,1971,83,34,72,38,23,4.67,4.0,41.0,0.2141,406729.0,0
V5332,Vendor_824_Corp,Office Supplies,29,1496,1370,850,485,964,17,4.59,9.0,50.0,0.1287,306803.0,1
V6550,Vendor_659_Ltd,Raw Materials,7,2281,642,400,164,302,9,3.38,2.0,41.0,0.0882,1609.0,
V3156,Vendor_956_LLC,Food & Beverage,25,649,51,9,19,7,6,4.99,5.0,47.0,0.0529,20564.0,low
V8675,Vendor_724_LLC,Raw Materials,25,930,544,162,525,89,22,3.29,5.0,60.0,0.1354,,NO
V4608,Vendor_107_Corp,Electronics,8,2779,86,75,70,29,3,4.72,6.0,10.0,0.1542,147002.0,YES
V8481,Vendor_513_Inc,Food & Beverage,16,2330,179,160,102,66,8,3.91,2.0,58.0,0.2363,48169.0,0
V9457,Vendor_436_Inc,Packaging,30,52,18,12,18,10,6,3.14,7.0,56.0,0.1189,366036.0,1
V1519,Vendor_162_Ltd,IT Hardware,6,4634,146,73,101,29,8,2.17,7.0,53.0,0.0071,45697.0,0
V9691,Vendor_460_Ltd,Electronics,4,2083,1678,601,1236,1321,999,4.43,7.0,24.0,0.1073,39084.0,1
V7804,Vendor_790_Corp,Packaging,8,1583,668,339,207,207,13,3.88,10.0,66.0,0.2966,496606.0,low
V9050,Vendor_712_LLC,IT Hardware,18,616,539,35,262,429,25,2.44,9.0,6.0,0.05,218125.0,
V1399,Vendor_565_Ltd,Office Supplies,28,3772,3514,2336,3060,2390,23,3.22,6.0,60.0,0.2112,1714.0,
V5819,Vendor_559_Co,Chemicals,15,3384,2143,1405,8,150,25,4.0,10.0,21.0,0.1756,448193.0,YES
V2579,Unknown,IT Hardware,7,1060,661,552,374,628,5,2.66,3.0,19.0,0.0677,44090.0,NO
V7772,Vendor_747_Co,Packaging,5,464,311,84,306,306,18,2.02,1.0,62.0,0.2181,442205.0,low
V8125,Vendor_895_Ltd,Office Supplies,16,465,214,176,124,180,2,4.76,3.0,10.0,0.1754,234864.0,YES
V6535,Vendor_564_Corp,Textiles,27,740,194,47,47,86,12,4.47,,38.0,0.2568,4414.0,Low Risk
V8718,Vendor_217_Inc,Automotive,28,2571,1593,68,778,1466,21,4.59,10.0,,0.02,476590.0,
V5892,Vendor_871_Ltd,Textiles,18,3126,1953,12,1930,720,24,4.2,10.0,29.0,0.1465,144096.0,high
V1823,Vendor_416_Inc,Raw Materials,11,3532,363,64,141,65,13,,3.0,8.0,0.2394,81977.0,low
V9492,Vendor_773_Inc,IT Hardware,26,3476,3164,2171,2319,2513,26,4.04,4.0,8.0,0.0782,120317.0,High Risk
V2171,Vendor_402_Co,Automotive,26,4546,991,896,795,58,25,2.4,1.0,19.0,0.0545,330120.0,0
V9308,Vendor_169_LLC,Textiles,5,4825,765,246,395,4,16,2.66,1.0,12.0,0.1201,350196.0,
V2514,Vendor_840_Ltd,Food & Beverage,12,4973,527,240,292,202,11,4.09,4.0,14.0,0.2782,321885.0,1
V1671,Vendor_490_Inc,Raw Materials,21,3732,629,72,349,278,15,3.28,3.0,63.0,0.2275,118772.0,High Risk
V7359,Vendor_894_Ltd,Office Supplies,7,4058,1346,1143,599,1292,10,2.8,7.0,24.0,0.2979,242268.0,High Risk
V7240,Vendor_560_Corp,Raw Materials,23,71,38,18,26,20,14,4.32,10.0,71.0,0.151,420663.0,NO
V7206,Vendor_300_Inc,Packaging,20,4877,2373,1764,208,1796,12,4.7,9.0,58.0,0.0456,455764.0,1
V9744,Vendor_392_Inc,Office Supplies,22,4977,4329,2525,3146,2344,15,2.75,9.0,30.0,0.0957,398827.0,high
V5290,Vendor_156_Ltd,Electronics,24,1382,909,214,858,322,27,4.79,5.0,60.0,0.0463,395640.0,Low Risk
V4971,Vendor_171_Corp,IT Hardware,11,2786,215,21,80,191,20,4.9,7.0,8.0,0.2492,80221.0,low
V4286,Vendor_893_LLC,Machinery,24,840,2,2,1,2,28,3.98,3.0,7.0,0.0237,473772.0,
V5555,Vendor_833_Co,Raw Materials,19,4939,1738,1079,445,210,29,3.94,7.0,41.0,0.244,104887.0,1
V9089,Vendor_410_LLC,Machinery,18,4972,4031,413,3250,1703,2,5.0,6.0,34.0,0.1071,84154.0,0
V2256,Vendor_459_Corp,IT Hardware,20,2181,69,45,7,56,13,4.19,4.0,19.0,0.0671,-1000.0,High
V6234,Vendor_408_Inc,Packaging,20,4064,2189,857,1432,81,7,2.33,2.0,29.0,0.2917,78922.0,Low
V2888,Vendor_717_Corp,Textiles,11,1713,1292,1170,632,415,10,2.57,9.0,43.0,0.0545,66373.0,0
V5721,Vendor_885_LLC,Machinery,21,1459,1282,235,8,1215,12,4.04,8.0,11.0,0.0635,383602.0,0
V1280,Vendor_830_Inc,Textiles,6,149,133,76,33,104,2,4.44,9.0,64.0,,289613.0,High
V6835,Vendor_407_Ltd,IT Hardware,19,1180,929,903,823,441,3,3.04,9.0,63.0,0.0657,15959.0,YES
V6243,Vendor_299_Ltd,IT Hardware,20,4396,3984,1475,1372,2071,22,3.43,9.0,66.0,0.2517,,NO
V2288,Vendor_322_Ltd,IT Hardware,29,3838,2497,105,1532,2473,3,2.47,2.0,7.0,0.2556,333208.0,0
V1610,Vendor_554_Corp,Raw Materials,7,2375,1244,217,1119,751,17,4.92,6.0,9.0,0.0781,130385.0,Low
V2270,Vendor_969_Inc,Food & Beverage,3,312,197,86,2,108,12,3.74,2.0,14.0,0.2701,167944.0,0
V6718,Vendor_123_Co,Automotive,27,1139,239,175,97,142,20,2.84,10.0,25.0,0.1842,439877.0,YES
V6476,Vendor_560_Inc,Electronics,20,671,227,9,218,102,9,4.87,7.0,51.0,0.2081,378719.0,0
V9902,Vendor_933_Ltd,Electronics,6,2999,2865,571,1996,1820,5,,,46.0,0.0834,471664.0,0
V8302,Vendor_802_Inc,Electronics,2,2652,445,183,179,109,28,3.9,7.0,47.0,0.1682,112314.0,High
V1794,Vendor_497_Inc,Textiles,15,3525,60,24,4,46,8,2.7,5.0,48.0,0.1332,23665.0,1
V6734,Vendor_450_Ltd,Food & Beverage,9,108,41,39,21,4,13,2.9,3.0,60.0,0.0597,20502.0,No
V9613,Vendor_148_Corp,Automotive,16,716,327,177,324,179,12,3.49,6.0,59.0,0.0985,497465.0,NO
V5820,Vendor_721_Co,Textiles,2,4947,185,133,30,65,5,3.82,7.0,43.0,0.2965,97106.0,YES
V6140,Vendor_940_Co,Automotive,1,1605,1461,754,1254,967,19,3.19,3.0,65.0,0.0558,370059.0,1
V8531,Vendor_590_Ltd,Packaging,24,2414,369,187,324,93,22,3.08,10.0,24.0,TBD,189470.0,1
V1957,Vendor_289_Co,Packaging,26,4924,371,240,332,14,11,3.91,3.0,32.0,0.0505,267975.0,Low
V1187,Vendor_200_Co,Chemicals,23,3323,2667,1377,1399,2032,26,2.4,9.0,11.0,0.092,13040.0,0
V5477,Vendor_567_Inc,Food & Beverage,23,3026,694,531,329,613,14,2.64,8.0,65.0,0.0511,121388.0,0
V2361,Vendor_454_Inc,Machinery,25,93,53,8,12,43,10,2.88,2.0,63.0,0.0931,446676.0,low
V2471,Vendor_313_Ltd,Raw Materials,19,1304,838,752,489,62,3,3.24,8.0,29.0,0.0559,75668.0,1
V4697,Vendor_385_Co,Packaging,29,3116,2451,1735,1603,1822,28,3.57,7.0,8.0,0.0268,171258.0,NO
V5946,Vendor_541_LLC,Raw Materials,8,1301,1223,820,752,187,20,2.69,3.0,15.0,0.2414,399890.0,Low Risk
V5622,Vendor_294_Inc,Automotive,13,1401,1077,917,631,460,28,4.81,2.0,31.0,0.189,478407.0,High Risk
V5684,Vendor_995_Inc,Packaging,14,1237,775,267,404,493,23,4.66,3.0,19.0,0.2807,480858.0,NO
V9290,TBD,Raw Materials,12,2625,1965,447,1553,1021,19,4.83,6.0,58.0,0.2119,84973.0,Low Risk
V2774,Vendor_208_Corp,Food & Beverage,2,1005,42,8,32,5,10,2.06,8.0,70.0,,421132.0,low
V5252,Vendor_265_Ltd,Office Supplies,17,2947,2489,781,931,2334,27,4.24,3.0,69.0,0.2661,64125.0,
V2220,Vendor_122_Corp,IT Hardware,19,4621,83,52,57,80,15,3.68,5.0,23.0,0.1841,87530.0,Low Risk
V9670,Vendor_227_Ltd,Food & Beverage,21,1796,150,15,67,67,8,3.88,7.0,47.0,0.2908,380919.0,high
V8023,Vendor_363_Inc,Electronics,20,3801,1633,899,107,1598,7,4.28,6.0,62.0,0.132,443232.0,NO
V7719,Vendor_313_Ltd,Automotive,19,3861,2338,1542,1306,253,12,4.42,3.0,43.0,0.0399,253943.0,high
V9398,Vendor_476_Ltd,Machinery,30,596,141,96,132,72,16,2.25,5.0,20.0,0.1819,101959.0,0
V9642,Vendor_205_Inc,Machinery ,21,2015,1459,1006,1044,656,28,2.38,10.0,68.0,0.2563,,high
V3287,Vendor_748_Corp,Textiles,27,1093,844,459,779,197,23,4.35,5.0,18.0,0.2603,305382.0,High
V4461,Vendor_513_Corp,Electronics,8,3545,1639,533,163,124,25,2.37,6.0,33.0,0.155,332438.0,High
V4367,Vendor_813_Corp,Electronics,12,2210,942,468,335,897,11,4.48,8.0,18.0,0.207,133045.0,high
V7855,Vendor_666_Inc,Chemicals,13,2751,638,627,498,631,6,2.24,7.0,58.0,0.0026,29071.0,high
V1277,Vendor_111_LLC,Automotive,4,729,487,472,250,447,28,2.16,10.0,28.0,0.1814,422598.0,1
V1152,Vendor_306_Corp,Textiles,19,3604,1394,552,205,40,20,4.98,3.0,10.0,0.2772,421366.0,NO
V6378,Vendor_197_LLC,Office Supplies,15,4815,4135,3639,2294,2372,14,3.95,1.0,58.0,0.2439,220656.0,high
V2757,Vendor_599_Ltd,Automotive,5,4468,547,3,518,460,29,2.35,6.0,51.0,0.2469,99999999.0,High Risk
V1140,Vendor_992_LLC,Electronics,18,213,139,52,74,5,8,2.03,1.0,38.0,0.2195,317036.0,High Risk
V8847,Vendor_947_Inc,Food & Beverage,13,3014,2273,1099,1700,1934,28,2.11,2.0,67.0,0.1685,214478.0,YES
V8318,Vendor_861_Co,Raw Materials,27,2164,1137,659,891,668,24,3.34,5.0,24.0,0.0101,165937.0,High
V5388,Vendor_621_Co,Electronics,23,3982,1930,1883,267,464,5,3.15,3.0,14.0,0.1685,491523.0,Low Risk
V2113,Vendor_111_Corp,Office Supplies,30,4736,1107,1011,993,850,14,2.08,5.0,62.0,0.2612,443106.0,Low Risk
V9622,Vendor_208_Inc,Raw Materials,27,3755,1778,1360,734,680,27,3.73,7.0,16.0,0.0639,421789.0,High
V4974,Vendor_159_Inc,Food & Beverage,1,2341,1157,957,104,644,5,3.47,9.0,4.0,0.0479,239784.0,high
V3262,Vendor_856_LLC,Food & Beverage,16,3926,2056,113,1520,1375,1,,3.0,55.0,0.0159,161314.0,Low Risk
V8997,Vendor_719_Corp,Automotive,26,4965,3958,419,3200,3819,9,3.67,6.0,21.0,0.1471,366108.0,1
V7134,Vendor_408_Corp,Machinery,19,473,387,160,174,337,18,2.26,2.0,35.0,0.2406,142508.0,0
V9588,Vendor_336_Co,Textiles,13,1913,1325,874,1003,927,8,4.59,3.0,,0.0716,7014.0,0
V7145,Vendor_658_LLC,Raw Materials,24,4485,1264,559,601,772,27,4.56,3.0,13.0,0.2731,348830.0,1
V6700,Vendor_948_Corp,Raw Materials,16,2747,1343,16,446,329,7,4.96,6.0,33.0,0.039,206082.0,0
V5967,Vendor_375_Corp,Packaging,30,62,46,32,25,2,19,2.67,9.0,43.0,0.0159,311067.0,High Risk
V7056,Vendor_640_LLC,Office Supplies,4,1239,360,309,147,13,11,2.55,9.0,39.0,0.2422,344304.0,NO
V2997,Vendor_191_Inc,Textiles,30,2284,1763,28,84,164,30,4.52,4.0,16.0,0.2923,418952.0,1
V6000,Vendor_612_LLC,Electronics,22,3259,1742,392,44,1106,23,2.27,,11.0,0.0806,351589.0,1
V5149,Vendor_933_Inc,Packaging,6,1529,795,68,416,561,11,2.53,8.0,40.0,0.268,2057.0,0
V4016,Vendor_553_Inc,Office Supplies,5,3541,856,387,796,659,11,3.69,4.0,54.0,0.0724,179978.0,0
V3999,Vendor_536_Ltd,IT Hardware,4,1132,847,517,343,731,8,,10.0,47.0,0.1255,303475.0,
V1571,Vendor_405_Co,Textiles,14,4214,1995,1039,1343,1216,24,2.4,2.0,60.0,0.2487,459648.0,low
V4821,Vendor_368_Co,,16,1680,1638,619,1517,1494,3,2.61,10.0,56.0,N/A,468923.0,
V5527,Vendor_994_Corp,Electronics,4,379,163,123,47,163,5,4.73,6.0,35.0,0.258,265261.0,high
V1119,Vendor_747_LLC,Chemicals,16,3214,725,407,40,493,10,3.54,6.0,58.0,0.1871,376530.0,High Risk
V9843,Vendor_191_Corp,Raw Materials,1,376,366,13,106,252,8,3.9,1.0,Slow,0.0457,126479.0,High
V7605,Vendor_800_Co,Machinery,10,1459,1261,626,52,392,13,4.0,10.0,14.0,0.1225,235142.0,1
V7510,Vendor_889_LLC,Food & Beverage,12,897,463,114,295,12,16,3.69,5.0,43.0,0.0431,331256.0,1
V8347,Vendor_648_Co,Textiles,3,1737,195,28,106,71,2,3.0,7.0,3.0,0.2493,257336.0,High
V4809,Vendor_816_Ltd,Chemicals,6,1189,412,161,333,251,30,4.35,5.0,20.0,0.0036,133451.0,0
V9484,Vendor_645_Ltd,Food & Beverage,14,3626,692,224,169,224,19,4.99,10.0,67.0,0.017,273120.0,0
V8890,Vendor_723_Ltd,Food & Beverage,30,4732,1644,1620,254,1566,2,3.29,6.0,47.0,0.1678,54093.0,low
V4898,Vendor_402_Corp,Food & Beverage,29,902,888,649,92,485,23,2.77,,36.0,High,495889.0,Low
V7332,Vendor_954_Corp,Textiles,10,1667,49,42,42,35,29,4.23,3.0,58.0,0.1436,197022.0,Low Risk
V3232,Vendor_502_LLC,Machinery,20,2326,1750,1460,237,159,25,2.58,10.0,5.0,0.294,475041.0,YES
V8982,Vendor_534_Inc,Chemicals,14,1558,746,254,316,110,4,4.42,2.0,14.0,0.1934,304405.0,YES
V4620,Vendor_737_LLC,Raw Materials,4,1685,1360,1284,747,857,17,4.85,9.0,14.0,0.2225,75434.0,high
V2938,Vendor_862_Ltd,Textiles,18,2718,967,523,776,560,8,3.11,3.0,36.0,0.1415,42782.0,
V1754,Vendor_355_Inc,Packaging,12,4573,1528,1133,51,678,8,3.66,9.0,24.0,0.1532,248320.0,0
V8897,Vendor_682_Corp,Packaging,5,3107,953,713,646,800,19,3.16,,64.0,0.0133,235459.0,YES
V2353,Vendor_515_Ltd,Office Supplies,8,4791,4565,2211,431,4428,30,4.3,4.0,52.0,0.1755,196142.0,1
V9211,Vendor_903_Corp,Textiles,27,4070,128,49,31,50,16,2.68,5.0,32.0,0.2635,184171.0,NO
V4907,Vendor_949_Ltd,Machinery,7,135,100,82,60,31,17,3.57,3.0,11.0,0.0327,178431.0,Low
V8951,Vendor_352_Co,Packaging,8,427,128,85,88,104,18,10.0,7.0,33.0,0.0793,34493.0,
V8030,Vendor_662_Co,Textiles,12,2093,1352,134,574,779,30,4.62,4.0,35.0,0.152,413378.0,High
V2774,Vendor_245_Ltd,Food & Beverage,22,2059,416,203,240,273,17,2.51,3.0,10.0,0.0042,,YES
V1263,Vendor_843_Co,Food & Beverage,2,2270,508,395,437,234,3,2.78,1.0,,0.2603,189486.0,High Risk
V3140,Vendor_346_LLC,Textiles,28,1130,899,86,859,353,4,3.78,7.0,70.0,0.2541,38142.0,High
V4036,Vendor_540_Inc,Chemicals,12,312,135,67,26,94,22,3.98,3.0,54.0,0.2216,150844.0,NO
V2125,Vendor_559_Inc,Office Supplies,5,3882,2342,1911,613,1150,22,4.59,6.0,33.0,0.1679,181087.0,1
V2211,Vendor_565_Corp,Food & Beverage,10,3417,3306,3042,2515,204,23,2.11,4.0,20.0,0.1058,309153.0,Low Risk
V1211,Vendor_541_Co,Packaging,18,4289,2641,2099,521,1211,18,3.73,4.0,67.0,0.2194,358496.0,1
V2904,Vendor_874_LLC,Packaging,2,1755,796,156,588,130,21,4.56,2.0,31.0,0.0813,485450.0,Low Risk
V5162,Vendor_952_Ltd,Textiles,29,581,188,82,142,17,6,4.71,2.0,24.0,0.212,213764.0,
V9780,Vendor_665_Corp,Office Supplies,15,3949,3239,3122,1512,1965,25,2.42,10.0,26.0,0.0993,474001.0,Low
V6431,Vendor_228_Inc,Office Supplies,28,2698,994,468,289,581,29,3.96,6.0,56.0,0.0039,269564.0,High
V2612,Vendor_404_Corp,Textiles,7,4192,3437,2646,367,2603,12,3.01,6.0,62.0,0.1511,143398.0,1
V1695,Vendor_421_Ltd,Food & Beverage,2,637,154,44,73,128,17,3.3,1.0,6.0,0.1798,2465.0,YES
V1514,Vendor_652_Corp,Chemicals,26,1500,1367,306,894,1038,13,4.25,TBD,42.0,,10043.0,high risk
V8084,Vendor_433_Co,Automotive,21,2396,1369,186,239,1116,3,3.4,7.0,1.0,0.166,349292.0,0
V5875,Vendor_594_Ltd,Textiles,7,1796,1497,956,409,1293,2,4.62,7.0,41.0,0.2929,187666.0,High Risk
V6992,Vendor_777_Ltd,Textiles,7,1465,1091,1023,507,616,22,4.94,9.0,59.0,0.0579,46764.0,1
V7206,Vendor_260_Corp,Electronics,17,4698,2484,1040,804,1893,19,4.53,8.0,34.0,0.166,403768.0,Low
V8758,Vendor_823_Co,Food & Beverage,28,706,248,187,138,188,1,2.34,9.0,12.0,0.189,348243.0,NO
V8682,Vendor_433_Co,Food & Beverage,3,1537,614,259,351,307,4,2.69,2.0,48.0,0.2425,364523.0,high
V7830,Vendor_830_LLC,Machinery,11,1515,864,814,220,701,6,3.39,8.0,36.0,0.2496,64300.0,0
V2482,Vendor_332_Corp,Food & Beverage,17,780,655,174,425,528,8,3.35,4.0,14.0,0.2344,365340.0,NO
V9042,Vendor_560_LLC,Packaging,20,4924,3286,1253,1777,115,12,3.17,10.0,15.0,0.2971,429571.0,0
V9518,Vendor_748_Co,IT Hardware,9,469,258,67,155,53,29,3.24,6.0,71.0,0.2666,141542.0,low
V2723,Vendor_616_Inc,Textiles,15,4538,993,377,78,773,6,2.76,9.0,6.0,0.1387,39375.0,YES
V1677,Vendor_782_LLC,Food & Beverage,2,2286,1765,441,968,984,1,3.9,2.0,1.0,0.0083,394269.0,Low
V6186,Vendor_314_Corp,Raw Materials,11,925,86,35,48,59,25,3.46,6.0,46.0,0.1345,20134.0,1
V7144,Vendor_374_Co,Textiles,13,1260,775,597,11,568,14,4.0,9.0,9.0,0.2876,64824.0,YES
V4694,Vendor_172_Ltd,Packaging,20,1906,1028,537,294,117,3,2.78,1.0,6.0,0.1805,13357.0,YES
V9431,Vendor_895_Co,Chemicals,20,1404,1332,603,798,567,25,4.82,10.0,59.0,0.1749,230659.0,0
V5702,Vendor_278_Corp,Food & Beverage,24,805,132,128,79,128,6,4.99,8.0,33.0,0.2308,331984.0,0
V4220,Vendor_808_Inc,Electronics,2,4441,1412,1313,1228,584,16,3.81,7.0,14.0,0.1297,118406.0,low
V2830,Vendor_173_LLC,Food & Beverage,1,4161,1447,273,291,32,22,2.5,5.0,39.0,0.0557,226754.0,1
V8988,Vendor_405_Co,Chemicals,14,2520,129,116,109,72,11,3.79,6.0,27.0,0.0183,229412.0,
V7498,Vendor_929_Co,Packaging,29,3081,1311,465,333,206,27,3.06,1.0,20.0,0.1163,485823.0,Low Risk
V8220,Vendor_257_Ltd,Office Supplies,11,2957,2620,2218,931,2198,17,4.62,2.0,24.0,0.0467,314942.0,0
V6518,Vendor_379_Corp,IT Hardware,26,763,734,592,97,606,17,3.43,4.0,45.0,0.2387,342592.0,High
V5876,Vendor_166_Ltd,Food & Beverage,19,4937,467,404,448,346,11,3.88,3.0,6.0,0.0561,313369.0,
V9597,Vendor_992_LLC,Automotive,6,1700,878,9,842,390,27,2.16,4.0,24.0,,,
V6852,Vendor_609_Corp,Machinery,19,179,37,26,14,9,24,4.09,7.0,47.0,0.0619,47805.0,1
V2862,Vendor_139_Ltd,Food & Beverage,6,4269,995,170,202,448,21,4.41,8.0,18.0,0.2247,287830.0,high
V5577,Vendor_838_Co,Electronics,27,248,129,25,129,90,11,4.24,2.0,33.0,0.0707,271639.0,High Risk
V8399,Vendor_973_Corp,Office Supplies,12,329,190,97,190,119,3,,9.0,6.0,0.2478,54628.0,High Risk
V4811,Vendor_256_LLC,Automotive,11,1857,980,43,43,224,11,3.16,7.0,3.0,0.1531,152854.0,low
V4278,Vendor_590_Inc,Food & Beverage,24,3330,1895,319,1731,1731,17,2.82,4.0,18.0,0.1413,209076.0,low
V4660,Vendor_531_Corp,Food & Beverage,22,2215,1965,1322,162,873,11,3.13,3.0,52.0,0.1605,402889.0,1
V9063,Vendor_840_Corp,Food & Beverage,9,1289,179,123,78,67,20,4.0,6.0,23.0,0.0417,319459.0,Low Risk
V2086,Vendor_675_Corp,Office Supplies,25,624,443,307,15,213,21,-5.0,5.0,51.0,0.0843,-1000.0,
V3940,Vendor_877_Ltd,Electronics,1,4277,3902,2451,2739,657,18,3.42,2.0,58.0,0.0501,35308.0,Low Risk
V1648,Vendor_259_Inc,Textiles,5,3354,1147,684,947,110,19,3.1,7.0,49.0,0.1519,14034.0,Low
V1944,Vendor_332_Co,Electronics,4,706,515,213,288,286,2,2.6,5.0,7.0,0.0562,415290.0,Low
V5111,Vendor_547_LLC,Electronics,15,4718,1588,239,1463,1439,4,3.44,6.0,52.0,0.073,232649.0,High Risk
V7763,Vendor_512_Ltd,Electronics,23,1369,1038,24,689,142,18,4.4,3.0,28.0,0.1737,256745.0,High Risk
V3005,Vendor_456_Inc,Automotive,3,1995,1044,341,9,966,18,2.98,4.0,29.0,0.2475,56280.0,1
V8054,Vendor_223_Ltd,Office Supplies,28,1086,568,419,251,17,28,2.22,9.0,47.0,0.2675,376452.0,high
V3960,Vendor_262_Inc,Raw Materials,15,1743,425,359,11,407,13,3.29,9.0,23.0,0.0354,87105.0,low
V1878,Vendor_414_Ltd,Textiles,18,1937,641,278,214,314,5,4.84,3.0,12.0,0.1009,335075.0,high
V3565,Vendor_508_Co,Textiles,14,4460,119,44,5,40,26,3.46,6.0,53.0,0.0808,210317.0,0
V1287,Vendor_579_LLC,Chemicals,5,4929,1146,680,1066,574,2,Excellent,10.0,57.0,0.1995,248026.0,High
V6333,Vendor_634_Co,IT Hardware,26,2375,1615,635,1496,776,24,2.91,3.0,,0.2021,260453.0,Low
V4701,Vendor_402_Co,Office Supplies,21,2701,2001,711,814,1084,5,3.34,9.0,26.0,0.0775,276207.0,High
V7845,Vendor_810_Inc,IT Hardware,4,4020,502,476,337,107,21,4.72,1.0,56.0,0.0315,108012.0,Low
V1430,Vendor_257_Inc,Automotive,27,1988,8,6,0,0,24,3.8,6.0,22.0,0.2877,226454.0,1
V6140,Vendor_141_LLC,Food & Beverage,27,3479,1841,397,1057,994,29,3.64,4.0,50.0,0.0491,442208.0,1
V3115,Vendor_596_Inc,Office Supplies,17,2537,1827,955,1824,487,21,4.19,3.0,2.0,0.178,29649.0,Low Risk
V2015,Vendor_831_Co,Office Supplies,18,3001,2635,823,2561,634,8,3.96,4.0,,0.0452,145240.0,YES
V1762,Vendor_848_Corp,Textiles,5,2048,542,41,236,255,7,2.83,2.0,1.0,0.1956,377038.0,1
V8566,Vendor_333_Co,Raw Materials,29,4348,1407,129,473,344,11,4.82,3.0,27.0,0.0519,302411.0,low
V4631,Vendor_997_Inc,Chemicals,10,2090,583,395,160,419,18,2.63,5.0,15.0,0.2721,445048.0,Low
V9047,Vendor_847_Inc,Food & Beverage,30,3738,1032,215,850,281,4,3.76,9.0,70.0,0.138,99099.0,YES
V2422,Vendor_584_Inc,Packaging,16,1732,648,266,404,563,30,3.87,9.0,64.0,0.1949,25701.0,high
V4720,Vendor_329_Ltd,Packaging,22,4834,1210,371,229,836,21,4.41,4.0,52.0,0.2726,140653.0,1
V7082,Vendor_253_Ltd,Electronics,18,3651,1001,870,634,563,6,2.61,1.0,61.0,0.0903,202966.0,
V6836,Vendor_241_LLC,Packaging,17,737,281,247,158,32,18,2.46,9.0,1.0,0.2147,438166.0,
V3949,Vendor_475_Co,IT Hardware,13,1639,989,625,850,814,18,3.23,6.0,2.0,0.1139,14398.0,1
V9017,Vendor_483_Ltd,Office Supplies,12,1771,745,626,279,402,11,4.86,9.0,62.0,0.2507,99019.0,YES
V8571,Vendor_713_Corp,Chemicals,14,2035,139,27,138,39,30,3.07,6.0,13.0,0.2932,343635.0,0
V6035,Vendor_382_Inc,Automotive,21,4599,4138,3776,502,1637,30,2.12,8.0,61.0,0.0584,263684.0,NO
V2838,Vendor_163_Co,Automotive,7,680,538,457,370,79,19,3.61,3.0,,0.2563,232651.0,1
V8191,Vendor_507_Corp,Automotive,4,4959,939,186,648,428,18,4.98,9.0,25.0,0.1992,8942.0,NO
V8985,Vendor_861_Inc,Electronics,15,4590,3074,1086,2353,479,18,4.28,4.0,13.0,0.2786,108445.0,1
V6871,Vendor_833_Co,Electronics,2,4954,2715,36,327,1307,24,4.44,5.0,68.0,0.2764,65047.0,YES
V5261,Vendor_432_LLC,Raw Materials,1,409,173,119,142,43,24,3.51,3.0,33.0,0.1214,158213.0,1
V1489,Vendor_354_Co,Electronics,26,3483,1977,744,1899,1594,20,4.93,5.0,11.0,0.1624,365448.0,
V2968,Vendor_162_LLC,Textiles,30,976,373,146,311,222,999,4.54,8.0,51.0,0.1682,207591.0,High Risk
V4703,Vendor_453_Corp,Machinery,9,3849,2434,640,273,1435,10,4.46,7.0,40.0,0.1102,403123.0,
V7221,Vendor_515_Ltd,Electronics,10,56,24,19,9,13,1,5.0,8.0,12.0,0.2268,276863.0,high
V6733,Vendor_957_Ltd,Electronics,14,40,38,38,37,31,4,4.97,9.0,,0.029,268588.0,High Risk
V6322,Vendor_480_Corp,Machinery,29,2805,76,52,60,55,27,2.71,7.0,33.0,0.2793,62513.0,High Risk
V5868,Vendor_807_Ltd,Chemicals,4,2366,2102,1001,630,1538,5,3.17,4.0,4.0,0.1013,216944.0,
V2108,Vendor_757_Corp,Food & Beverage,25,2092,57,29,4,51,6,3.85,6.0,4.0,,347671.0,YES
V1183,Vendor_371_LLC,Chemicals,26,3627,3064,645,1475,357,28,3.93,9.0,34.0,0.1075,418434.0,
V3763,Vendor_480_Inc,Machinery,9,4163,561,323,227,520,25,3.23,2.0,56.0,0.1772,18382.0,0
V1231,Vendor_702_Corp,IT Hardware,14,952,370,76,16,1,12,4.28,9.0,42.0,0.0787,199764.0,NO
V9086,Vendor_137_Inc,Automotive,26,2765,2187,1644,1045,318,1,2.65,1.0,62.0,0.2378,380074.0,High
V4091,Vendor_968_Co,IT Hardware,9,3182,534,253,322,305,2,3.0,7.0,70.0,0.0929,112090.0,High
V7713,Vendor_249_Ltd,Food & Beverage,30,1807,1054,84,626,120,10,4.29,2.0,57.0,0.0836,437062.0,Low
V8955,Vendor_785_Inc,Machinery,28,2269,428,423,120,3,18,4.85,2.0,72.0,0.0972,8105.0,YES
V6954,Unknown,Food & Beverage,4,3619,2227,896,103,1524,7,3.63,9.0,62.0,0.2242,432575.0,SAFE
V1116,Vendor_251_Ltd,Raw Materials,30,307,48,16,35,27,8,4.21,10.0,4.0,0.0995,217532.0,0
V8601,Vendor_713_Co,Textiles,30,4603,3332,1496,214,1623,9,4.59,2.0,13.0,0.1122,337153.0,0
V7972,Vendor_801_Ltd,IT Hardware,12,403,247,168,236,173,23,4.43,6.0,60.0,0.0312,,High Risk
V6157,Vendor_387_Inc,IT Hardware,12,233,50,18,43,17,22,3.23,7.0,4.0,0.0027,4641.0,1 
V3051,Vendor_851_Inc,Textiles,22,4117,1016,850,104,834,22,3.8,5.0,63.0,0.1228,290517.0,YES
V5965,Vendor_942_Inc,Food & Beverage,4,2038,215,83,132,149,5,4.13,7.0,,,223763.0,0
V7447,Vendor_672_LLC,Electronics,5,1216,899,239,106,521,19,4.49,6.0,72.0,0.1105,370738.0,YES
V8841,Vendor_669_Inc,Packaging,22,932,404,120,372,338,30,3.35,4.0,53.0,0.2437,89067.0,Low
V2560,Vendor_787_Co,Electronics,4,72,23,4,1,13,19,2.72,4.0,28.0,0.1121,119328.0,low
V5408,Vendor_607_Corp,Machinery,6,3157,22,5,5,4,21,4.76,2.0,31.0,0.2345,383243.0,1
V6403,Vendor_219_Corp,Automotive,10,2213,2135,97,511,210,26,4.78,7.0,39.0,0.0371,3518.0,0
V8708,Vendor_716_Inc,IT/IS,3,505,42,12,33,2,17,2.34,2.0,50.0,0.1059,358178.0,YES
V1936,Vendor_151_Co,Food & Beverage,17,489,296,277,31,160,30,,3.0,8.0,0.2882,43001.0,
V7452,Vendor_544_Inc,Machinery,11,3048,652,295,452,277,7,3.68,7.0,,0.2286,462738.0,
V8745,Vendor_473_Co,Food & Beverage,1,250,220,169,207,117,30,3.52,10.0,38.0,0.0731,406347.0,YES
V9767,Vendor_810_Co,Food & Beverage,1,2164,1610,619,820,427,4,4.82,6.0,47.0,0.1458,445048.0,1
V7151,Vendor_425_LLC,Chemicals,2,3687,3,1,2,1,12,3.06,7.0,33.0,0.1504,42502.0,NO
V5855,Vendor_694_Ltd,Machinery,17,2887,492,467,373,319,14,2.59,3.0,7.0,0.0477,50396.0,1
V8415,Vendor_621_Inc,Chemicals,11,1600,370,42,243,327,15,2.86,N/A,60.0,0.007,21792.0,High Risk
V2616,Vendor_584_Inc,Food & Beverage,19,2253,1503,108,846,1479,13,4.68,4.0,26.0,0.1647,295736.0,0
V3288,Vendor_708_Co,Electronics,7,4519,441,73,335,143,16,2.55,3.0,14.0,0.0128,351581.0,
V8364,Vendor_699_LLC,Machinery,10,1258,911,496,482,20,19,4.49,7.0,7.0,0.1002,54825.0,YES
V7453,Vendor_482_Inc,Automotive,12,4514,2291,486,527,396,25,2.43,10.0,66.0,0.1204,22105.0,0
V4541,Vendor_909_Co,Raw Materials,17,24,7,4,2,5,1,3.45,3.0,7.0,0.281,317389.0,High Risk
V4129,Vendor_205_Co,Electronics,6,2309,967,295,866,962,3,4.12,4.0,3.0,0.2717,306597.0,0
V5774,Vendor_210_Inc,Office Supplies,19,258,19,17,3,9,17,2.5,2.0,64.0,0.0579,-1000.0,Low Risk
V5413,Vendor_229_Inc,Textiles,5,3425,1153,161,647,153,4,3.77,10.0,32.0,0.0864,78780.0,No
V3530,Vendor_825_LLC,Chemicals,3,4247,1041,140,890,876,30,3.14,7.0,61.0,0.0594,267266.0,YES
V8541,Vendor_428_Corp,Chemicals,5,2358,1766,751,1101,560,5,2.03,2.0,23.0,,301128.0,YES
V8578,Vendor_461_Inc,Automotive,26,2265,1243,1098,437,38,23,2.93,9.0,44.0,0.1688,99247.0,NO
V6506,Vendor_263_Co,Packaging,19,2356,996,625,823,168,13,4.56,2.0,11.0,0.0247,387625.0,0
V2577,Vendor_151_Co,Packaging,27,1075,347,229,187,153,20,3.35,7.0,65.0,0.1004,375560.0,High
V9366,Vendor_555_Co,Raw Materials,20,266,99,58,55,12,28,3.86,5.0,51.0,0.1238,203824.0,YES
V4610,Vendor_124_Corp,Chemicals,30,2373,2219,1199,2061,270,4,4.22,10.0,10.0,0.2442,166880.0,1
V8706,Vendor_794_Corp,Food & Beverage,16,1311,300,9,160,115,9,3.09,5.0,38.0,0.1441,367070.0,
V2908,Vendor_207_Co,Packaging,8,4626,2655,2021,79,1163,11,3.27,3.0,30.0,0.0217,438763.0,high
V6873,Vendor_120_LLC,Packaging,9,36,7,7,7,4,9,3.83,3.0,41.0,0.2723,118194.0,NO
V6423,Vendor_845_LLC,Electronics,16,4135,1528,115,967,1350,11,3.42,5.0,50.0,0.0825,355976.0,1
V1778,Vendor_704_Corp,Automotive,20,1105,976,74,21,372,15,2.37,2.0,26.0,,217789.0,NO
V8788,Vendor_465_Ltd,Packaging,16,4704,3017,394,2881,1889,23,4.97,3.0,31.0,0.025,83547.0,High Risk
V1959,Vendor_726_LLC,Office Supplies,4,4630,4440,3649,501,513,11,2.44,5.0,14.0,0.1489,227135.0,1
V4396,Vendor_437_Corp,Chemicals,28,4740,126,27,65,2,17,3.76,6.0,32.0,0.168,499460.0,NO
V5494,Vendor_502_LLC,Office Supplies,16,2249,1455,443,614,591,24,4.71,10.0,18.0,0.1501,259738.0,0
V7213,Vendor_486_Co,Food & Beverage,2,2467,330,16,47,207,21,2.03,3.0,11.0,0.15,228493.0,YES
V5772,Vendor_793_Ltd,Office Supplies,15,1451,508,200,211,318,6,3.51,6.0,14.0,0.1621,66452.0,High
V5463,Vendor_301_Co,Office Supplies,27,472,324,220,0,261,20,2.27,6.0,25.0,0.235,410442.0,High
V5098,Vendor_378_Ltd,Electronics,2,503,198,44,114,106,28,3.86,6.0,33.0,0.1267,243343.0,low
V1078,Vendor_861_Ltd,Food & Beverage,16,4697,288,164,229,113,18,2.33,9.0,71.0,0.032,22107.0,Low
V4325,Vendor_681_Inc,Textiles,14,2172,453,133,50,283,19,3.01,1.0,65.0,0.0855,283689.0,Yes
V2403,Vendor_310_Ltd,Office Supplies,27,2043,853,85,264,233,28,3.96,10.0,47.0,0.0883,201572.0,
V5888,Vendor_862_Corp,Chemicals,8,99,0,0,0,0,15,4.69,3.0,21.0,0.0536,194309.0,Low
V6745,Vendor_575_Inc,Textiles,22,2779,1136,295,368,879,24,2.98,6.0,50.0,0.0821,,NO
V4179,Vendor_818_LLC,Chemicals,25,1942,240,171,113,162,30,4.18,10.0,44.0,0.011,333030.0,low
V6366,Vendor_704_Inc,Raw Materials,19,3272,695,418,578,679,16,2.98,10.0,70.0,0.2868,183919.0,High
V6821,Vendor_286_Co,IT Hardware,19,2452,561,277,71,313,22,4.48,10.0,11.0,0.0764,5011.0,
V1355,Vendor_723_Ltd,Food & Beverage,23,4928,3909,3305,221,2257,21,3.43,4.0,,0.0575,397109.0,high
V1145,Vendor_387_Inc,Automotive,13,164,59,53,34,20,21,2.15,1.0,11.0,0.1217,108729.0,0
V2135,Vendor_267_LLC,Automotive,28,3225,1022,836,253,617,20,2.82,10.0,16.0,0.112,67760.0,1
V6067,Vendor_782_LLC,Raw Materials,1,960,464,313,311,28,23,2.41,1.0,21.0,0.1489,182773.0,High Risk
V2868,Vendor_113_Co,IT Hardware,24,4057,2169,565,998,1728,29,3.5,9.0,58.0,0.0507,460122.0,1
V6638,Vendor_446_Ltd,Raw Materials,20,4970,3871,580,2526,1619,6,3.36,8.0,11.0,0.0709,234909.0,NO
V1597,Vendor_323_LLC,Textiles,23,1039,920,654,592,99,18,4.32,10.0,49.0,0.0648,110976.0,1
V9077,Vendor_141_Corp,Chemicals,6,4782,3100,873,711,1114,19,4.04,6.0,42.0,0.2819,380285.0,NO
V5217,Vendor_981_Co,Food & Beverage,26,116,8,0,2,2,20,2.72,8.0,36.0,0.2467,113098.0,low
V8331,Vendor_392_Co,IT Hardware,25,638,114,17,24,19,24,4.19,8.0,11.0,0.1352,473472.0,high risk
V7792,Vendor_194_Ltd,Electronics,21,4116,3780,119,1463,3108,15,3.76,8.0,25.0,0.2727,348075.0,low
V8012,Vendor_154_Inc,Electronics,23,4603,504,196,390,5,14,2.87,6.0,13.0,0.0264,121120.0,0
V7207,Vendor_458_Corp,Office Supplies,25,2148,936,270,694,359,8,2.86,5.0,36.0,0.0168,456693.0,low
V6682,Vendor_415_Inc,Machinery,26,3861,2193,485,764,1983,3,3.22,4.0,20.0,0.1265,401158.0,1
V7957,Vendor_492_Corp,Food & Beverage,4,413,270,270,15,149,27,4.55,2.0,37.0,0.141,282301.0,0
V8655,Vendor_359_Ltd,Chemicals,19,1885,263,175,182,134,1,3.84,10.0,35.0,0.0096,455532.0,Low Risk
V2372,Vendor_868_LLC,Raw Materials,20,4019,3378,2417,3085,220,28,3.67,1.0,36.0,0.1118,420782.0,0
V1544,Vendor_168_Inc,Textiles,4,4750,13,11,8,7,30,3.55,1.0,21.0,0.1429,431818.0,1
V5933,Vendor_926_LLC,Chemicals,17,72,6,0,4,5,19,2.75,1.0,38.0,0.2762,197631.0,
V6363,Vendor_925_LLC,IT Hardware,14,1102,887,274,868,397,15,4.15,5.0,61.0,0.0332,317770.0,1
V7840,Vendor_817_Corp,Office Supplies,24,1180,1049,497,845,930,1,4.4,8.0,47.0,0.1707,9623.0,Low Risk
V8881,Vendor_725_Ltd,Food & Beverage,22,3994,1712,1043,1326,1572,10,3.17,3.0,50.0,0.1788,215086.0,NO
V4528,Vendor_158_Ltd,Chemicals,30,2188,1268,839,1218,546,20,4.82,9.0,23.0,0.0142,446169.0,low
V5989,Vendor_701_Inc,Packaging,23,2092,774,125,280,345,28,4.7,1.0,12.0,0.1385,75805.0,Low
V4719,Vendor_757_Co,Chemicals,11,4590,2235,2147,1631,1289,29,2.08,8.0,45.0,0.0839,455505.0,0
V3742,Vendor_591_Ltd,Textiles,18,1044,575,554,220,312,2,3.7,9.0,33.0,,364938.0,0
V6988,Vendor_918_Co,Packaging,6,4952,1986,250,1803,1091,23,3.95,,56.0,0.0426,117237.0,Low 
V7044,Vendor_265_Corp,Chemicals,15,984,262,149,233,235,22,,8.0,7.0,,151459.0,0
V2957,Vendor_488_Corp,Office Supplies,16,3152,2044,1278,1475,495,17,3.28,5.0,69.0,0.2779,428389.0,high
V9399,Vendor_585_Inc,Office Supplies,5,2471,1648,923,1149,1391,10,2.51,3.0,45.0,0.2848,134499.0,High Risk
V8688,Vendor_205_Ltd,Office Supplies,27,4382,3884,236,2897,1312,20,3.52,8.0,48.0,0.2749,,low
V7801,Vendor_569_Ltd,Food & Beverage,18,2922,1521,259,1356,649,15,3.83,1.0,42.0,0.2701,158691.0,1
V8589,Vendor_754_Corp,Chemicals,14,3075,2539,438,1711,1195,23,6.0,1.0,7.0,0.0345,387664.0,High
V7998,Vendor_127_Inc,Machinery,23,2484,765,146,204,377,27,4.58,10.0,54.0,0.2319,430246.0,0
V4602,Vendor_402_Co,Office Supplies,26,3766,1713,350,1557,703,26,3.91,10.0,22.0,0.1734,290803.0,1
V4764,Vendor_989_Ltd,Textiles,26,3011,380,96,122,234,25,3.19,10.0,58.0,0.1138,61404.0,NO
V8669,Vendor_407_Corp,Textiles,8,384,134,68,56,22,29,4.38,10.0,47.0,0.1863,27320.0,low
V8698,Vendor_860_Corp,Office Supplies,28,999,428,134,391,283,2,4.5,1.0,22.0,0.297,70404.0,High Risk
V1770,Vendor_955_Ltd,Packaging,28,1763,1421,516,111,203,6,3.65,10.0,61.0,0.0494,453844.0,Low
V6724,Vendor_334_LLC,Electronics,7,3889,3370,965,993,717,15,2.55,5.0,71.0,0.1552,65622.0,High
V8191,Vendor_905_Corp,Food & Beverage,5,1793,1275,1027,575,1072,25,,6.0,16.0,0.0523,171381.0,low
V7416,Vendor_291_Ltd,Machinery,21,1306,399,272,32,383,8,3.28,4.0,67.0,0.2339,255269.0,low
V5777,Vendor_451_LLC,Machinery,24,2066,1602,498,158,1508,14,2.38,2.0,2.0,0.0571,215795.0,1
V5376,Vendor_149_Co,Food & Beverage,16,2937,184,112,136,108,15,3.39,5.0,63.0,0.0371,386200.0,High
V9290,Vendor_647_LLC,Automotive,3,1502,874,38,525,485,12,4.38,8.0,70.0,0.1426,6055.0,High
V1784,Vendor_177_LLC,Raw Materials,30,2053,621,121,356,290,11,2.65,1.0,53.0,0.179,228196.0,YES
V6484,Vendor_250_Corp,Machinery,12,3939,1101,574,666,972,21,2.6,8.0,42.0,0.2692,359444.0,
V5430,TBD,Machinery,27,2400,160,37,71,34,7,3.6,1.0,45.0,0.1898,194520.0,Low
V2149,Vendor_221_Corp,Chemicals,18,1493,474,210,126,157,28,3.0,9.0,54.0,0.1348,479627.0,1
V4256,Vendor_236_LLC,Machinery,8,1245,386,240,354,135,2,3.64,8.0,18.0,0.0823,86153.0,1
V6014,Vendor_444_LLC,Food & Beverage,17,3602,2365,1736,658,1133,28,2.87,4.0,1.0,0.2098,6572.0,1
V3522,Vendor_831_Corp,Machinery,10,2400,1379,1195,363,27,29,3.67,1.0,23.0,0.0841,115358.0,1
V5638,Vendor_824_Co,IT Hardware,10,946,895,163,713,811,10,,Bad,44.0,0.2789,355855.0,high
V8129,Vendor_584_LLC,Automotive,20,2104,1921,1809,1751,608,14,4.17,1.0,7.0,0.0584,66952.0,0
V2706,Vendor_474_Co,Packaging,22,2261,1481,486,1136,206,15,4.31,8.0,21.0,0.0297,56183.0,1
V4195,Vendor_316_Co,Food & Beverage,25,3524,2961,649,492,2617,20,4.94,1.0,19.0,0.0034,,Low
V6576,Vendor_386_Co,Chemicals,18,4004,868,363,816,264,1,3.55,4.0,11.0,0.0724,214085.0,low
V9977,Vendor_953_Corp,Chemicals,10,1435,1260,1165,616,831,7,3.29,10.0,42.0,0.1395,232819.0,YES
V6024,Vendor_678_Corp,Electronics ,11,2918,879,744,49,392,17,4.1,8.0,34.0,0.2693,395313.0,High
V9655,Vendor_309_Ltd,Food & Beverage,10,3322,977,103,876,739,14,4.02,4.0,7.0,0.0739,459093.0,Low Risk
V3962,Vendor_227_Co,Electronics,11,1131,645,435,182,188,8,2.65,5.0,57.0,0.2379,136591.0,low
V1344,Vendor_775_Ltd,Automotive,18,4553,3271,2803,1141,2573,1,,6.0,21.0,0.1824,178181.0,1
V3223,Vendor_134_LLC,Machinery,10,2439,751,195,417,161,15,2.88,5.0,53.0,0.0624,57508.0,0
V5697,Vendor_457_Co,IT Hardware,19,61,58,9,12,49,29,4.62,8.0,35.0,0.2309,211498.0,YES
V8624,Vendor_954_Ltd,Electronics,14,2963,2077,2077,351,982,3,3.95,8.0,10.0,0.0397,187312.0,
V3913,Vendor_185_Co,Raw Materials,28,32,20,14,2,2,13,3.36,10.0,26.0,0.2431,127315.0,Low
V3159,Vendor_234_Co,Automotive,7,852,823,808,327,56,2,3.77,3.0,10.0,0.2294,109463.0,low
V6406,Vendor_818_Co,Office Supplies,13,4968,4261,543,4220,775,27,3.81,5.0,28.0,0.1804,364563.0,1
V4018,Vendor_359_Inc,Food & Beverage,22,4963,1064,769,378,227,30,,8.0,36.0,0.2308,363923.0,
V2438,Vendor_452_Inc,Textiles,3,3181,2734,1001,579,78,5,2.22,10.0,12.0,0.2202,336472.0,0
V1530,Vendor_237_Inc,Automotive,27,3605,858,602,150,16,12,3.29,4.0,31.0,0.2312,369839.0,low
V3945,Vendor_897_Co,Automotive,5,3710,370,369,256,57,13,3.24,8.0,4.0,0.0537,310495.0,NO
V8196,Vendor_521_Inc,Raw Materials,4,3023,29,22,19,9,22,4.21,7.0,9.0,,219380.0,High
V6107,Vendor_244_Co,Office Supplies,16,2758,1500,1419,890,600,16,3.02,2.0,27.0,0.0439,189512.0,0
V6855,Vendor_267_Corp,Chemicals,12,489,74,40,59,17,14,3.91,6.0,7.0,0.087,278669.0,YES
V7252,Vendor_918_LLC,Textiles,3,4542,2407,1128,1990,137,11,2.42,,42.0,0.2487,425837.0,
V6164,Vendor_563_LLC,Electronics,6,1276,94,50,43,8,9,Unknown,2.0,4.0,0.1052,199007.0,0
V9380,Vendor_912_Corp,Raw Materials,7,4589,2939,2804,2558,1284,5,3.17,5.0,63.0,0.0647,426655.0,Low Risk
V6926,Vendor_330_Inc,Textiles,2,1359,505,320,385,211,25,3.3,6.0,51.0,0.0083,353141.0,NO
V8504,Vendor_154_Ltd,Office Supplies,12,2394,1066,955,571,381,10,2.82,3.0,62.0,0.1682,34420.0,0
V6336,Vendor_843_Inc,Textiles,18,1859,1068,619,659,511,30,2.34,7.0,50.0,0.0519,101756.0,NO
V2131,Vendor_735_Co,Textiles,12,3420,128,58,50,127,17,4.76,2.0,3.0,0.0392,464141.0,NO
V7565,Vendor_334_Co,IT Hardware,18,2279,1753,535,1556,1553,19,2.45,9.0,40.0,0.0115,35406.0,High
V7591,Vendor_813_Co,Machinery,23,4346,3179,1729,1451,522,10,2.36,,14.0,0.2982,24717.0,1
V5887,Vendor_279_LLC,Electronics,22,1726,880,281,38,128,22,3.68,10.0,42.0,0.0008,101245.0,
V8363,Vendor_311_Corp,Chemicals,27,2026,580,437,564,437,29,2.16,,7.0,0.1872,,high
V4374,Vendor_302_Corp,Chemicals,24,3617,547,436,267,220,25,,10.0,56.0,,348213.0,
V9717,Vendor_635_LLC,Machinery,1,3451,1993,36,1060,278,30,2.96,5.0,56.0,0.0623,383945.0,NO
V3669,Vendor_696_Inc,Chemicals,15,737,617,272,119,173,1,2.73,9.0,25.0,0.2999,453827.0,1
V1333,Vendor_499_Ltd,Electronics,21,2964,277,269,259,259,13,4.94,5.0,3.0,0.1071,36420.0,low risk
V3255,Vendor_542_Ltd,Packaging,23,447,6,1,2,4,15,2.71,4.0,30.0,0.1003,386674.0,Low Risk
V3104,Vendor_705_LLC,Automotive,13,3998,3321,1842,1178,105,10,3.99,4.0,26.0,0.2312,16032.0,
V2973,Vendor_988_Co,Raw Materials,22,2273,2119,759,1283,1421,3,2.05,,,0.0341,357050.0,Low
V2556,Vendor_766_Corp,Textiles,25,172,103,61,63,49,21,4.17,10.0,22.0,0.0019,472258.0,High Risk
V2049,Vendor_369_LLC,Office ,3,756,148,120,111,22,20,2.11,7.0,52.0,,274156.0,High
V3882,Vendor_371_Inc,Packaging,6,3118,991,432,532,655,14,3.5,9.0,45.0,0.1019,363554.0,High Risk
V8247,Vendor_987_Inc,Chemicals,30,2188,28,8,25,3,15,3.28,3.0,17.0,0.091,443920.0,Low Risk
V2127,Vendor_409_Inc,Textiles,29,1368,286,111,147,194,13,,7.0,27.0,0.2183,1444.0,High
V9103,Vendor_315_LLC,Office Supplies,26,618,201,2,47,172,1,2.9,9.0,37.0,0.0028,14017.0,0
V3220,Vendor_695_Co,Textiles,15,2212,1185,15,563,1011,5,4.59,4.0,59.0,0.2377,136034.0,1
V3802,Vendor_321_Ltd,Raw Materials,1,591,576,158,475,344,29,2.03,3.0,48.0,0.2605,336874.0,high
V7925,Vendor_615_Inc,Automotive,30,3327,2959,180,501,1780,25,3.24,8.0,68.0,0.181,122014.0,NO
V7093,Vendor_444_Corp,Raw Materials,7,1865,475,187,202,85,11,4.29,5.0,15.0,0.2283,29853.0,NO
V2856,Vendor_473_Co,IT Hardware,22,256,34,19,17,31,15,3.49,2.0,34.0,0.2781,144260.0,Low
V5481,Vendor_307_Inc,IT Hardware,8,4589,4367,178,611,1737,17,4.23,8.0,11.0,0.07,133218.0,High
V2483,Vendor_657_Corp,Office Supplies,30,4278,929,691,86,677,28,2.71,9.0,72.0,0.0723,210252.0,Low Risk
V1651,Vendor_337_LLC,Office Supplies,10,1529,1192,846,237,1146,5,4.24,7.0,2.0,0.1116,268489.0,
V7048,Vendor_915_Corp,Chemicals,18,3622,3013,901,447,618,29,3.54,9.0,14.0,0.2313,284700.0,low
V8331,Vendor_559_Ltd,Office Supplies,13,807,359,179,340,228,28,4.8,6.0,34.0,0.0055,264473.0,NO
V8172,Vendor_549_Co,Automotive,20,700,516,176,40,253,6,3.09,5.0,50.0,0.1226,178401.0,YES
V5889,Vendor_290_Inc,Textiles,15,1608,465,428,424,167,24,2.17,9.0,36.0,0.2952,165278.0,0
V8280,Vendor_855_Inc,Office Supplies,19,2245,1782,1286,1303,18,28,3.82,8.0,35.0,0.1882,75826.0,
V8240,Vendor_493_Ltd,Office Supplies,15,1100,129,75,66,49,15,2.44,9.0,50.0,0.0871,475609.0,NO
V3760,Vendor_838_Corp,Chemicals,27,1966,120,106,107,87,18,3.77,5.0,2.0,0.0239,381969.0,1
V9593,Vendor_779_Ltd,Raw Materials,4,3663,2496,1063,254,1043,4,3.34,5.0,58.0,0.204,413317.0,
V5345,Vendor_589_LLC,Automotive,29,1895,572,385,529,533,10,2.74,6.0,28.0,0.2572,94289.0,Low
V9695,Vendor_291_Co,Electronics,22,4429,4133,2895,3644,3603,28,3.7,8.0,24.0,0.2178,436351.0,High Risk
V4588,Vendor_987_Co,Office Supplies,28,672,356,187,271,177,5,4.6,5.0,41.0,0.1068,229657.0,Low
V9994,Vendor_934_LLC,Electronics,10,1509,198,14,59,125,21,3.61,10.0,28.0,0.1495,25091.0,
V3266,Vendor_907_Co,Packaging,21,2615,971,395,780,541,8,2.81,3.0,N/A,0.2691,343346.0,High
V6069,Vendor_599_LLC,Electronics,23,4446,1970,1740,1160,349,18,2.27,3.0,64.0,0.2546,351176.0,Low
V3910,Vendor_313_LLC,Food & Beverage,2,2308,1350,1299,1086,276,7,99.0,10.0,4.0,0.1801,32514.0,NO
V6527,Vendor_743_Ltd,Electronics,18,4341,3208,779,1354,2385,14,4.91,2.0,28.0,0.2833,137887.0,
V1826,Vendor_548_Ltd,Raw Materials,4,2201,619,527,618,106,26,3.83,2.0,72.0,0.0126,56265.0,0
V2468,Vendor_986_Inc,Raw Materials,21,317,117,21,52,99,18,3.38,1.0,33.0,0.0059,436538.0,High
V6349,Vendor_728_Inc,Textiles,5,2503,1739,800,619,1238,17,3.37,2.0,34.0,0.0698,79202.0,High Risk
V1438,Unknown,Machinery,11,508,360,268,212,280,17,4.15,6.0,46.0,0.2958,339109.0,1
V2137,Vendor_270_LLC,Packaging,29,2511,977,174,322,697,15,2.43,1.0,61.0,0.1284,11919.0,0
V3060,Vendor_561_Co,Office Supplies,1,4634,4405,665,465,3010,2,3.67,5.0,51.0,0.0714,54444.0,high
V9548,Vendor_582_Co,Office Supplies,9,3173,3103,3026,3056,2129,9,3.81,5.0,3.0,0.2262,357610.0,
V1974,Vendor_399_Co,Food & Beverage,21,4863,4478,2951,1276,4065,22,2.69,5.0,40.0,0.2832,205409.0,1
V1780,Vendor_715_Ltd,Electronics,3,2767,1588,1279,676,1478,14,2.5,2.0,59.0,0.2419,218614.0,0
V1015,Vendor_754_LLC,Packaging,2,4062,381,109,342,129,1,3.22,,19.0,,221477.0,
V5804,Vendor_256_Ltd,Food & Beverage,11,1273,0,0,0,0,4,2.94,7.0,57.0,0.2371,25714.0,NO
V4614,Vendor_235_Ltd,IT Hardware,25,1603,9,1,3,3,18,4.21,9.0,18.0,0.2435,436086.0,low
V6402,Vendor_116_LLC,Electronics,1,3667,2951,1747,2447,955,27,4.46,6.0,24.0,0.1772,209686.0,
V7718,Vendor_376_Co,Food & Beverage,17,3126,572,448,53,256,26,2.42,9.0,58.0,0.0694,434306.0,
V8750,Vendor_835_Ltd,Packaging,13,771,425,191,8,413,16,4.62,9.0,45.0,,35210.0,low
V4156,Vendor_714_Co,IT Hardware,18,1548,98,41,38,54,20,4.28,7.0,12.0,0.1771,391852.0,
V4859,Vendor_902_Corp,Office Supplies,15,2301,2139,369,635,1120,11,4.17,Bad,48.0,0.1197,231264.0,NO
V5358,Vendor_515_LLC,Automotive,3,4660,4511,4099,3892,49,11,3.81,4.0,49.0,0.1514,392082.0,NO
V2854,Vendor_970_Corp,Chemicals,17,1311,355,132,179,265,17,2.98,8.0,59.0,0.1601,146513.0,0
V9551,Vendor_906_LLC,Raw Materials,5,2494,2128,594,912,1781,17,3.52,10.0,68.0,0.0735,74884.0,0
V6075,Vendor_542_Ltd,Office Supplies,20,573,398,105,66,105,19,4.82,10.0,26.0,0.1507,360051.0,low
V3410,Vendor_567_Ltd,Electronics,25,3776,193,17,163,142,19,3.92,5.0,2.0,0.0148,183470.0,NO
V1087,Vendor_885_Corp,Office Supplies,14,2473,2194,1674,608,1973,24,,9.0,5.0,0.1196,125950.0,1
V2692,Vendor_123_Corp,IT Hardware,3,1261,189,67,23,112,26,4.9,6.0,,0.0163,467314.0,0
V6180,Vendor_209_LLC,Textiles,11,4122,3464,2289,3062,1199,29,2.53,7.0,54.0,0.2844,234106.0,1
V2618,Vendor_574_LLC,Electronics,3,4679,2562,1369,267,1492,999,2.61,4.0,7.0,0.1652,377092.0,
V6570,Vendor_720_LLC,Food & Beverage,21,676,549,487,205,478,5,3.43,2.0,28.0,0.0233,455654.0,
V9908,Vendor_194_Corp,Machinery,24,4003,3109,355,1945,1032,27,4.15,2.0,59.0,,177885.0,1
V9383,Vendor_809_Inc,Automotive,7,4548,1865,540,198,727,19,2.57,7.0,7.0,0.0995,194508.0,YES
V6674,Vendor_917_LLC,Machinery,29,267,7,2,4,4,13,4.89,3.0,16.0,0.1172,20949.0,
V9434,Vendor_964_LLC,Packaging,19,1611,1164,892,1065,580,26,4.32,1.0,1.0,0.0016,36260.0,High Risk
V7231,Vendor_562_LLC,Food & Beverage,23,3678,2830,1779,1187,2531,13,2.57,10.0,53.0,0.1518,496751.0,0
V7932,Vendor_908_Ltd,Raw Materials,15,2490,991,258,674,157,20,3.44,7.0,69.0,0.152,483550.0,NO
V8505,Vendor_315_Inc,Textiles,10,2388,1832,316,1294,395,1,3.4,4.0,4.0,0.2878,117363.0,0
V8957,Vendor_761_Co,Machinery,4,2326,1834,547,645,1218,17,4.78,10.0,63.0,0.2246,440690.0,High Risk
V6594,Vendor_996_LLC,Machinery,29,1350,1327,51,1083,841,15,3.39,3.0,56.0,0.1201,170824.0,high
V5833,Vendor_684_Inc,IT/IS,20,3340,745,218,698,418,28,4.18,8.0,41.0,0.1452,265481.0,High
V5020,Vendor_868_Ltd,Raw Materials,1,1904,1496,1244,1383,799,9,4.43,4.0,36.0,0.0224,,high
V2058,Vendor_990_Ltd,Raw Materials,7,2644,751,452,644,6,2,3.9,3.0,27.0,0.0377,92056.0,Low Risk
V7395,Vendor_920_Inc,Food & Beverage,23,4521,616,180,153,228,24,3.09,4.0,63.0,0.2376,204906.0,High
V9349,Vendor_882_LLC,Chemicals,29,4218,1842,1166,332,661,23,2.34,9.0,31.0,0.0201,120840.0,0 
V5748,Vendor_543_Inc,Electronics,29,478,84,43,59,69,17,3.0,9.0,46.0,0.2206,279084.0,1
V9011,Vendor_445_Inc,Packaging,9,4904,3508,3048,7,3334,23,4.05,3.0,28.0,0.0636,230259.0,0
V7848,Vendor_672_Co,Electronics,9,4401,3028,923,1550,560,23,3.4,4.0,67.0,0.1302,371198.0,High
V2328,Vendor_719_Inc,IT Hardware,6,2206,1651,4,11,1011,7,2.99,3.0,8.0,0.0531,457705.0,1
V6489,Vendor_636_Corp,Office Supplies,18,4590,3601,2097,1960,1867,4,2.21,8.0,40.0,0.0628,396549.0,low
V1244,Vendor_295_Corp,Machinery,10,4144,2744,177,1734,2328,24,4.25,8.0,10.0,0.0235,26829.0,1 
V2750,Vendor_679_Ltd,Food & Beverage,20,3780,28,3,11,1,28,4.93,3.0,4.0,0.1852,184709.0,1
V6845,Vendor_688_Co,Packaging,19,826,148,24,92,86,25,2.52,5.0,9.0,0.1823,231384.0,1
V6036,Vendor_207_Co,Food & Beverage,17,3584,1927,300,1071,364,24,4.45,9.0,6.0,0.0789,277199.0,High Risk
V6281,Vendor_965_LLC,Machinery,20,3190,1862,1700,615,1747,13,2.4,10.0,11.0,0.1322,289476.0,0
V8518,Vendor_442_Inc,Food & Beverage,1,3258,1011,209,557,591,4,4.01,3.0,11.0,0.0862,445439.0,NO
V8899,Vendor_792_Corp,Chemicals,22,4921,4015,3308,2108,1238,21,2.46,1.0,57.0,0.202,499716.0,
V4466,Vendor_308_LLC,Textiles,29,704,235,41,146,132,4,3.22,10.0,8.0,0.006,249526.0,YES
V9470,Vendor_714_Co,Packaging,2,924,571,516,454,8,2,4.75,4.0,68.0,Low,331488.0,Low Risk
V4883,Vendor_244_Corp,Electronics,17,2432,1377,40,1148,1260,11,4.68,9.0,57.0,0.0969,35025.0,Low Risk
V7682,Vendor_910_Corp,Automotive,12,446,236,140,131,146,26,4.95,3.0,29.0,0.0379,478037.0,high
V7083,Vendor_182_Corp,IT Hardware,25,1487,443,234,3,270,3,3.87,5.0,47.0,0.0779,191509.0,high
V3504,Vendor_453_Co,Textiles,21,3869,1032,93,319,382,6,3.01,7.0,12.0,0.0903,207502.0,
V6541,Vendor_397_Corp,Electronics,26,4501,3893,2873,1571,935,29,2.51,3.0,2.0,0.212,461181.0,NO
V4950,Vendor_737_Co,IT Hardware,15,4740,798,324,380,638,16,4.83,2.0,40.0,0.04,487403.0,NO
V8172,Vendor_855_Ltd,Raw Materials,3,4238,295,114,189,206,12,3.25,,41.0,0.1614,112008.0,High
V4920,Vendor_922_Inc,Raw Materials,16,687,4,3,2,3,10,3.01,5.0,49.0,0.1722,405482.0,NO
V3994,Vendor_600_Co,Electronics,30,1921,973,126,894,204,7,4.09,4.0,22.0,0.2853,178995.0,YES
V1550,Vendor_372_Ltd,Textiles,7,3332,2752,648,3,273,15,4.48,10.0,13.0,0.2256,197805.0,
V6008,Vendor_699_LLC,IT Hardware,27,2304,572,43,176,469,2,3.77,2.0,11.0,0.043,20954.0,0
V9153,Vendor_101_Corp,Textiles,19,2050,510,361,215,130,7,4.24,3.0,24.0,0.2443,305194.0,1
V2148,Vendor_884_LLC,IT Hardware,21,4504,512,85,38,342,24,2.41,8.0,19.0,0.2458,100103.0,0
V1121,Vendor_324_Inc,Automotive,4,4184,1517,227,1500,281,25,2.72,10.0,57.0,0.296,325611.0,YES
V8753,Vendor_556_Co,Packaging,26,4855,3272,485,448,3117,9,3.12,10.0,5.0,0.2164,231783.0,NO
V1531,Vendor_379_Co,,8,310,205,102,168,101,4,2.55,5.0,34.0,0.0617,179285.0,High Risk
V5811,Vendor_481_Ltd,Electronics,11,3011,1091,270,215,709,14,4.34,3.0,1.0,0.2535,75205.0,0
V3752,Vendor_875_Inc,Food & Beverage,6,1512,722,679,650,415,18,3.23,10.0,33.0,0.2642,339752.0,0
V2272,Vendor_325_Inc,Machinery,6,1226,487,396,182,184,15,3.06,3.0,29.0,0.1053,349961.0,Low Risk
V6899,Vendor_342_Corp,Raw Materials,12,2785,131,41,30,74,19,3.42,10.0,61.0,0.1667,229338.0,
V9524,Vendor_353_Inc,Electronics,6,2678,588,101,409,16,30,4.5,10.0,59.0,0.2414,410212.0,0
V8195,Vendor_250_Ltd,Raw Materials ,13,3425,353,307,270,64,11,3.43,9.0,21.0,0.2304,325498.0,Low Risk
V7675,Vendor_112_Inc,Automotive,17,189,187,102,164,97,2,3.74,10.0,21.0,0.1924,111699.0,Low Risk
V8672,Vendor_291_Ltd,Machinery,25,2530,1380,1023,1301,1198,3,4.4,10.0,21.0,0.2478,47121.0,1
V2777,Vendor_324_Inc,Packaging,30,117,19,2,18,6,16,2.66,2.0,49.0,0.0113,,0
V5006,Vendor_618_Inc,Chemicals,28,2628,67,13,25,11,4,3.65,5.0,23.0,0.1848,85326.0,high
V7078,,Electronics,4,4371,941,894,458,827,27,3.97,,1.0,0.1516,440862.0,
V6273,Vendor_156_Corp,Textiles,29,2024,1183,746,290,183,10,4.47,7.0,10.0,0.0013,99999999.0,0
V5433,Vendor_638_LLC,Automotive,18,855,793,198,768,112,25,2.42,7.0,29.0,0.081,418016.0,Low Risk
V8452,Vendor_246_Co,Machinery,21,882,207,130,103,198,18,3.96,4.0,46.0,0.166,226415.0,Low
V4509,Vendor_552_Co,Packaging,23,3561,3190,2078,1785,667,25,3.35,2.0,60.0,0.0369,35516.0,Low Risk
V3255,Vendor_901_Ltd,Chemicals,18,2328,1398,1246,200,44,21,4.03,8.0,48.0,0.038,162974.0,1
V6880,Vendor_163_Co,Machinery,30,4074,2115,1740,93,310,8,4.79,5.0,41.0,0.0211,318812.0,High Risk
V3263,Vendor_929_Co,Automotive,26,2259,2036,627,1491,1769,30,2.36,1.0,53.0,0.0745,121175.0,Low Risk
V6444,Vendor_663_Co,Raw Materials,24,928,515,447,216,380,19,4.64,10.0,60.0,0.2071,247648.0,0
V5569,Vendor_561_LLC,Food & Beverage,19,4863,2198,1320,1005,354,20,4.0,6.0,4.0,0.1483,171401.0,0
V2903,Vendor_498_Co,Office Supplies,2,3838,1155,809,703,974,22,4.45,6.0,36.0,0.0643,,0
V2124,Vendor_384_Ltd,Office Supplies,22,4216,1663,1597,819,384,10,4.85,10.0,14.0,0.0442,460379.0,1
V2527,Vendor_327_Corp,Textiles,7,2237,1304,148,433,556,7,3.21,9.0,65.0,0.2699,335532.0,Low Risk
V3128,Vendor_745_Co,Chemicals,7,3383,1041,988,224,787,14,3.64,2.0,25.0,0.0264,461159.0,Low
V1018,Vendor_153_LLC,Packaging,22,705,19,1,0,6,5,4.57,8.0,42.0,0.2913,244162.0,YES
V6529,Vendor_723_Inc,Electronics,7,3040,564,32,490,129,16,3.16,10.0,39.0,0.2082,102358.0,1
V2092,Vendor_909_Corp,Automotive,23,480,330,143,202,107,13,4.29,8.0,3.0,0.1956,297933.0,High Risk
V4114,Vendor_867_Inc,Food & Beverage,26,2737,1368,1,70,657,30,4.55,7.0,8.0,0.1957,206762.0,low
V3672,Vendor_241_Inc,Textiles,14,964,484,323,399,292,21,4.98,2.0,68.0,0.1435,470455.0,
V6557,Vendor_314_Corp,Automotive,30,4578,4449,1226,2024,2927,28,3.92,5.0,38.0,,371299.0,
V3453,Vendor_161_Corp,Automotive,20,2262,762,301,557,84,12,2.81,2.0,29.0,0.1116,74787.0,high
V2904,Vendor_177_Ltd,Raw Materials,23,3084,2297,940,1072,1303,2,4.95,7.0,45.0,0.0275,343916.0,1
V4975,Vendor_656_Ltd,Machinery,23,3468,412,338,37,255,24,3.05,6.0,54.0,0.268,107406.0,1
V7297,Vendor_831_Corp,Food & Beverage,17,432,226,133,198,147,24,4.62,4.0,20.0,0.1989,431895.0,0
V2733,Vendor_840_Corp,Machinery,21,1720,360,3,353,140,16,2.39,2.0,8.0,0.2962,477630.0,
V3464,Vendor_202_Ltd,Automotive,11,4640,4287,1081,614,680,19,4.15,2.0,18.0,0.2534,349093.0,0
V4075,Vendor_300_Corp,Textiles,29,3673,2348,431,117,41,15,4.13,6.0,2.0,0.1185,18728.0,
V7127,Vendor_775_LLC,Chemicals,4,1648,1304,459,1172,1249,1,2.71,5.0,46.0,0.299,364105.0,NO
V2382,Vendor_829_Ltd,Raw Materials,16,513,495,410,31,300,2,4.78,,36.0,0.2877,490050.0,high
V8307,Vendor_270_Inc,IT Hardware,25,4168,553,272,484,107,10,4.54,10.0,37.0,0.0736,453455.0,1
V1862,Vendor_659_Ltd,Electronics,16,4432,2169,2051,1422,2029,11,3.45,10.0,19.0,0.1492,29781.0,1
V4490,Vendor_102_Co,Textiles,7,2386,1225,989,601,542,30,2.91,9.0,5.0,0.2806,468923.0,Low Risk
V3290,Vendor_905_LLC,Food & Beverage,22,3288,652,532,236,476,6,2.56,10.0,27.0,0.0306,123199.0,
V7748,Vendor_247_LLC,Office Supplies,4,3318,3058,139,1218,239,27,3.09,8.0,41.0,0.0374,198293.0,low
V9722,Vendor_153_Ltd,Chemicals,8,2145,603,375,295,460,16,,7.0,6.0,0.2084,100113.0,High
V8157,Vendor_992_Corp,Food & Beverage,2,994,102,89,5,100,21,4.72,7.0,45.0,0.2612,447172.0,YES
V4739,Vendor_345_Corp,Office Supplies,7,893,546,458,490,420,1,2.84,4.0,31.0,0.2439,363546.0,High Risk
V2650,Vendor_541_LLC,Chemicals,16,2644,868,292,483,286,12,3.0,2.0,13.0,0.2007,359068.0,High Risk
V8795,Vendor_772_Co,Raw Materials,8,3023,247,195,190,75,9,3.16,2.0,70.0,0.1008,75994.0,High
V1591,Vendor_937_Corp,IT Hardware,6,1815,1205,1003,536,1120,20,,8.0,57.0,0.1601,436368.0,1
V4475,Vendor_268_Ltd,Office Supplies,13,4327,1141,332,989,662,28,2.19,3.0,5.0,0.2366,229003.0,Low Risk
V9475,Vendor_762_Inc,IT Hardware,8,2474,2106,292,1684,1021,25,4.25,9.0,7.0,,103688.0,Low
V2405,Vendor_814_LLC,Textiles,1,4968,3321,2042,2964,3031,28,3.01,5.0,37.0,0.2672,460647.0,Low Risk
V9213,Vendor_352_Inc,Automotive,14,4878,1390,131,119,265,7,4.06,6.0,41.0,0.268,435106.0,YES
V7072,Vendor_224_Corp,Chemicals,23,1045,246,65,71,178,1,4.13,9.0,32.0,0.2775,398962.0,Low
V6578,Vendor_260_Corp,Raw Materials,24,3334,171,117,41,96,9,3.54,7.0,7.0,0.1869,237671.0,1
V9459,Vendor_884_LLC,Automotive,15,3841,2830,370,2312,495,18,2.73,,56.0,0.1532,378452.0,high
V9848,Vendor_359_Ltd,Office Supplies,15,2715,1497,555,1158,891,22,3.21,5.0,9.0,0.2759,92254.0,High Risk
V4145,Vendor_424_Ltd,Office Supplies,26,1406,664,104,622,204,25,3.52,5.0,38.0,0.0689,353556.0,0
V8063,Vendor_311_Ltd,IT Hardware,2,3002,214,192,156,44,27,2.72,7.0,71.0,0.257,417907.0,low
V9681,Vendor_960_Corp,Textiles,20,2972,2944,1605,391,545,27,4.68,6.0,21.0,0.2649,56264.0,0
V3972,NA,Machinery,24,4753,682,456,585,179,25,4.26,10.0,70.0,0.1787,374601.0,
V7022,Vendor_909_LLC,IT Hardware,8,4398,234,197,183,119,22,4.11,10.0,71.0,0.2612,402847.0,high
V2781,Vendor_801_Co,Textiles,11,1453,630,415,71,612,16,3.93,1.0,12.0,0.0653,73832.0,Low Risk
V5127,Vendor_197_Co,Packaging,21,844,729,549,582,175,23,3.17,3.0,43.0,0.0526,400358.0,NO
V1205,Vendor_667_LLC,Food & Beverage,7,1046,129,43,6,51,24,4.91,4.0,49.0,0.1015,248130.0,YES
V8837,Vendor_656_LLC,Packaging,8,3405,2350,2241,185,2221,9,3.13,1.0,57.0,0.2643,265421.0,NO
V2792,Vendor_605_Corp,Office Supplies,6,2072,1453,364,1225,651,5,4.72,7.0,33.0,0.0749,293320.0,low
V3705,Vendor_351_Inc,Textiles,12,3304,1560,401,448,43,9,4.91,4.0,4.0,0.1321,337942.0,Low Risk
V6443,Vendor_653_Inc,Electronics,21,3974,2037,1008,838,1785,8,2.74,7.0,52.0,0.0946,410961.0,High Risk
V5583,Vendor_696_Inc,Packaging,18,842,319,298,183,50,25,2.57,8.0,28.0,0.1151,,low
V3888,Vendor_887_Corp,Automotive,11,4186,1615,428,241,103,23,2.46,6.0,52.0,0.0776,323102.0,High Risk
V8505,Vendor_837_Corp,Chem,28,3700,104,66,29,74,7,4.29,5.0,65.0,0.298,237770.0,1
V7810,Vendor_616_Ltd,Automotive,27,2477,950,679,461,731,1,2.1,6.0,19.0,,148104.0,high
V4537,Vendor_313_Corp,Packaging,10,1752,22,4,1,20,4,2.7,4.0,66.0,0.1064,453000.0,1
V4927,Vendor_991_LLC,Chemicals,29,4668,782,402,715,44,21,3.61,2.0,28.0,0.2726,216628.0,
V7424,Vendor_692_Ltd,Electronics,9,3479,2292,2067,616,1897,2,3.77,4.0,16.0,0.0776,415434.0,1
V9319,Vendor_462_Corp,Machinery,13,616,349,335,49,70,17,2.84,6.0,38.0,0.2521,375907.0,high
V1864,Vendor_499_LLC,Machinery,4,394,132,25,3,71,9,3.4,7.0,64.0,0.0608,26883.0,NO
V7972,Vendor_763_Inc,Office Supplies,17,3040,2602,2588,2288,1050,13,3.09,6.0,72.0,0.086,64534.0,NO
V7602,Vendor_247_Co,IT Hardware,22,4696,3875,153,705,1128,23,3.21,7.0,,0.2072,26842.0,NO
V2468,Vendor_364_Ltd,Textiles,7,2661,118,22,33,97,23,2.9,10.0,6.0,0.2656,284385.0,0
V5955,Vendor_197_LLC,Raw Materials,7,3338,1694,635,1017,981,30,3.1,9.0,25.0,0.0026,187301.0,High Risk
V7099,Vendor_236_Ltd,Raw Materials,11,4598,3152,1214,1461,1360,4,2.09,1.0,45.0,0.1997,261951.0,Low 
V8674,Vendor_626_Inc,Food & Beverage,30,4562,913,211,256,586,11,4.6,4.0,19.0,0.1132,45994.0,0
V1793,Vendor_147_Corp,Food & Beverage,1,2776,2241,534,1987,1407,4,4.79,3.0,57.0,0.137,225290.0,1
V6959,Vendor_303_Inc,Machinery,20,4847,833,759,172,66,28,4.97,2.0,30.0,0.2514,381213.0,low
V8670,Vendor_219_Co,Electronics,6,1087,1065,801,842,973,7,4.93,7.0,72.0,0.0447,410852.0,NO
V5771,Vendor_746_LLC,Chemicals,20,2335,316,94,124,2,15,4.2,10.0,9.0,0.0846,-1000.0,1
V7274,Vendor_474_Ltd,IT Hardware,2,459,263,186,26,56,12,3.1,9.0,9.0,0.1682,406576.0,Low 
V7034,Vendor_108_Co,Food & Beverage,3,657,132,92,20,14,15,2.83,10.0,10.0,0.1718,244448.0,0
V5175,Vendor_589_Corp,Food & Beverage,7,345,228,197,182,105,8,2.38,4.0,51.0,0.2927,189697.0,1
V8211,Vendor_602_Corp,Chem,11,595,466,241,197,231,20,4.81,4.0,5.0,0.2528,15587.0,high
V5586,Vendor_269_Ltd,Textiles,27,2963,2959,2247,1543,2934,16,2.88,9.0,27.0,0.0296,233496.0,1
V6077,Vendor_611_Inc,Food & Beverage,9,3660,832,477,378,218,26,3.14,1.0,20.0,0.0579,8834.0,Low
V6744,Vendor_117_Ltd,Food & Beverage,17,4259,414,412,349,179,18,2.79,10.0,48.0,0.1965,347168.0,0
V4452,Vendor_299_Ltd,Chem,8,2700,1702,1318,26,1273,30,2.52,7.0,40.0,0.1319,-1000.0,high
V2477,Vendor_543_Co,Food & Beverage,30,2149,184,35,148,138,27,4.48,4.0,28.0,0.056,83828.0,1
V7202,Vendor_800_Ltd,Automotive,29,259,236,40,152,234,6,3.63,7.0,11.0,0.1718,72716.0,High Risk
V2815,Vendor_145_Inc,Food & Beverage,1,1804,968,540,56,115,17,3.96,5.0,,,133654.0,High
V8515,Vendor_505_LLC,Food & Beverage,1,450,46,19,9,22,22,2.44,3.0,39.0,0.0923,97780.0,1
V7899,Vendor_685_Corp,Electronics,21,2555,269,132,251,168,3,3.57,3.0,29.0,0.0652,173993.0,Low Risk
V3818,Vendor_964_Ltd,Raw Materials,11,4585,4483,2636,3287,2855,12,3.85,4.0,41.0,0.2486,54109.0,NO
V2656,Vendor_770_LLC,Textiles,30,2854,1101,260,408,154,5,3.06,8.0,35.0,0.2898,313466.0,High
V8956,Vendor_623_Co,Raw Materials,3,2082,888,814,115,288,16,4.59,8.0,20.0,0.2476,213992.0,Low Risk
V1359,Vendor_269_Inc,Chemicals,25,4196,773,410,340,717,10,3.49,5.0,16.0,,,Low
V7670,Vendor_787_Co,Automotive,7,1875,1058,335,897,477,8,3.85,,69.0,,318625.0,High Risk
V3203,Vendor_883_Corp,Raw Materials,10,124,117,102,6,7,21,2.97,3.0,18.0,0.2283,410240.0,High
V1521,Vendor_828_Co,Packaging,11,675,188,79,156,33,11,2.92,10.0,47.0,0.0038,45096.0,High Risk
V8546,Vendor_846_Corp,Chemicals,15,1732,1159,42,1085,249,13,3.02,10.0,43.0,0.089,152428.0,0
V5175,Vendor_969_Inc,Chemicals,20,2416,153,5,74,105,15,3.16,4.0,38.0,0.2195,281750.0,
V3768,Vendor_790_Co,Food & Beverage,23,4448,1654,1310,436,989,12,4.58,8.0,72.0,0.0374,110114.0,
V6429,Vendor_846_LLC,Office Supplies,22,3359,1942,440,1309,115,24,3.18,1.0,72.0,0.0768,268666.0,
V7245,Vendor_488_Ltd,Office Supplies,27,2552,810,261,725,682,20,2.33,4.0,49.0,0.2919,42035.0,Low
V1535,Vendor_738_Ltd,Machinery,4,404,374,159,31,136,2,2.2,2.0,35.0,0.1652,164641.0,
V1699,Vendor_807_Inc,Textiles,15,2577,2236,779,934,698,29,3.38,7.0,60.0,0.2606,244475.0,low
V7410,Vendor_336_Inc,Machinery,20,1816,284,85,51,187,29,4.14,7.0,65.0,0.0428,184773.0,0
V6816,Vendor_988_LLC,Machinery,1,3015,2662,1905,22,1028,10,2.66,10.0,35.0,0.1666,190617.0,Low Risk
V1888,Vendor_211_Corp,Food & Beverage,2,3264,1514,576,1068,215,26,4.86,9.0,17.0,0.202,493053.0,1
V1252,Vendor_249_Inc,Textiles,23,2476,1112,634,1053,717,3,2.05,2.0,50.0,0.2496,50078.0,0
V5072,Vendor_785_Co,Textiles,1,1007,942,269,806,124,13,2.26,5.0,59.0,,414115.0,1
V5729,Vendor_272_Ltd,Raw Materials,10,4386,2608,497,500,1970,5,2.43,,40.0,0.0085,188629.0,1
V5971,Vendor_175_LLC,Chem,30,2839,1682,1024,925,116,30,4.1,1.0,,0.028,206604.0,High
V3897,Vendor_350_LLC,IT Hardware,4,879,309,164,95,123,25,2.86,1.0,34.0,0.2257,256582.0,Low Risk
V6210,,IT Hardware,1,2916,711,180,242,606,23,4.1,10.0,19.0,0.1689,99688.0,
V8748,Vendor_546_Inc,Packaging,18,3077,258,180,211,43,20,2.47,4.0,48.0,0.1085,68971.0,NO
V7970,Vendor_423_Ltd,Chemicals,30,920,755,384,741,639,12,3.08,,TBD,0.1563,10696.0,1
V9345,Vendor_413_LLC,Packaging,4,2595,297,235,243,251,2,4.1,2.0,56.0,0.1018,264839.0,High Risk
V8026,Vendor_587_Corp,Textiles,1,3314,2986,2507,2967,2821,7,4.08,7.0,54.0,0.1216,476149.0,NO
V4043,Vendor_914_Corp,Office Supplies,22,1974,149,55,124,71,28,4.3,9.0,17.0,0.1536,454617.0,YES
V4992,Vendor_518_Inc,IT Hardware,13,21,12,9,7,4,15,3.48,4.0,11.0,0.1027,327076.0,high
V7401,Vendor_700_Corp,Chemicals,23,1674,1654,318,1098,669,14,4.19,4.0,8.0,0.0733,485771.0,high
V8648,Vendor_887_Corp,Electronics,1,752,300,197,62,161,3,4.75,1.0,5.0,0.1352,273133.0,High Risk
V4603,Vendor_600_Inc,Packaging,28,1913,337,27,336,69,17,3.34,8.0,50.0,0.004,235116.0,0
V5522,Vendor_893_LLC,IT Hardware,16,3003,794,73,112,362,18,4.73,6.0,63.0,0.0738,425211.0,1
V3175,Vendor_955_Corp,Chemicals,21,2845,67,55,18,38,26,3.47,4.0,30.0,0.0024,47771.0,
V2056,Vendor_262_Ltd,Chemicals,5,4538,64,34,61,34,18,4.6,8.0,58.0,0.0155,388366.0,1
V9282,Vendor_369_Co,Automotive,15,3209,686,414,563,215,14,2.62,1.0,20.0,0.2878,360267.0,low
V3514,Vendor_398_Ltd,IT Hardware,13,579,553,160,512,120,22,3.26,8.0,66.0,0.0619,102055.0,low risk
V8377,Vendor_523_LLC,Office Supplies,28,3249,1111,911,743,1066,1,2.38,4.0,33.0,0.2821,368366.0,NO
V8277,Vendor_766_Corp,IT Hardware,27,1161,174,90,31,158,13,4.26,8.0,29.0,0.0328,225816.0,low
V6972,Vendor_268_Ltd,Food & Beverage,16,1551,240,161,6,97,13,3.38,4.0,15.0,0.139,38943.0,0
V5699,Vendor_823_Inc,Textiles,16,1650,701,553,32,612,21,2.49,7.0,68.0,0.0249,362993.0,1
V1992,Vendor_241_Co,Office Supplies,17,2483,725,34,395,555,16,2.27,6.0,30.0,,385584.0,1
V3452,Vendor_864_Corp,Office Supplies,12,3623,2946,1198,2634,1692,28,3.55,3.0,48.0,0.0864,498917.0,1
V3892,Vendor_480_Corp,Raw Materials,23,3812,2654,844,446,57,15,4.33,6.0,26.0,0.1412,480835.0,low
V5544,Vendor_786_Inc,Packaging,10,2698,2347,1967,2161,2178,6,4.11,4.0,1.0,0.1041,58815.0,high
V7503,Vendor_681_Ltd,Raw Materials,22,18,13,11,5,0,24,4.3,6.0,70.0,0.156,143884.0,YES
V7022,Vendor_684_Co,Chemicals,26,3151,596,565,154,344,18,2.86,3.0,64.0,0.1048,203960.0,Low
V5661,Vendor_883_Ltd,Raw Materials,28,4866,310,55,22,40,2,4.2,10.0,20.0,0.1457,270192.0,High Risk
V7770,Vendor_348_Ltd,Chemicals,20,3198,467,371,13,193,4,4.64,3.0,9.0,0.1557,258469.0,Low Risk
V5062,Vendor_641_Corp,Chemicals,19,4124,2744,855,1982,2570,30,4.08,3.0,31.0,0.1877,,0
V1492,Vendor_837_Corp,Office Supplies,21,2817,2572,1126,240,774,4,4.55,4.0,50.0,0.1247,397784.0,Low Risk
V5481,Vendor_566_Inc,Machinery,23,4874,3638,3106,1286,441,20,3.36,3.0,17.0,0.0968,9889.0,1
V4229,Vendor_362_Corp,Automotive,13,2395,1139,27,618,776,19,4.22,7.0,53.0,0.1497,131801.0,
V5620,Vendor_104_Inc,Machinery,19,1270,728,135,546,694,8,4.32,2.0,52.0,0.0055,208578.0,Low Risk
V9866,Vendor_190_Corp,Textiles,2,2383,1162,394,299,66,23,4.5,7.0,23.0,0.1845,130056.0,Low Risk
V1875,Vendor_968_Ltd,Packaging,22,3666,2852,2389,1640,2670,15,3.58,9.0,33.0,0.2498,251119.0,High
V2466,Vendor_354_LLC,Food & Beverage,3,354,297,243,79,190,22,3.86,1.0,8.0,0.1067,81697.0,NO
V3175,Vendor_906_Co,Electronics,18,4496,3764,177,3358,406,15,2.1,5.0,13.0,0.2783,462385.0,1
V2278,Vendor_207_Co,Automotive,25,3444,2109,176,1657,1351,29,3.52,8.0,37.0,0.1932,370726.0,low
V4966,Vendor_178_Ltd,IT Hardware,28,1603,863,123,821,857,17,2.99,10.0,5.0,0.2263,24807.0,High
V9025,Vendor_965_Corp,Automotive,8,1333,567,138,451,545,2,2.17,1.0,62.0,0.25,127404.0,low
V2002,Vendor_944_Corp,Office Supplies,6,3943,870,537,538,844,3,2.41,4.0,54.0,0.1051,67920.0,1
V9854,Vendor_272_LLC,Automotive,14,4109,1666,1603,291,764,30,3.67,1.0,1.0,0.2438,435829.0,Low Risk
V9846,Vendor_327_Co,Electronics,24,3643,1774,494,1137,10,13,4.27,6.0,34.0,0.0183,462885.0,Low
V3965,Vendor_107_Corp,Office Supplies,18,4745,2713,1073,1962,1174,19,4.21,,39.0,0.2394,116804.0,YES
V9666,Vendor_336_Corp,Machinery,22,1066,492,164,19,78,9,4.05,5.0,26.0,0.2987,174483.0,
V1150,Vendor_876_Inc,Raw Materials,23,4496,48,42,21,5,27,4.16,10.0,27.0,0.0254,371791.0,High
V9217,Vendor_985_LLC,Machinery,8,1298,867,293,490,152,10,4.24,3.0,49.0,0.0132,465454.0,YES
V9133,Vendor_885_Corp,Food & Beverage,10,3096,19,16,10,10,20,3.97,6.0,67.0,0.0895,380368.0,high
V7593,Vendor_317_LLC,Machinery,20,3552,424,413,262,397,21,3.45,,9.0,0.2928,391411.0,1
V5254,Vendor_234_Corp,IT/IS,17,4678,2028,135,776,1302,5,3.27,9.0,45.0,0.2881,247328.0,
V2288,Vendor_908_Corp,Food & Beverage,15,4067,3386,191,1174,888,6,2.5,9.0,60.0,0.0761,489204.0,Low Risk
V9566,Vendor_398_Corp,Chemicals,26,3935,309,4,182,130,8,4.62,9.0,7.0,0.0172,489851.0,high
V1019,Vendor_822_Co,Electronics,21,1236,1093,509,456,165,13,4.39,10.0,19.0,0.1759,61952.0,0
V4416,Vendor_827_LLC,Electronics,14,36,27,2,15,17,23,2.79,7.0,31.0,0.1913,254877.0,High Risk
V9455,Vendor_459_Corp,Chemicals,21,1677,1295,1260,656,895,5,4.78,8.0,7.0,0.0827,264712.0,Low
V2511,Vendor_396_Co,Chemicals,18,1679,1029,171,458,80,2,2.49,9.0,7.0,0.1668,339021.0,High Risk
V9255,Vendor_855_LLC,Electronics,6,460,346,190,279,322,9,2.76,7.0,37.0,0.1884,432075.0,1
V6931,Vendor_625_Co,Raw Materials,15,941,763,65,487,459,17,2.66,10.0,6.0,N/A,477447.0,YES
V1295,Vendor_851_Corp,Raw Materials,21,3017,2035,1700,0,1454,13,2.66,6.0,53.0,0.0825,28703.0,low
V4422,Vendor_745_Ltd,Food & Beverage,17,89,14,12,14,2,30,3.02,5.0,66.0,0.1843,497492.0,NO
V4217,Vendor_613_Ltd,IT Hardware,9,1804,550,353,438,343,15,3.71,1.0,22.0,0.1077,154837.0,
V5950,Vendor_380_Ltd,Machinery,4,2661,1741,1049,1522,47,9,4.91,10.0,61.0,0.113,226199.0,1
V4105,Vendor_766_Inc,IT Hardware,4,1171,1018,649,21,981,9,2.31,1.0,45.0,0.0376,498310.0,Low Risk
V6925,Vendor_300_LLC,IT Hardware,2,1141,372,179,349,191,18,4.06,7.0,50.0,0.1806,432245.0,0
V3476,Vendor_216_Co,Automotive,19,927,11,10,1,6,28,4.37,5.0,37.0,0.1264,403782.0,1
V2748,Vendor_158_Co,Office Supplies,2,1987,1754,461,1139,299,2,3.86,2.0,36.0,0.1809,276580.0,1 
V3994,Vendor_330_Inc,Textiles,20,1960,1054,908,464,442,19,4.59,1.0,59.0,0.0314,261404.0,0
V5047,Vendor_197_Inc,Machinery,20,4312,1414,100,1071,515,17,4.24,10.0,11.0,0.0464,67088.0,high
V4893,Vendor_824_Corp,Food & Beverage,12,1389,797,394,294,17,1,3.01,10.0,4.0,0.1966,226776.0,High
V4070,Vendor_913_Ltd,IT Hardware,19,3013,375,215,320,44,28,3.68,10.0,61.0,0.0718,449693.0,low
V9609,Vendor_362_LLC,Chemicals,16,4071,3566,3198,1912,2788,4,3.26,5.0,9.0,0.1759,205257.0,1
V2637,Vendor_236_Ltd,Raw Materials,23,3814,3778,1981,519,379,13,3.55,1.0,68.0,0.27,447186.0,YES
V8221,Vendor_173_Ltd,Electronics,3,870,839,665,274,385,30,3.31,6.0,22.0,0.2923,390914.0,low
V6261,Vendor_705_Inc,,19,1548,1403,229,1248,171,30,3.18,10.0,37.0,0.1072,493866.0,0
V3660,Vendor_449_Co,IT Hardware,20,1507,583,488,100,350,30,3.82,7.0,61.0,0.2639,123667.0,Low Risk
V6649,Vendor_808_Inc,Electronics,24,4459,1462,383,589,696,21,,3.0,16.0,0.0064,60121.0,High
V1392,Vendor_304_LLC,Electronics,15,2148,1094,85,646,441,21,4.66,7.0,1.0,0.2534,433458.0,Low
V4064,Vendor_373_Corp,Food & Beverage,22,912,246,4,228,117,17,3.36,5.0,16.0,0.2781,45075.0,Low
V5089,Vendor_154_Co,Raw Materials,15,261,233,232,28,106,2,2.61,8.0,51.0,0.0205,172521.0,0
V6682,Vendor_987_LLC,Textiles,7,3888,1849,578,1589,1783,25,4.11,9.0,67.0,0.2851,76343.0,1
V7257,Vendor_577_Co,Automotive,27,2704,92,46,39,83,22,2.86,9.0,2.0,0.2256,470008.0,Low
V8347,Vendor_455_LLC,Machinery,26,4099,3166,975,612,2146,18,4.44,2.0,55.0,0.1003,371570.0,1
V6764,Vendor_742_LLC,Textiles,27,1212,294,8,35,142,9,3.01,,17.0,0.2222,168938.0,High
V6280,Vendor_993_Ltd,Food & Beverage,10,3551,2167,479,293,1451,28,2.8,7.0,53.0,0.0302,327872.0,0
V7146,Vendor_278_LLC,Machinery,9,284,282,198,186,279,18,3.46,2.0,30.0,0.0895,88671.0,1
V5200,Vendor_968_Co,Chemicals,24,2375,2203,134,2080,182,15,3.76,4.0,,0.0703,124925.0,0
V1841,Vendor_719_Corp,IT Hardware,18,3318,1083,300,99,23,15,4.02,9.0,49.0,0.2388,232253.0,0
V2946,Vendor_195_Inc,IT Hardware,18,1722,191,87,60,156,24,3.89,4.0,,0.1428,146270.0,High Risk
V8391,Vendor_653_Inc,IT Hardware,13,4393,2049,1200,820,548,17,2.7,8.0,36.0,0.1636,-10000.0,high
V2909,Vendor_192_Corp,Automotive,12,3625,3017,2421,447,398,26,4.08,2.0,69.0,0.0751,356167.0,high
V1914,Vendor_889_Ltd,Office Supplies,25,2609,1424,1216,1382,1351,16,3.59,10.0,7.0,0.0515,187819.0,Low Risk
V1843,Vendor_444_Co,Chemicals,10,474,328,217,147,17,12,2.31,3.0,65.0,0.2631,253859.0,
V6200,Vendor_304_LLC,IT Hardware,17,3381,693,613,273,45,13,Excellent,8.0,57.0,Low,295582.0,low
V5412,Vendor_911_Co,Office Supplies,22,1028,215,156,74,145,4,3.33,6.0,44.0,0.1722,334082.0,High
V5613,Vendor_815_LLC,Raw Materials,9,4734,624,446,488,204,5,4.86,2.0,36.0,0.0074,344992.0,High Risk
V9457,Vendor_953_Inc,Electronics,15,4336,3299,604,1846,761,14,3.29,3.0,2.0,0.1336,468857.0,high
V7150,Vendor_542_LLC,IT Hardware,22,2249,1845,1004,467,728,13,2.26,10.0,38.0,0.2394,374874.0,1
V2355,Vendor_427_Corp,Electronics,13,3462,1810,68,1417,521,3,4.71,6.0,19.0,0.299,212819.0,0
V4903,Vendor_696_Ltd,Office Supplies,13,2547,751,306,574,478,5,3.04,2.0,67.0,0.2777,125641.0,NO
V5188,Vendor_248_LLC,Chemicals,18,1199,1181,82,992,763,19,3.66,2.0,39.0,0.1391,284578.0,Low Risk
V6959,Vendor_539_Inc,Textiles,30,2189,909,652,287,805,13,2.65,8.0,11.0,0.2442,23035.0,1
V2161,Vendor_227_Co,Office Supplies,21,1889,389,152,106,139,24,4.7,2.0,36.0,0.28,210423.0,NO
V8866,Vendor_444_LLC,Office Supplies,14,371,65,63,18,45,30,2.53,6.0,38.0,0.1594,63020.0,Low
V1023,Vendor_406_Co,Packaging,21,4180,2580,2247,1188,651,9,4.77,3.0,65.0,0.1486,486520.0,low
V6021,Vendor_308_Inc,Chemicals,30,2270,1090,745,743,240,5,Unknown,2.0,60.0,0.1019,467306.0,No
V7861,Vendor_434_Ltd,Automotive,30,57,26,18,4,18,11,4.58,3.0,7.0,,402560.0,0
V2103,Vendor_111_Inc,Electronics,9,4023,423,175,86,141,30,3.33,5.0,38.0,0.2317,59738.0,0
V5809,Vendor_831_Ltd,Raw Materials,18,3560,3501,162,2816,2418,26,3.53,1.0,50.0,0.2021,337409.0,NO
V6650,Vendor_885_Co,Chemicals,10,4357,1205,321,25,919,25,2.78,2.0,48.0,0.2083,449331.0,1
V9324,Vendor_485_Co,Food & Beverage,27,94,72,2,63,39,2,4.91,7.0,60.0,0.1905,41545.0,Low
V9378,Vendor_352_LLC,Office Supplies,12,4137,698,344,539,641,27,3.47,3.0,15.0,,285634.0,NO
V6573,Vendor_613_Inc,Packaging,4,4483,1507,1055,1162,1000,24,2.4,3.0,35.0,0.0848,146825.0,High Risk
V3112,Vendor_448_Ltd,Electronics,11,464,327,164,43,235,4,3.74,8.0,49.0,0.195,366066.0,1
V5095,Vendor_185_LLC,Textiles,20,791,574,173,212,501,27,3.42,10.0,30.0,0.0177,259693.0,High
V4747,Vendor_794_LLC,Raw Materials,21,753,336,220,279,137,10,4.74,7.0,68.0,0.215,400169.0,high
V3493,Vendor_924_Co,Electronics,16,4034,1795,877,4,412,3,2.18,3.0,33.0,0.0948,406028.0,NO
V2809,Vendor_154_Ltd,Electronics,5,84,83,81,47,79,8,4.6,9.0,41.0,0.2327,394515.0,High
V7526,Vendor_885_Co,Automotive,23,4072,2220,1088,206,456,20,4.54,3.0,58.0,0.0929,187706.0,high
V6203,Vendor_884_LLC,Machinery,14,292,219,172,151,32,2,,,31.0,0.2346,437810.0,Low Risk
V9617,Vendor_567_Corp,Office Supplies,14,4844,2719,411,1803,408,28,-1.0,3.0,10.0,0.1408,139948.0,Low
V4392,Vendor_179_Ltd,Chemicals,5,1436,784,55,703,580,25,Poor,4.0,30.0,0.0351,50540.0,High
V9777,Vendor_269_LLC,IT Hardware,17,2312,982,628,740,418,21,2.56,4.0,53.0,0.175,308403.0,Low
V3343,Vendor_617_LLC,Electronics,12,2073,551,540,176,428,8,3.46,3.0,28.0,0.2152,47523.0,High
V9830,Vendor_938_Ltd,Machinery,17,2992,2540,978,1313,259,22,3.49,9.0,20.0,0.1839,170135.0,high
V9351,Vendor_578_Corp,IT Hardware,20,4776,3075,1140,2226,2102,4,3.85,5.0,15.0,0.2885,17307.0,NO
V7278,Vendor_979_LLC,Machinery,19,150,92,6,77,12,22,,3.0,32.0,0.2455,420806.0,high
V7682,Vendor_370_Ltd,Food & Beverage,27,2159,26,10,13,15,3,4.32,7.0,12.0,,121315.0,
V5829,Vendor_577_LLC,Electronics,10,4793,2277,1798,576,1440,16,2.75,5.0,17.0,0.2037,235759.0,Low
V6848,Vendor_351_Inc,Electronics,5,2808,402,326,234,246,3,3.84,1.0,22.0,0.0054,482243.0,1
V6968,Vendor_887_Inc,Packaging,30,1313,795,145,25,338,24,4.98,3.0,65.0,0.0905,262004.0,Low
V2860,Vendor_196_Ltd,Automotive,12,2439,968,406,69,668,19,4.43,3.0,40.0,0.0213,260111.0,1
V3371,Vendor_179_LLC,Electronics,9,3370,1351,906,247,823,25,4.25,1.0,37.0,0.1545,336462.0,low
V1472,Vendor_982_Inc,Office Supplies,16,3708,3123,3123,1735,36,2,3.77,4.0,53.0,0.2251,176914.0,High
V8144,Vendor_989_Inc,Food & Beverage,23,4916,2963,2380,1968,2316,27,2.36,9.0,3.0,0.2536,86378.0,Low Risk
V1644,Vendor_851_Ltd,Textiles,12,2152,384,49,139,86,28,2.29,4.0,28.0,0.1012,440958.0,Low Risk
V8243,Vendor_578_Ltd,IT Hardware,5,4155,3592,466,1193,2458,19,3.83,2.0,31.0,0.2807,126220.0,low
V7465,Vendor_446_Corp,Textiles,1,3635,1038,740,197,174,18,3.2,5.0,42.0,0.2636,118827.0,1
V9702,Vendor_425_Co,Textiles,16,4552,2263,428,862,439,3,3.57,3.0,14.0,0.0603,7958.0,Low
V6226,Vendor_231_Co,Automotive,13,840,671,414,12,164,22,3.36,8.0,52.0,0.1267,29579.0,High
V3930,Vendor_557_Co,Packaging,16,2930,353,197,54,259,30,4.81,3.0,40.0,0.1579,408157.0,Low
V5833,Vendor_892_Corp,Automotive,9,2153,431,237,322,14,7,,4.0,62.0,,98879.0,
V2795,Vendor_205_Ltd,Raw Materials,12,3751,2824,1186,2366,1149,19,4.69,4.0,52.0,0.0887,483911.0,High Risk
V4609,Vendor_758_Inc,IT Hardware,19,158,88,23,45,56,24,3.53,6.0,2.0,0.0647,273043.0,1
V3543,Vendor_911_LLC,Food & Beverage,21,4657,1829,1549,118,1591,17,N/A,7.0,45.0,0.075,167042.0,1
V7056,Vendor_851_LLC,Automotive,17,3420,2117,107,747,1488,25,4.25,8.0,26.0,0.138,293919.0,High
V1749,Vendor_956_Corp,Textiles,2,2530,1628,411,543,22,19,2.91,4.0,54.0,0.2588,443280.0,NO
V3866,Vendor_660_Co,IT Hardware,17,4701,1277,480,505,180,11,2.35,9.0,56.0,0.2205,458418.0,0
V2736,Vendor_464_Corp,Machinery,14,1625,692,186,571,550,20,4.33,3.0,65.0,0.1496,370498.0,0
V3913,Vendor_703_LLC,Food & Beverage,28,3666,3665,3232,531,139,30,3.89,6.0,53.0,0.0123,151016.0,Low
V4047,Vendor_334_Ltd,Chemicals,6,1230,600,145,446,285,17,2.2,2.0,7.0,0.1718,411570.0,
V5861,Vendor_706_LLC,Automotive,22,1440,671,262,38,114,28,4.68,8.0,48.0,0.0875,337007.0,
V7468,Vendor_625_Corp,Office Supplies,8,3538,811,670,269,302,10,2.08,1.0,24.0,0.1233,476864.0,YES
V4413,Vendor_567_Corp,Machinery,1,2071,334,302,19,310,12,4.85,2.0,6.0,0.2949,482600.0,
V5207,Vendor_160_Ltd,Textiles,1,1930,249,158,101,204,3,2.96,,3.0,0.2849,398405.0,NO
V9316,Vendor_836_Co,Packaging,24,2236,524,44,409,149,17,4.24,5.0,18.0,0.0876,495994.0,High Risk
V6763,Vendor_585_LLC,Raw Materials,22,3553,2621,1232,306,1316,8,4.87,2.0,11.0,0.0743,199443.0,high risk
V4387,Vendor_485_Inc,Textiles,10,3177,597,435,343,224,8,3.29,5.0,23.0,0.0009,235418.0,Low
V8125,Vendor_476_Corp,Food & Beverage,17,4106,283,98,228,211,8,4.03,4.0,33.0,0.167,274504.0,NO
V2722,Vendor_225_Corp,Electronics ,28,2470,1783,332,1059,824,1,3.25,9.0,28.0,0.2811,263547.0,NO
V5835,Vendor_864_Inc,Raw Materials,15,4120,2232,673,1052,1973,3,2.42,,51.0,0.2902,422835.0,High Risk
V3071,Vendor_966_Corp,Electronics,4,1704,1459,1088,351,140,12,4.27,1.0,54.0,0.2918,447351.0,NO
V7048,Vendor_946_Corp,IT Hardware,15,2257,1372,252,283,1174,22,4.05,3.0,69.0,0.2195,175669.0,High Risk
V9885,Vendor_601_Inc,Chemicals,17,2408,1073,1030,415,761,11,2.6,3.0,35.0,0.2293,261853.0,NO
V2340,Vendor_823_Co,Chemicals,25,2936,1098,523,498,795,1,3.29,4.0,,0.197,257601.0,Low
V4919,Vendor_835_Ltd,Textiles,14,1233,150,72,85,81,4,4.79,9.0,39.0,0.2812,110980.0,low
V6256,Vendor_524_LLC,IT Hardware,13,2237,1205,49,396,194,28,3.29,10.0,27.0,0.1906,108209.0,1
V8192,Vendor_335_Corp,Food & Beverage,30,695,251,144,166,169,16,99.0,8.0,42.0,0.1288,160865.0,Low Risk
V8707,Vendor_263_Inc,Office Supplies,15,2179,775,489,557,697,12,3.5,2.0,35.0,0.0075,201444.0,Low
V4161,Vendor_805_Co,Food & Beverage,17,2174,367,116,162,17,28,2.94,5.0,10.0,0.053,442760.0,1
V7001,Vendor_470_Ltd,IT Hardware,2,3599,142,32,17,60,20,2.46,8.0,48.0,0.1116,401076.0,1
V5458,Vendor_550_Ltd,Textiles,12,4248,2755,2715,2336,1949,13,4.34,10.0,5.0,TBD,190606.0,Low
V7541,Vendor_365_LLC,Chemicals,1,123,93,42,10,39,13,2.03,6.0,71.0,0.23,38324.0,0
V7486,Vendor_682_Ltd,Packaging,23,4226,3001,443,2986,2046,27,3.7,10.0,53.0,0.0982,216923.0,0
V5095,Vendor_461_LLC,Textiles,16,4512,3475,1823,1645,2772,8,3.1,6.0,68.0,0.1783,24842.0,low
V1495,Vendor_444_Corp,Food & Beverage,11,2740,2641,702,2080,2121,2,4.62,9.0,12.0,0.1758,463694.0,YES
V1052,Vendor_773_LLC,Chemicals,19,3591,950,741,498,405,7,,3.0,70.0,0.0444,273254.0,Low Risk
V6526,Vendor_635_Ltd,Packaging,8,4845,1464,1180,835,56,3,4.85,4.0,35.0,0.2696,95107.0,0
V9670,Vendor_224_Co,Automotive,16,298,181,45,116,98,18,2.18,3.0,62.0,0.002,190260.0,0
V4419,Vendor_562_LLC,Food & Beverage,4,2789,294,170,271,95,7,2.52,8.0,12.0,0.0766,231768.0,low
V7744,Vendor_696_LLC,Food & Beverage,10,4230,4123,3635,1233,2774,14,3.62,7.0,32.0,0.174,432453.0,NO
V4641,Vendor_619_Inc,Automotive,15,3602,2622,646,325,580,15,3.11,2.0,11.0,0.2783,397337.0,Low Risk
V8820,Vendor_528_Inc,IT Hardware,16,2008,979,406,682,653,30,2.62,9.0,6.0,0.0965,144752.0,0
V3792,Vendor_679_Corp,Packaging,6,820,682,382,484,561,24,4.41,10.0,23.0,0.0511,428001.0,Low Risk
V3353,Vendor_606_Ltd,Textiles,12,2113,1263,1188,142,801,1,2.44,,38.0,0.2801,85833.0,Low
V3646,Vendor_499_Ltd,Food & Beverage,21,274,233,87,30,190,12,4.41,5.0,52.0,0.0282,206233.0,YES
V1945,Vendor_418_Co,IT Hardware,26,801,557,379,304,58,13,3.01,1.0,71.0,0.075,296268.0,Low
V5116,Vendor_843_Co,Electronics,19,1658,1230,499,155,803,24,4.98,5.0,55.0,0.2683,343780.0,High Risk
V5813,Vendor_541_LLC,Food & Beverage,5,3050,2954,505,2851,1811,20,2.07,10.0,22.0,0.2048,33391.0,YES
V6399,Vendor_550_Inc,Textiles,27,65,50,21,39,24,27,4.58,10.0,18.0,0.0901,317256.0,NO
V5561,Vendor_795_Corp,Machinery,28,4374,3601,3234,1504,3190,13,4.48,5.0,66.0,0.164,63315.0,Low
V1264,Vendor_205_Inc,Automotive,10,2977,1034,923,893,673,12,4.8,2.0,56.0,0.1296,68162.0,NO
V2822,Vendor_350_Corp,Chemicals,12,2568,2560,1374,2009,2112,25,4.59,3.0,48.0,0.0681,-10000.0,0
V5949,Vendor_964_Ltd,Office Supplies,4,2656,1520,1179,780,813,28,4.77,1.0,59.0,0.261,145799.0,0
V5529,Vendor_208_Co,Textiles,6,4113,1057,655,811,1053,8,3.94,4.0,22.0,0.2913,226109.0,0
V4061,Vendor_663_Co,Office Supplies,28,3310,410,43,377,284,3,,8.0,41.0,0.1508,160499.0,1
V4639,Vendor_257_Co,IT Hardware,9,4049,1343,1086,29,793,2,2.21,2.0,59.0,0.0233,100404.0,0
V9202,Vendor_267_Corp,Textiles,21,3016,587,63,464,542,11,,2.0,24.0,0.0278,437328.0,SAFE
V4705,Vendor_926_Ltd,Automotive,25,3021,470,390,142,293,27,3.87,9.0,4.0,0.1827,345893.0,NO
V7369,Vendor_104_Co,Office Supplies,1,4800,2629,2452,306,705,8,2.67,5.0,56.0,,361106.0,Low
V7957,Vendor_172_Inc,Food & Beverage,14,4485,1188,284,343,356,19,3.21,5.0,46.0,0.0379,80983.0,Low
V4438,Vendor_428_LLC,Machinery,10,854,533,319,23,319,9,3.6,8.0,16.0,0.0818,83573.0,High
V3069,Vendor_289_Co,Office Supplies,12,2805,2803,1376,1527,2153,2,4.85,6.0,47.0,0.0403,226216.0,low
V3145,Vendor_384_Inc,Electronics,26,3322,1421,1141,134,209,16,3.31,4.0,56.0,0.0671,23345.0,YES
V6616,Vendor_796_Corp,Food & Beverage,24,545,540,107,292,423,3,4.13,2.0,48.0,0.2268,29562.0,No
V9191,Vendor_404_Inc,Textiles,8,4055,2407,2265,175,2295,9,3.41,,57.0,0.0502,289828.0,1
V6371,Vendor_698_Ltd,Packaging,22,2013,105,33,100,42,25,3.35,7.0,48.0,0.2477,242368.0,High Risk
V6360,Vendor_787_LLC,Textiles,2,261,212,98,27,143,23,3.59,9.0,6.0,0.2986,230816.0,0
V7989,Vendor_950_Inc,Food & Beverage,5,3425,3352,2836,79,2649,23,3.88,6.0,23.0,0.1085,115042.0,low
V8982,Vendor_949_LLC,Packaging,7,1786,1046,48,634,25,16,4.84,7.0,42.0,0.1374,205867.0,Low Risk
V6217,Vendor_618_LLC,IT Hardware,6,4560,2307,1319,1398,107,10,2.26,8.0,56.0,0.1914,141198.0,0
V4232,Vendor_359_Ltd,IT/IS,15,1684,20,7,0,7,3,4.2,2.0,55.0,0.235,192470.0,0
V9079,Vendor_378_Inc,IT Hardware,28,3672,3144,1851,2570,2034,6,3.11,2.0,17.0,0.065,235554.0,0
V7505,Vendor_214_Inc,Food & Beverage,29,2040,1606,1109,1408,1515,21,4.38,5.0,17.0,0.2602,,NO
V8275,Vendor_688_LLC,Packaging,26,610,333,80,160,220,16,3.63,8.0,40.0,0.2361,40554.0,Low
V2210,Vendor_319_Corp,IT Hardware,29,190,159,16,22,76,25,4.98,4.0,46.0,0.1984,315410.0,YES
V5139,Vendor_542_Ltd,Machinery,16,4478,1266,683,837,698,23,3.22,9.0,20.0,0.1582,144368.0,YES
V9694,Vendor_346_Ltd,Machinery,20,2599,1970,762,1116,535,4,3.33,1.0,14.0,0.2467,413988.0,High Risk
V9698,Vendor_633_LLC,Machinery,13,3160,92,37,64,87,5,4.21,2.0,57.0,0.2197,167005.0,0
V4046,Vendor_608_Ltd,Chemicals,28,1916,1416,474,7,369,1,2.95,8.0,31.0,0.1869,222423.0,0
V6922,Vendor_829_Co,Automotive,11,1552,1255,285,604,389,7,4.39,10.0,TBD,0.052,380895.0,NO
V4018,Vendor_977_Ltd,Packaging,28,4627,3663,1348,3365,3312,26,4.29,1.0,8.0,0.1039,74144.0,High Risk
V9959,Vendor_647_Inc,Raw Materials,24,4722,4308,3523,3525,4032,14,3.65,,26.0,0.2896,489305.0,Low
V3913,Vendor_502_LLC,Packaging,20,3573,1430,286,1188,681,2,2.83,5.0,17.0,0.2998,244384.0,Low
V2126,Vendor_782_Ltd,Office Supplies,27,2431,1834,1489,736,645,8,,4.0,4.0,0.0352,282499.0,NO
V3019,Vendor_564_Inc,Machinery,1,2702,2202,1858,556,2010,21,4.9,9.0,72.0,0.2955,414577.0,1
V4409,Vendor_926_Ltd,Textiles,10,405,168,160,15,88,6,3.33,8.0,36.0,0.2453,85662.0,1
V3126,Vendor_261_Inc,IT/IS,17,2460,2375,1173,608,1184,15,4.3,3.0,56.0,0.2514,138076.0,0
V7404,Vendor_186_Inc,IT Hardware,6,1751,570,142,187,552,19,2.22,8.0,46.0,0.0489,497588.0,High Risk
V8904,Vendor_463_Corp,Textiles,24,3235,2570,1498,1456,164,25,4.74,5.0,30.0,0.1157,166677.0,1
V8786,Vendor_237_Ltd,Food & Beverage,15,1307,136,126,15,86,19,3.65,1.0,7.0,0.0435,392555.0,0
V5137,Vendor_998_Co,Packaging,29,1268,89,16,24,53,12,3.35,2.0,56.0,0.0203,220678.0,High Risk
V7762,Vendor_173_Ltd,Food & Beverage,18,130,72,7,20,58,4,2.51,9.0,32.0,0.0736,115919.0,High
V6436,Vendor_781_LLC,Textiles,19,3136,2370,2188,1929,943,999,3.7,1.0,9.0,0.0911,325654.0,YES
V2579,Vendor_491_Corp,Food & Beverage,9,4049,2738,794,1885,276,4,2.73,3.0,58.0,,10393.0,High Risk
V9331,Vendor_470_Corp,Packaging,10,4322,765,661,686,433,6,4.85,6.0,63.0,0.0576,73123.0,0
V3184,Vendor_505_LLC,Food & Beverage,10,4906,4020,1764,2884,3130,18,4.09,5.0,43.0,0.0698,419600.0,High Risk
V9693,Vendor_773_Corp,Packaging,11,4144,1157,538,275,704,5,3.28,2.0,12.0,0.0754,394174.0,
V9903,Vendor_602_LLC,Packaging,5,2734,152,125,60,122,4,3.74,9.0,4.0,0.1131,271749.0,High
V3821,Vendor_334_Inc,Packaging,12,2899,652,439,602,17,9,4.17,N/A,19.0,0.1137,127106.0,0
V6627,Vendor_519_Ltd,Textiles,8,4862,2830,1712,1298,1695,7,2.14,9.0,2.0,0.0492,174962.0,High
V1430,Vendor_407_LLC,Food & Beverage,15,14,1,1,0,0,4,2.78,5.0,71.0,0.2778,87515.0,
V3713,Vendor_584_Corp,Chemicals,15,2017,1294,622,845,1106,6,2.58,4.0,33.0,0.1914,459877.0,high
V9493,Vendor_587_Corp,,3,660,421,393,289,367,29,2.45,7.0,54.0,0.2099,58512.0,
V9252,Vendor_812_Ltd,Chemicals,22,2872,2615,227,1640,1921,22,4.33,3.0,25.0,0.2341,447464.0,Low
V5808,Vendor_223_LLC,Raw Materials,14,1302,717,386,60,47,22,3.19,8.0,60.0,0.1056,252813.0,
V3992,Vendor_855_Co,Electronics,6,4346,1884,1691,1174,1855,11,4.37,3.0,40.0,0.0804,286105.0,High Risk
V6746,Vendor_189_LLC,Textiles,8,4357,2676,470,2227,2088,14,4.67,3.0,10.0,0.0642,324978.0,high
V8239,Vendor_214_Corp,Textiles,9,4886,3786,2507,464,3240,11,2.23,4.0,2.0,0.25,254472.0,YES
V6635,Vendor_458_Inc,Electronics,3,1058,809,724,36,101,12,4.09,6.0,28.0,0.153,165260.0,1
V2024,Vendor_366_Corp,Food & Beverage,29,2300,339,196,165,255,18,4.03,5.0,16.0,0.009,211322.0,high
V9332,Vendor_944_LLC,Machinery ,28,1109,614,332,95,57,3,4.0,2.0,4.0,0.1929,167884.0,high
V7994,Vendor_639_Ltd,Office Supplies,28,4781,4031,2394,2119,2315,2,3.01,6.0,4.0,0.1135,,
V4734,Vendor_943_LLC,Textiles,9,972,835,419,728,217,30,4.2,10.0,63.0,0.2155,361108.0,YES
V6388,Vendor_401_Corp,Textiles,24,3168,1425,49,114,926,8,2.32,3.0,42.0,0.1035,175735.0,
V3393,Vendor_907_Ltd,IT Hardware,25,2504,1146,2,810,79,30,2.1,6.0,40.0,0.0145,357288.0,YES
V2800,Vendor_621_Co,Packaging,15,4448,820,485,241,442,24,3.03,5.0,47.0,0.0484,60981.0,high
V1088,Vendor_866_LLC,IT Hardware,22,4351,2129,1281,361,774,20,4.34,1.0,31.0,0.0073,391537.0,
V2500,Vendor_909_Corp,Food & Beverage,4,956,160,78,0,24,28,2.85,9.0,62.0,Low,79490.0,low
V9125,Vendor_613_Inc,Automotive,9,2398,567,273,307,94,16,4.25,1.0,20.0,0.0645,69466.0,High Risk
V9248,Vendor_116_Corp,Food & Beverage,6,2085,1455,521,1199,167,26,,7.0,6.0,0.025,460672.0,NO
V3357,Vendor_342_LLC,Packaging,21,2688,2396,308,1241,967,12,,4.0,70.0,0.061,292474.0,High
V5103,Vendor_217_Corp,Raw Materials,15,3156,3095,1720,263,253,25,3.12,1.0,23.0,0.0963,367333.0,low
V9891,Vendor_136_Ltd,Chemicals,7,4185,274,261,81,113,17,4.75,8.0,23.0,0.1824,123012.0,0
V8941,Vendor_721_Ltd,Textiles,2,3337,2459,780,1122,2025,28,2.98,9.0,43.0,0.1128,167107.0,low
V7729,Vendor_871_Ltd,Raw Materials,27,2110,766,205,694,539,9,2.43,,40.0,0.2729,28160.0,
V2872,Vendor_184_Inc,Office ,24,2750,2018,1615,1311,1201,23,2.29,2.0,51.0,0.2127,477855.0,0
V9797,Vendor_947_Inc,Automotive,6,4765,1648,874,1589,153,29,2.05,9.0,47.0,0.1257,407801.0,High
V8897,Vendor_227_Ltd,Chemicals,16,4092,3337,2907,777,2459,20,4.38,10.0,2.0,0.1869,150455.0,0
V2152,Vendor_738_Corp,Machinery,7,3313,2073,1359,979,596,24,2.09,5.0,39.0,0.0379,251802.0,Low Risk
V5607,Vendor_236_Corp,Machinery,8,284,156,3,38,54,22,4.48,8.0,27.0,0.1659,196525.0,
V1282,Vendor_,Office Supplies,6,3142,2624,1558,2522,382,22,2.75,2.0,52.0,0.1607,219839.0,High Risk
V4287,Vendor_429_Ltd,Automotive,15,3356,1380,522,112,1290,25,2.9,3.0,10.0,0.0418,375732.0,
V5256,Vendor_492_Co,Raw Materials,14,2903,2883,2485,602,2016,5,2.01,7.0,67.0,0.1511,455251.0,NO
V6892,Vendor_826_Corp,Packaging,12,2359,371,206,136,283,19,4.57,5.0,70.0,0.2754,434811.0,0
V2420,Vendor_797_LLC,Textiles,2,3646,1537,1218,479,1110,21,2.38,2.0,55.0,0.0341,53681.0,1 
V1399,Vendor_338_Corp,Electronics,4,3799,435,263,276,117,3,4.34,3.0,60.0,0.0782,19230.0,YES
V7071,Vendor_379_Co,Chemicals,24,1547,1176,470,473,34,19,4.1,2.0,54.0,0.0993,429710.0,0
V1332,Vendor_612_Co,Office Supplies,22,679,131,98,37,72,13,4.97,1.0,19.0,0.2477,436506.0,YES
V2207,Vendor_816_Corp,Office Supplies,9,4958,2546,1586,1347,1073,23,2.52,3.0,53.0,0.2974,31998.0,high
V3066,Vendor_467_LLC,Chemicals,21,4009,387,29,197,53,3,3.37,5.0,41.0,0.0151,123849.0,1 
V1008,Vendor_930_LLC,Electronics,9,4078,1465,378,123,977,6,3.3,3.0,,0.0213,455493.0,YES
V4701,Vendor_391_Corp,Office Supplies,2,3712,2725,384,488,27,-1,3.47,4.0,56.0,0.0198,164002.0,Low
V2996,Vendor_425_Corp,Office Supplies,21,4971,3890,2133,1323,920,15,3.91,4.0,32.0,0.2814,375311.0,1
V9327,Vendor_800_Co,Electronics,25,4262,386,347,135,35,22,2.39,5.0,52.0,0.2419,97774.0,high risk
V8838,Vendor_750_Co,IT Hardware,2,3186,1535,426,622,877,22,3.47,1.0,64.0,0.0959,17274.0,High
V4759,Vendor_708_LLC,IT Hardware,19,3160,1413,906,1118,449,25,2.87,2.0,4.0,0.1735,185079.0,1
V5239,Vendor_268_Ltd,Chemicals,17,4750,1064,317,353,151,9,4.08,7.0,34.0,0.02,451941.0,1
V9759,Vendor_753_Ltd,Packaging,17,4786,4686,1555,2811,1821,10,-1.0,9.0,24.0,0.0881,247824.0,0
V7411,Vendor_449_LLC,Office Supplies,16,2622,1050,578,805,68,6,2.17,4.0,68.0,0.1995,41060.0,High
V5839,Vendor_732_Corp,Food & Beverage,20,3515,1442,1302,1222,51,22,2.32,5.0,21.0,0.0979,481065.0,1
V1120,Vendor_480_Inc,Electronics,25,2176,828,329,510,420,29,TBD,,27.0,0.1096,477895.0,Low Risk
V1446,Vendor_182_LLC,Textiles,11,3510,431,266,225,26,3,2.44,1.0,9.0,0.1264,190285.0,low
V6613,Vendor_980_Inc,IT Hardware,29,2443,783,650,313,202,15,3.56,3.0,49.0,0.1086,58838.0,Low
V1727,Vendor_997_Co,Machinery,26,4222,1386,838,675,641,9,3.55,9.0,19.0,0.1437,60589.0,High Risk
V3003,Vendor_891_Inc,Packaging,27,4285,2062,2033,369,975,19,4.21,4.0,55.0,0.0654,57001.0,0
V8248,Vendor_790_Inc,Electronics,11,2442,949,557,242,631,29,2.66,9.0,25.0,0.0638,198031.0,
V4401,Vendor_313_Corp,Chemicals,12,1358,178,113,73,89,8,2.55,2.0,46.0,0.1612,283412.0,1
V5734,Vendor_414_Co,Packaging,28,1036,446,339,99,291,8,2.06,7.0,63.0,0.1375,398810.0,0
V7478,Vendor_814_LLC,Food & Beverage,8,2854,4,0,3,4,16,2.99,,1.0,0.2802,471115.0,Low Risk
V8464,Vendor_311_Corp,Electronics,5,3716,1718,285,730,187,26,3.91,10.0,67.0,0.1908,131291.0,1
V1274,Vendor_312_Ltd,Textiles,17,756,751,171,214,163,14,4.94,3.0,57.0,0.2788,393677.0,low
V8779,Vendor_334_Ltd,Textiles,3,865,808,84,217,26,26,4.26,10.0,52.0,0.1373,58503.0,Low Risk
V1712,Vendor_361_LLC,Electronics,10,160,96,74,84,67,7,,10.0,35.0,0.0159,344281.0,0
V9311,Vendor_631_Co,Chemicals,12,2940,806,191,776,21,16,3.86,5.0,64.0,0.0162,232107.0,0
V3543,Vendor_549_Corp,Chemicals,8,4478,20,18,16,10,22,3.25,5.0,61.0,0.0759,317909.0,1
V9790,Vendor_101_Corp,Automotive,7,4391,1520,325,1076,337,5,2.74,Good,6.0,0.131,268362.0,RISK
V3483,Vendor_267_Inc,Raw Materials,6,3625,3022,499,1482,1029,11,4.91,1.0,27.0,N/A,356152.0,1
V4301,Vendor_396_Inc,IT Hardware,19,1783,1578,606,605,1035,21,3.23,10.0,40.0,0.217,1250.0,1
V3691,Vendor_704_Co,Automotive,2,406,13,12,1,9,20,4.58,9.0,66.0,0.2072,436720.0,0
V9137,Vendor_696_LLC,Office Supplies,17,3634,2072,858,1181,192,3,4.82,2.0,50.0,0.1986,,low
V2978,Vendor_860_Inc,Food & Beverage,23,2225,402,219,297,248,28,3.19,3.0,72.0,0.2984,159517.0,High Risk
V9706,Vendor_113_Inc,Textiles,17,2010,1589,16,259,4,2,4.85,9.0,48.0,0.0616,258243.0,1
V2525,Vendor_982_Co,Raw Materials,1,2194,341,230,43,341,26,2.39,2.0,32.0,0.0223,196763.0,high risk
V7480,Vendor_786_Inc,Machinery,17,3927,2175,925,1793,1255,24,4.24,1.0,28.0,0.281,331792.0,low
V6471,Vendor_317_Inc,Chemicals,27,948,914,307,695,215,6,3.03,7.0,17.0,0.2488,280418.0,YES
V1081,Vendor_912_Co,Food & Beverage,25,2388,165,29,61,77,7,3.03,4.0,62.0,0.2589,479530.0,High Risk
V9622,Vendor_512_Co,Automotive,17,3911,879,456,79,378,25,3.18,5.0,64.0,0.1909,231728.0,NO
V3790,Vendor_241_Co,Food & Beverage,4,624,270,168,194,138,5,2.96,3.0,53.0,0.1911,351347.0,1
V8268,Vendor_571_Corp,Raw Materials,28,2810,2189,484,1307,738,8,2.23,2.0,58.0,0.1302,263515.0,High Risk
V5565,Vendor_572_Corp,Food & Beverage,10,1362,685,8,310,417,5,3.16,9.0,70.0,0.2694,157466.0,0
V5210,Vendor_581_Ltd,Office Supplies,25,3487,1728,1310,996,1525,2,4.14,2.0,11.0,0.1986,33252.0,
V7870,Vendor_978_Inc,Electronics,27,3884,62,23,43,51,25,3.21,,22.0,0.1513,198099.0,low
V3177,Vendor_146_LLC,IT Hardware,12,3760,3288,1263,910,2155,27,4.02,1.0,57.0,0.1525,235481.0,low
V4743,Vendor_533_Ltd,Office Supplies,25,3088,1849,89,1533,1261,21,4.86,1.0,17.0,0.2723,366784.0,0
V4256,Vendor_329_Inc,Food & Beverage,19,126,81,52,44,79,28,3.05,8.0,50.0,0.2607,38544.0,
V2668,Vendor_284_Ltd,Electronics,29,2288,2004,373,155,593,6,4.43,3.0,45.0,0.1992,417659.0,low
V9969,Vendor_763_Inc,IT Hardware,25,4793,2414,1441,617,1074,23,4.78,2.0,6.0,0.1305,181282.0,YES
V4539,Vendor_954_Inc,IT Hardware,25,959,208,165,104,174,24,2.35,1.0,72.0,0.2804,217911.0,Low Risk
V4963,Vendor_452_Inc,Automotive,30,2320,1421,935,586,981,15,3.59,6.0,64.0,0.1158,403853.0,1
V5051,Vendor_545_Ltd,IT Hardware,18,3818,662,14,482,63,27,4.35,10.0,27.0,0.1423,204876.0,1
V6440,Vendor_583_Ltd,Chemicals,29,23,14,5,13,3,30,4.74,8.0,48.0,0.0996,273692.0,Low
V2329,Vendor_780_Inc,IT Hardware,2,3010,1825,901,908,588,12,-1.0,8.0,44.0,0.0575,68373.0,NO
V8838,Vendor_934_Corp,Raw Materials,19,1210,655,151,399,457,14,4.88,5.0,19.0,0.0271,67865.0,0
V4909,Vendor_207_Corp,Automotive,17,586,89,39,77,26,13,2.49,4.0,7.0,0.2449,384780.0,
V2195,Vendor_710_Ltd,Packaging,27,2039,147,140,95,123,3,3.2,5.0,58.0,0.1594,458228.0,High Risk
V3856,Vendor_497_Inc,Office Supplies,12,4404,2950,916,591,1174,24,2.06,5.0,19.0,0.0128,216152.0,NO
V9808,Vendor_207_Co,Machinery,6,580,295,205,165,133,26,2.5,1.0,51.0,0.2803,36162.0,Low
V4394,Vendor_700_LLC,Machinery,11,1041,420,35,391,283,25,2.44,10.0,1.0,,76858.0,0
V6634,Vendor_728_Corp,Raw Materials,5,4010,1016,482,128,713,11,3.81,7.0,65.0,0.0838,,1
V5988,Vendor_649_Inc,Machinery,4,1818,383,166,89,159,16,4.65,7.0,71.0,0.0396,460658.0,
V7179,Vendor_696_Co,Food & Beverage,18,3391,158,16,88,32,3,3.69,4.0,31.0,0.0538,-1000.0,YES
V3915,Vendor_202_LLC,Chemicals,1,1863,898,413,5,175,12,3.16,7.0,38.0,0.1987,109497.0,1
V2883,Vendor_440_Ltd,Food & Beverage,10,4276,2246,1642,1036,55,14,4.91,3.0,15.0,0.18,366937.0,low
V1344,Vendor_830_Inc,Automotive,7,3404,1403,135,1168,86,26,2.16,3.0,38.0,0.0268,,1
V4541,Vendor_444_Corp,Automotive,14,251,101,96,31,91,5,4.14,5.0,60.0,0.2416,427789.0,High Risk
V5008,Vendor_999_LLC,Electronics,20,2944,921,359,650,400,17,4.12,1.0,2.0,0.0558,396840.0,high
V7202,Vendor_893_Co,Automotive,19,4278,3276,1900,2455,1230,9,3.53,9.0,9.0,0.1402,471906.0,YES
V1155,Vendor_441_Co,Raw Materials,4,1397,731,195,305,426,29,3.77,3.0,29.0,0.2171,57781.0,1
V6854,Vendor_589_Co,Packaging,19,735,564,39,370,168,19,2.18,1.0,37.0,0.2775,251847.0,Low Risk
V8121,Vendor_357_Inc,IT Hardware,26,452,330,186,145,107,29,4.28,1.0,14.0,0.2221,485893.0,High Risk
V4709,Vendor_464_Co,Food & Beverage,12,1175,573,112,174,447,6,2.41,9.0,30.0,0.0447,399870.0,Low Risk
V5728,Vendor_951_Co,Office Supplies,8,2288,1397,237,1227,771,24,2.07,7.0,9.0,0.255,496245.0,Low Risk
V4310,Vendor_573_Co,Machinery,3,4153,2426,2418,1511,1381,1,4.19,3.0,9.0,0.2416,390142.0,SAFE
V9959,Vendor_890_Co,Chemicals,16,2427,151,71,83,113,-1,2.77,4.0,46.0,0.022,8026.0,0
V6726,Vendor_445_Inc,Food & Beverage,12,27,0,0,0,0,7,4.44,10.0,56.0,0.2415,415136.0,NO
V4546,Vendor_230_LLC,Machinery,19,1710,292,213,223,151,9,4.68,2.0,17.0,0.0303,377753.0,High Risk
V6677,Vendor_567_Ltd,Automotive,14,2447,2319,1157,1636,810,23,4.87,3.0,10.0,0.0713,490875.0,0
V7267,Vendor_734_LLC,Food & Beverage,30,1485,348,89,40,312,19,2.43,8.0,33.0,0.1379,350616.0,0
V6469,Vendor_583_Ltd,Chemicals,24,4513,1047,26,500,772,10,4.47,10.0,16.0,0.2881,477020.0,
V2888,Vendor_819_Ltd,Chemicals,10,4544,4349,2816,3485,2709,9,2.69,4.0,41.0,0.0359,281947.0,
V9692,Vendor_109_Inc,Office Supplies,11,109,14,8,10,4,30,2.73,8.0,28.0,0.0566,,low
V8033,Vendor_884_Inc,Machinery,17,292,153,149,26,44,9,4.27,1.0,72.0,0.0294,420870.0,0
V3731,Vendor_739_Inc,IT Hardware,14,3838,121,19,79,74,14,N/A,1.0,37.0,,258297.0,1
V6308,Vendor_527_Corp,Machinery,22,2960,341,266,218,318,10,2.82,9.0,70.0,0.0684,344814.0,1
V7324,Vendor_771_Ltd,Machinery,8,4602,3619,37,941,2343,5,3.2,3.0,3.0,0.1113,193162.0,high
V8379,Vendor_541_Ltd,Chemicals,20,4811,1810,703,61,345,24,4.37,7.0,39.0,0.0372,82193.0,
V6667,Vendor_157_Ltd,IT Hardware,7,61,36,33,21,17,26,3.02,,52.0,0.0721,109504.0,High Risk
V5929,Vendor_139_Ltd,Office Supplies,26,3466,2288,1641,1532,675,25,2.38,6.0,45.0,0.1834,229688.0,low
V7550,Vendor_778_Ltd,Textiles,11,53,49,9,45,24,9,2.68,9.0,42.0,0.0569,267125.0,0
V9181,Vendor_175_Co,Office Supplies,21,2991,1514,1163,285,279,1,3.41,5.0,11.0,0.2012,154928.0,YES
V6511,Vendor_669_LLC,Chemicals,12,414,28,10,9,11,12,3.87,6.0,47.0,0.2771,421174.0,0
V7823,Vendor_705_Ltd,Food & Beverage,18,2667,571,393,458,81,24,4.4,2.0,64.0,0.117,382745.0,YES
V1621,Vendor_192_Corp,Machinery,20,4042,2220,1265,719,2008,8,2.06,8.0,1.0,0.0995,322983.0,1
V7309,Vendor_716_LLC,Raw Materials,4,749,687,141,499,303,18,4.02,9.0,19.0,0.0841,320056.0,NO
V2874,Vendor_677_LLC,Food & Beverage,23,1258,488,64,242,342,9,4.3,3.0,15.0,0.2333,86860.0,High
V9306,Vendor_894_Co,Chemicals,5,3094,1932,1240,1349,369,23,2.97,10.0,45.0,0.1753,436099.0,high
V2304,Vendor_714_Corp,Chemicals,17,3048,97,4,43,9,26,2.42,6.0,62.0,0.0078,,YES
V1827,Vendor_493_LLC,Raw Materials,15,2947,1183,584,1122,441,8,3.97,,22.0,0.2066,123810.0,0
V7539,Vendor_797_Corp,Office Supplies,4,3275,324,77,121,303,30,3.89,10.0,4.0,0.1896,175975.0,NO
V2546,Vendor_320_Corp,Raw Materials,23,4554,250,47,132,42,10,4.52,3.0,40.0,0.1887,449662.0,1
V4153,Vendor_210_Corp,Electronics,20,222,116,66,42,75,23,2.2,4.0,17.0,0.1912,135367.0,Low
V8361,Vendor_556_Corp,Raw Materials,8,623,241,18,17,2,20,2.25,2.0,32.0,0.2853,479146.0,YES
V7803,Vendor_257_Co,Machinery,13,1785,1055,306,350,337,25,3.02,9.0,30.0,0.245,378265.0,Low Risk
V1598,Vendor_598_Co,Food & Beverage,29,534,355,143,221,193,18,2.79,6.0,41.0,0.0623,304104.0,NO
V6945,Vendor_498_Inc,Textiles,7,4379,731,185,722,585,12,3.75,3.0,28.0,0.2053,434410.0,
V8771,Vendor_414_LLC,Packaging,12,2046,1963,1756,1090,257,4,,7.0,6.0,0.1722,362802.0,High Risk
V2037,Vendor_161_LLC,Packaging,12,2993,1036,414,575,629,18,4.4,7.0,17.0,0.0992,423683.0,Low
V1251,Vendor_270_Corp,Machinery,20,2414,603,359,144,128,21,4.51,3.0,4.0,0.1417,217767.0,High
V3522,Vendor_610_Inc,Automotive,23,1850,1723,232,945,240,9,3.25,8.0,61.0,0.0731,290021.0,0
V6175,Vendor_229_Ltd,Electronics,12,3890,512,131,204,86,23,4.98,10.0,37.0,0.1641,165097.0,low
V2978,Vendor_959_Corp,Automotive,12,837,346,266,345,174,17,2.24,2.0,7.0,0.0281,202316.0,0
V5981,Vendor_320_Ltd,Packaging,23,971,621,244,200,310,19,4.91,6.0,29.0,,221924.0,
V9558,Vendor_218_Corp,,30,309,235,99,182,221,2,4.06,10.0,12.0,,467189.0,0
V8081,Vendor_976_Ltd,Machinery,5,828,738,276,241,568,26,4.88,3.0,61.0,0.2417,93593.0,high
V6780,Vendor_229_LLC,Machinery,23,4691,1070,94,244,316,5,4.91,8.0,1.0,0.2494,302648.0,YES
V4724,Vendor_534_Inc,Packaging,30,1220,223,151,217,41,1,3.15,3.0,43.0,0.2649,284605.0,High Risk
V6770,Vendor_273_LLC,Automotive,16,4028,1887,344,1500,1628,6,4.75,9.0,8.0,0.1572,440913.0,1
V3415,Vendor_747_Co,Automotive,3,605,116,106,16,77,1,2.81,4.0,71.0,0.189,171133.0,YES
V2767,Vendor_151_LLC,Textiles,20,2720,1024,413,733,227,7,3.72,6.0,27.0,0.0705,26855.0,High Risk
V9858,Vendor_366_Inc,Automotive,23,1158,250,17,17,59,2,2.81,3.0,52.0,0.0693,423802.0,High Risk
V6121,Vendor_522_Ltd,Office Supplies,18,2924,365,184,86,365,17,2.95,3.0,46.0,0.2975,404314.0,0
V3222,Vendor_320_Inc,Office Supplies,24,3536,814,701,675,295,9,3.82,8.0,15.0,0.0133,147167.0,1
V1024,Vendor_912_Ltd,Raw Materials,13,4144,1979,564,1172,878,24,2.83,9.0,28.0,,106482.0,0
V6774,Vendor_181_Inc,Textiles,6,3233,1474,919,1269,687,7,3.69,1.0,5.0,0.1623,175748.0,
V9629,Vendor_130_Inc,Textiles,12,504,96,24,39,19,23,3.67,7.0,35.0,0.2292,12524.0,SAFE
V1420,Vendor_554_Co,Textiles,28,4515,0,0,0,0,5,,6.0,9.0,0.2769,464918.0,0
V2941,Vendor_790_Co,Textiles,19,1433,1049,621,709,943,22,4.94,10.0,66.0,0.2916,224986.0,NO
V4335,Vendor_455_Inc,IT Hardware,10,2207,2028,421,350,1609,24,2.01,3.0,65.0,0.2723,327169.0,low
V7447,Vendor_317_Corp,Automotive,1,2836,2704,2646,536,1307,2,4.72,1.0,31.0,0.2072,58540.0,0
V4533,Vendor_926_LLC,Office Supplies,17,3803,322,320,47,118,17,4.98,10.0,67.0,0.2791,179999.0,low
V1393,Vendor_173_LLC,Chemicals,28,2598,2463,2444,994,145,21,2.24,1.0,45.0,0.2213,283509.0,0
V5169,Vendor_956_Corp,Electronics,30,2683,2186,606,1900,932,26,3.85,6.0,10.0,0.2588,31128.0,Low Risk
V2765,Vendor_284_LLC,Textiles,21,4042,3641,3065,300,130,4,3.23,5.0,1.0,0.131,395561.0,1
V5340,Vendor_308_Co,Office Supplies,6,4597,3027,96,1600,639,27,3.71,7.0,70.0,0.2553,485680.0,
V3874,Vendor_627_Ltd,Raw Materials,27,1801,1066,660,206,869,11,4.8,2.0,12.0,0.2308,375197.0,high risk
V3343,Vendor_489_Corp,Packaging,14,4040,779,568,367,183,30,4.34,1.0,60.0,0.0935,486002.0,YES
V5741,Vendor_362_Co,Machinery,18,2115,1957,91,1714,1837,1,4.51,8.0,32.0,0.1284,88581.0,
V5934,Vendor_547_Inc,Electronics,6,1144,149,33,147,28,5,4.36,5.0,64.0,0.1384,450330.0,NO
V5569,Vendor_637_Inc,Raw Materials,6,373,91,33,51,73,7,2.42,3.0,24.0,0.0684,-1000.0,SAFE
V2843,Vendor_925_Inc,IT Hardware,29,2620,547,85,83,140,10,4.36,4.0,25.0,0.0742,57249.0,
V3222,Vendor_317_LLC,Packaging,22,2670,691,188,527,654,7,4.49,9.0,42.0,0.2176,432944.0,NO
V2855,Vendor_968_Co,Electronics,6,2852,2008,1062,144,583,26,2.11,5.0,,0.1006,69347.0,low
V8614,Vendor_102_Co,Office Supplies,7,4896,2517,1669,1362,1013,24,3.53,8.0,67.0,0.2466,422503.0,0
V2617,Vendor_950_Co,Textiles,7,2434,17,14,6,2,4,4.2,8.0,14.0,,454927.0,Low Risk
V9446,Vendor_269_Co,Chemicals,17,2470,2097,2012,1322,1173,27,3.32,3.0,54.0,0.2328,413065.0,High
V2361,Vendor_795_LLC,Office Supplies,5,4917,2857,496,284,894,15,4.16,7.0,13.0,0.1053,134415.0,
V8885,Vendor_443_Co,Automotive,6,2958,1842,585,438,1820,10,TBD,2.0,28.0,0.0436,283431.0,
V1862,Vendor_860_Corp,Electronics,27,2756,560,447,21,215,29,3.52,5.0,35.0,0.0837,358475.0,
V6178,Vendor_954_Co,Chemicals,13,4296,3123,1772,2392,169,19,4.77,10.0,68.0,0.2284,93066.0,High Risk
V6266,Vendor_805_Co,IT Hardware,14,3383,1275,691,308,74,28,2.02,4.0,72.0,0.2384,287045.0,low
V8512,Vendor_220_Corp,Textiles,22,854,688,503,264,196,3,2.31,5.0,26.0,0.0612,312800.0,1
V4925,Vendor_900_Co,Textiles,15,1166,84,8,82,52,20,2.03,1.0,29.0,0.1006,427297.0,YES
V3438,Vendor_768_Corp,Electronics,22,4690,2052,1826,76,2038,13,2.8,6.0,51.0,0.1724,271209.0,NO
V9426,Vendor_941_Ltd,Machinery,5,851,802,289,611,128,16,4.1,3.0,27.0,0.0299,135445.0,YES
V7957,Vendor_189_Corp,Packaging,29,85,14,3,14,13,2,4.59,7.0,40.0,0.1332,187104.0,high
V8110,Vendor_425_LLC,Machinery,25,1924,545,369,482,281,30,2.48,9.0,5.0,0.0533,183337.0,No
V8966,Vendor_157_Ltd,Office Supplies,29,4325,3733,2487,3081,2614,9,3.47,9.0,58.0,0.1761,272004.0,1
V8060,Vendor_862_Ltd,IT Hardware,20,3146,604,478,491,43,20,4.17,6.0,11.0,0.1011,150799.0,0
V6147,Vendor_466_LLC,Machinery,12,1670,929,237,91,135,30,4.88,2.0,60.0,0.1634,42497.0,low
V7644,Vendor_331_Corp,Chemicals,29,1566,1200,903,1083,1045,1,3.39,2.0,65.0,0.1502,275867.0,high
V1166,Vendor_339_Ltd,Chemicals,17,54,34,30,8,16,25,4.71,1.0,22.0,0.1994,187144.0,YES
V1891,Vendor_636_Co,Raw Materials,6,1617,865,848,474,287,22,4.31,6.0,35.0,0.2424,361748.0,low
V1975,Vendor_476_Co,Textiles,14,235,207,48,59,144,22,3.3,10.0,33.0,0.0463,301919.0,High
V4857,Vendor_991_Co,Automotive,6,1489,855,21,381,199,27,,10.0,56.0,0.1765,198743.0,NO
V5940,Vendor_144_Co,Machinery,14,3421,331,215,212,286,365,4.24,,33.0,0.1222,8419.0,Low
V8823,Vendor_500_Ltd,Machinery,25,1970,1279,55,1163,369,14,2.06,9.0,54.0,0.0686,422684.0,1
V2148,Vendor_653_LLC,Electronics,13,4029,1958,893,827,1728,23,4.45,8.0,16.0,,491231.0,Low
V7367,Vendor_496_Ltd,Chemicals,25,3316,2340,1142,495,964,18,Unknown,9.0,51.0,0.1808,5276.0,High Risk
V9237,Vendor_601_Corp,Chemicals,3,701,467,350,128,335,26,3.58,8.0,57.0,0.1636,200856.0,1
V4441,Vendor_952_Co,Chemicals,18,2241,1471,1333,565,132,19,3.16,9.0,65.0,0.2143,79652.0,Low Risk
V4891,Vendor_554_Co,Chemicals,25,1366,896,44,420,373,24,4.35,4.0,69.0,0.0718,424951.0,
V4171,Vendor_370_LLC,Electronics,9,4417,36,18,20,13,20,4.45,3.0,4.0,0.2363,445941.0,0
V8899,Vendor_776_Co,Packaging,28,2614,923,74,672,198,13,2.29,1.0,64.0,0.1471,103996.0,YES
V8319,Vendor_710_Inc,Electronics,5,4163,1246,282,455,1051,29,3.17,1.0,68.0,0.104,466170.0,
V7431,Vendor_995_Co,Office Supplies,16,161,22,2,16,13,6,TBD,5.0,6.0,0.0239,268037.0,High Risk
V7956,Vendor_317_Inc,Electronics,24,3985,3576,2662,985,1972,5,2.75,2.0,64.0,0.2351,410754.0,High Risk
V3476,Vendor_329_LLC,Automotive,5,2102,917,515,722,136,30,4.72,4.0,,0.0714,268289.0,1
V3824,Vendor_308_Corp,Chemicals,5,175,24,18,13,5,4,2.3,3.0,43.0,0.0725,142884.0,
V8145,Vendor_928_LLC,Office Supplies,3,1793,606,184,114,144,7,2.55,5.0,9.0,0.0136,86508.0,Low Risk
V9225,Vendor_789_Corp,Office Supplies,8,2630,1111,159,763,244,26,3.55,1.0,52.0,0.0207,244843.0,High
V4423,Vendor_708_LLC,IT Hardware,16,2666,2065,1492,1334,1817,9,2.5,7.0,1.0,0.1631,187089.0,
V8659,Vendor_816_Co,Textiles,12,1666,1070,521,382,699,6,4.21,1.0,60.0,0.2633,379291.0,1
V3510,Vendor_953_LLC,Automotive,26,113,55,30,46,47,5,4.75,9.0,14.0,,314033.0,high
V2085,Vendor_841_LLC,Automotive,23,1104,800,68,7,601,5,3.44,6.0,49.0,0.1975,185235.0,1
V7006,Vendor_148_LLC,Office Supplies,27,1281,467,274,406,405,18,3.83,5.0,55.0,0.1173,95987.0,low
V2096,Vendor_503_LLC,Automotive,24,3506,3475,22,2498,239,11,4.13,1.0,6.0,0.2049,8417.0,low
V4840,Vendor_575_Co,Food & Beverage,17,1460,1140,65,1044,1059,24,3.02,Good,47.0,0.006,82938.0,0
V2392,Vendor_211_LLC,Packaging,6,3436,2226,150,1472,2199,21,3.84,10.0,52.0,0.29,174852.0,
V6814,Vendor_609_Corp,Chemicals,30,3556,1630,838,375,826,7,3.63,9.0,26.0,0.0591,300309.0,0
V1957,Vendor_952_Co,Textiles,2,1694,1634,1542,636,1549,3,2.75,8.0,39.0,0.2837,454876.0,High Risk
V7650,Vendor_391_Corp,Electronics,20,3036,838,177,44,165,23,,4.0,28.0,0.2821,228241.0,1
V1584,Vendor_457_Corp,Electronics,7,3141,2754,2474,2408,519,9,4.08,2.0,47.0,0.1777,395220.0,Low Risk
V6665,Vendor_450_LLC,Electronics,11,277,166,116,132,111,9,4.73,4.0,59.0,0.2417,455548.0,High
V8587,Vendor_369_Ltd,Food & Beverage,25,3290,1508,216,743,143,25,,5.0,27.0,0.2958,226665.0,high
V4851,Vendor_808_LLC,Raw Materials,21,2399,1535,1434,256,947,17,4.49,9.0,14.0,0.0953,260788.0,Low
V2560,Vendor_926_Co,Automotive,28,2154,1694,555,1563,1642,22,4.98,1.0,68.0,0.2994,460983.0,Low
V2549,Vendor_472_Ltd,Machinery,5,20,9,8,3,2,29,4.14,8.0,32.0,0.2015,35805.0,0
V6334,Vendor_953_Inc,Automotive,2,2266,641,85,530,145,11,4.09,6.0,43.0,0.0006,462444.0,0 
V6881,Vendor_688_Inc,Chemicals,1,3161,1979,218,485,781,27,3.97,5.0,Slow,0.1698,360556.0,
V6542,Vendor_422_Ltd,Office Supplies,14,91,91,66,8,10,2,3.18,,20.0,,31308.0,
V5399,Vendor_340_Ltd,IT Hardware,20,4877,323,285,302,273,18,2.87,9.0,3.0,0.2859,67518.0,0
V9442,Vendor_394_LLC,IT Hardware,8,3590,1595,660,1105,599,1,4.27,5.0,56.0,0.0186,368820.0,
V4751,Vendor_172_LLC,Automotive,2,2895,1795,512,572,562,2,2.99,4.0,40.0,0.0805,275274.0,
V1013,Vendor_355_Ltd,Chemicals,2,3863,422,412,145,396,27,3.13,,37.0,0.1322,486196.0,0
V2030,Vendor_186_LLC,Textiles,12,612,265,29,205,91,2,3.83,6.0,60.0,0.0879,198518.0,0
V8624,Vendor_368_Inc,Food & Beverage,7,1745,1649,1175,1502,1083,27,3.29,2.0,33.0,0.1803,281101.0,high
V1511,Vendor_437_Ltd,Textiles,18,70,48,30,23,20,27,2.98,5.0,38.0,0.061,157534.0,high
V5861,Vendor_716_Corp,Raw Materials,8,2646,202,185,120,180,20,2.47,3.0,26.0,0.2619,216736.0,Low Risk
V8985,Vendor_145_Co,Raw Materials,10,3263,1344,1271,907,633,17,3.38,2.0,24.0,0.2092,320276.0,
V2952,Vendor_665_Inc,Textiles,23,4984,1387,25,1071,1044,22,3.34,5.0,40.0,0.1697,293361.0,
V6318,Vendor_326_Corp,IT Hardware,10,2616,397,113,115,9,24,4.14,8.0,54.0,0.1904,173360.0,High Risk
V1929,Vendor_706_Inc,Machinery,19,4898,2918,1298,2314,234,23,3.53,10.0,62.0,0.0026,248852.0,0
V3396,Vendor_828_Inc,Machinery,25,495,141,32,33,63,27,4.03,8.0,19.0,0.1732,141885.0,YES
V8756,Vendor_733_LLC,Office Supplies,16,4193,1593,326,566,1237,29,4.13,9.0,62.0,0.2412,82443.0,1
V5856,Vendor_651_Ltd,Packaging,27,3486,2850,1543,1454,1867,20,3.35,6.0,60.0,0.1471,253916.0,1
V4726,Vendor_804_Inc,Raw Materials,18,1098,568,166,274,555,4,2.96,,40.0,0.0776,304658.0,Low
V5868,Vendor_352_Co,Automotive,30,1903,1535,1393,1418,1197,17,2.78,5.0,20.0,0.138,301525.0,Low
V7897,Vendor_937_Ltd,Electronics,28,3465,3131,643,2920,174,8,4.68,4.0,28.0,0.2937,232001.0,YES
V2133,Vendor_882_Corp,Textiles,12,2090,469,238,216,295,27,2.85,8.0,57.0,0.1139,180506.0,High
V6237,Vendor_433_Corp,Machinery,30,1796,1776,213,63,103,27,4.23,5.0,3.0,0.2956,264010.0,0
V1873,Vendor_529_Inc,Raw Materials,15,4330,1550,998,539,70,23,3.51,1.0,51.0,,401372.0,0
V3094,Vendor_915_Co,Raw Materials,12,3852,874,81,337,854,20,4.77,5.0,25.0,0.298,336451.0,1
V9658,Vendor_843_LLC,Packaging,25,3971,3182,1447,956,2079,23,3.36,5.0,27.0,0.1377,54909.0,low
V9753,Vendor_810_Corp,Electronics,1,4930,4198,367,2313,1710,13,2.65,1.0,41.0,0.283,332515.0,NO
V9687,Vendor_689_Inc,Electronics,29,2669,2353,378,1090,1226,1,3.72,5.0,50.0,0.1019,399847.0,High Risk
V5008,Vendor_852_Inc,Office Supplies,15,3589,643,109,430,292,23,4.64,10.0,59.0,0.0748,92364.0,Low Risk
V1973,Vendor_178_Inc,Machinery,18,2131,260,156,129,98,16,4.54,4.0,52.0,0.2486,241775.0,high
V9104,Vendor_999_Inc,Textiles,11,1411,1081,664,178,899,13,4.47,9.0,67.0,0.2101,216009.0,
V1284,Vendor_105_Corp,Raw Materials,7,2287,679,517,312,8,25,4.82,8.0,34.0,0.0574,268690.0,High
V9882,Vendor_478_Inc,Textiles,2,1568,136,51,19,14,10,4.93,10.0,11.0,,182626.0,High
V5815,Vendor_768_Inc,IT Hardware,30,3106,892,797,317,709,2,2.98,4.0,60.0,0.1095,409184.0,YES
V5436,Vendor_737_Ltd,Food & Beverage,12,3963,1141,995,659,360,13,3.1,2.0,21.0,0.1545,408344.0,
V7734,Vendor_534_LLC,Machinery,9,3208,2583,647,231,427,25,2.18,5.0,18.0,0.0276,209854.0,NO
V4273,Vendor_338_Co,Textiles,23,1594,48,44,12,24,10,3.53,6.0,3.0,0.0164,492385.0,High
V4719,Vendor_269_Corp,Textiles,13,3088,2734,1791,1736,2674,11,3.77,7.0,2.0,0.113,348905.0,0
V2844,Vendor_921_Corp,Electronics,26,3118,1477,1291,103,291,2,2.51,9.0,55.0,0.0923,321238.0,
V2006,Vendor_432_Ltd,Chemicals,26,302,103,38,65,78,7,4.98,,57.0,0.0413,496607.0,1
V9280,Vendor_236_Ltd,Raw Materials,19,3765,3063,347,2378,391,19,2.19,3.0,31.0,0.0875,447123.0,Low
V7153,Vendor_505_Corp,Automotive,25,2315,1083,240,716,430,14,2.13,5.0,66.0,0.1792,134153.0,0
V8382,Vendor_579_LLC,Raw Materials,14,1529,89,32,88,60,25,3.83,4.0,11.0,0.0032,268659.0,Low
V5969,Vendor_118_Co,Raw Materials,19,3688,2641,1618,1787,1012,5,3.49,9.0,36.0,0.2127,481112.0,0
V5596,Vendor_216_Co,Automotive,29,3367,2088,346,1868,914,22,2.09,10.0,52.0,0.2337,,YES
V5186,Vendor_282_Co,Textiles,22,1020,23,0,3,23,14,,7.0,24.0,0.0959,169721.0,low
V8315,Vendor_239_Inc,Automotive,25,1490,85,15,79,4,15,4.8,4.0,28.0,0.0111,300831.0,1
V7897,Vendor_461_Inc,Chemicals,6,4209,3843,2350,3005,1357,2,4.09,10.0,39.0,TBD,296544.0,High
V3049,Vendor_857_Corp,Raw Materials,5,4173,3244,1977,883,2346,4,3.72,2.0,67.0,0.1399,391066.0,0
V6255,Vendor_313_LLC,Food & Beverage,13,4440,1899,1558,1299,1292,18,2.78,9.0,59.0,0.2292,212661.0,low
V5228,Vendor_465_Inc,Machinery,15,181,85,80,32,39,7,2.27,4.0,17.0,0.0421,434544.0,High Risk
V5413,Vendor_237_Corp,Food & Beverage,1,312,229,97,110,147,1,4.01,2.0,70.0,0.2364,450731.0,Low Risk
V6203,Vendor_456_LLC,Raw Materials,28,95,80,32,63,23,23,2.11,4.0,64.0,0.269,98985.0,0
V4803,Vendor_782_Inc,Automotive,10,4247,103,11,43,98,19,3.24,1.0,5.0,0.0613,441369.0,1
V9293,Vendor_840_Corp,Raw Materials,30,2656,924,40,903,416,25,3.84,9.0,64.0,0.2275,172673.0,high
V9530,Vendor_944_Co,Textiles,19,3770,1032,446,955,618,4,2.02,6.0,72.0,0.1942,320317.0,High
V7301,Vendor_963_Inc,Textiles,5,1430,972,142,192,568,10,4.99,3.0,18.0,0.0035,340942.0,0
V6223,Vendor_775_Inc,Raw Materials,12,2251,351,266,322,90,3,3.05,7.0,67.0,0.0205,372788.0,1
V5292,Vendor_548_Corp,Packaging,9,1398,371,351,25,296,29,2.78,7.0,46.0,,372564.0,NO
V7240,Vendor_421_LLC,Chemicals,4,3118,2887,677,2444,1544,24,2.95,4.0,10.0,0.1997,27316.0,0
V9927,Vendor_560_Co,Office Supplies,9,3104,2616,442,1121,2567,30,4.04,6.0,51.0,0.1767,496591.0,High
V8760,Vendor_807_LLC,Packaging,8,4952,1427,2,588,744,5,2.68,7.0,12.0,0.1522,19223.0,low
V7968,Vendor_811_LLC,Automotive,7,1347,819,467,85,260,3,3.89,5.0,25.0,0.2143,296510.0,YES
V1806,Vendor_514_Co,Office Supplies,28,3928,2867,250,1649,2033,26,2.05,1.0,49.0,0.1622,45225.0,YES
V8146,Vendor_145_Ltd,Automotive,4,737,21,5,20,15,22,4.62,6.0,15.0,0.1175,272449.0,High
V2600,Vendor_408_Inc,Office Supplies,29,2224,239,6,140,185,21,4.66,,51.0,0.0034,281901.0,Low Risk
V7139,Vendor_624_Co,Machinery,20,515,142,83,117,103,16,2.46,2.0,4.0,0.1608,221702.0,high
V4340,Vendor_322_LLC,Raw Materials,25,889,217,139,74,188,8,4.64,4.0,5.0,0.2652,339961.0,0
V8881,Vendor_930_Corp,Raw Materials,27,3657,872,464,218,241,29,4.62,2.0,38.0,0.1697,217914.0,0
V7290,Vendor_926_Ltd,Automotive,6,2758,1714,110,1691,579,21,2.13,4.0,56.0,0.1861,205881.0,NO
V5084,Vendor_201_Ltd,Raw Materials,11,4882,944,410,835,746,28,4.87,2.0,9.0,0.0774,380227.0,High
V6167,Vendor_604_Co,Chemicals,16,64,5,3,2,4,6,4.95,9.0,36.0,0.1194,394304.0,Low Risk
V9205,Vendor_386_Co,Automotive,30,1310,455,436,184,291,16,3.2,10.0,11.0,0.1613,-1000.0,high
V9985,Vendor_430_Inc,Raw Materials,30,2445,352,237,86,279,18,4.85,6.0,42.0,0.0691,432469.0,High
V3469,Vendor_135_Co,Chemicals,17,4119,1648,783,495,422,24,2.28,9.0,46.0,0.0572,464440.0,Low Risk
V8744,Vendor_501_Inc,Food & Beverage,12,871,110,6,61,73,10,4.02,6.0,54.0,0.1024,79568.0,High Risk
V2783,Vendor_445_Ltd,Chemicals,26,2267,732,137,83,342,9,4.91,6.0,3.0,0.205,326171.0,High Risk
V6605,Vendor_939_LLC,Textiles,4,2488,785,545,449,666,4,4.6,10.0,10.0,0.0002,,High Risk
V1831,Vendor_260_Corp,Raw Materials,2,113,67,62,66,47,20,TBD,10.0,31.0,0.1835,70584.0,
V9468,Vendor_304_Ltd,Machinery,7,3133,1186,723,412,498,4,2.14,8.0,39.0,,14175.0,1
V3140,Vendor_261_Ltd,Food & Beverage,4,1044,94,5,55,60,12,4.9,10.0,12.0,0.1915,380774.0,NO
V1462,Vendor_906_Co,Textiles,13,268,98,89,37,35,28,2.19,8.0,9.0,0.2317,67467.0,NO
V2444,Vendor_375_LLC,Packaging,28,1411,677,154,96,368,28,2.29,3.0,26.0,0.2006,484911.0,High Risk
V5492,Vendor_922_Ltd,Machinery,8,3798,2679,113,988,1184,6,4.14,7.0,46.0,0.1946,399834.0,YES
V6756,Vendor_185_Co,Machinery,9,1591,54,36,34,3,30,2.6,10.0,27.0,0.1222,169680.0,high
V1109,Vendor_687_Ltd,Office Supplies,29,1964,1549,804,76,350,18,3.27,7.0,7.0,0.2798,433037.0,High
V6415,Vendor_494_LLC,Machinery,19,2696,1831,190,741,741,22,2.85,7.0,40.0,0.2681,445316.0,NO
V9415,Vendor_940_LLC,Electronics,19,1475,1103,1098,793,666,17,-1.0,7.0,54.0,0.1963,463947.0,NO
V8984,Vendor_611_Co,Machinery ,21,4641,3209,410,2931,251,15,3.37,3.0,21.0,0.0424,226066.0,High
V9669,Vendor_862_LLC,Office Supplies,29,3838,2310,1418,1188,678,13,3.48,1.0,13.0,0.2248,44747.0,high
V3084,Vendor_146_Corp,Chemicals,23,775,398,392,33,22,11,3.88,1.0,47.0,0.2687,396159.0,NO
V7565,Vendor_572_Co,Office Supplies,4,2129,171,139,138,0,9,2.24,5.0,53.0,0.1551,55833.0,
V6196,Vendor_579_LLC,Machinery,8,3995,3911,383,2978,3004,11,4.99,9.0,28.0,0.1496,310237.0,0
V5392,Vendor_981_LLC,IT Hardware,24,616,480,152,193,442,17,2.65,1.0,34.0,0.0744,389955.0,High Risk
V5003,Vendor_574_LLC,Textiles,6,2597,2382,1647,952,1785,27,3.87,5.0,24.0,0.0128,198647.0,1
V1969,Vendor_926_LLC,IT Hardware,20,4224,4093,606,2922,247,16,4.11,4.0,16.0,0.2625,200214.0,Low Risk
V9121,Vendor_398_Co,Machinery ,15,1630,1194,120,436,869,28,3.08,7.0,61.0,0.2855,448440.0,1
V8172,Vendor_182_Co,Electronics,29,3307,1115,1024,1105,1011,14,4.2,10.0,33.0,0.0078,121022.0,YES
V3897,Vendor_303_Corp,IT Hardware,26,2105,1831,1596,1427,3,13,2.33,3.0,46.0,0.1536,287277.0,0
V9378,Vendor_737_Ltd,Raw Materials,8,1262,1249,594,273,1175,10,4.42,1.0,29.0,0.2721,423311.0,1
V2294,Vendor_548_Ltd,IT Hardware,30,1407,1401,648,60,163,17,4.14,10.0,41.0,0.0063,157763.0,low
V2688,Vendor_381_Co,Machinery,16,1759,1707,676,391,1069,10,3.37,6.0,65.0,0.015,,Low Risk
V1150,Vendor_211_Corp,IT Hardware,1,4226,526,273,34,86,12,2.1,5.0,40.0,0.22,351465.0,High Risk
V5052,Vendor_306_Inc,Chemicals,24,4948,4175,3207,2698,2822,30,3.96,3.0,44.0,0.1488,324767.0,1
V4364,Vendor_676_Corp,IT Hardware,4,1611,1344,391,835,1184,10,4.17,3.0,4.0,0.0032,443685.0,0
V7802,Vendor_867_Corp,Office Supplies,22,4887,2437,1889,1581,1097,13,2.26,10.0,27.0,0.1969,352366.0,1
V2882,Vendor_534_Corp,Food & Beverage,1,4472,2321,337,1994,1096,11,2.04,3.0,22.0,0.0231,349339.0,1
V8863,Vendor_686_LLC,Automotive,30,944,837,215,439,627,-5,2.08,7.0,10.0,0.2511,410119.0,0
V3459,Vendor_264_Ltd,Chemicals,21,4230,724,639,203,236,10,4.62,5.0,45.0,0.2179,149684.0,
V7253,Vendor_742_Corp,Textiles,12,2336,1672,1144,1510,80,13,2.19,2.0,64.0,0.2525,248433.0,0
V2723,Vendor_174_LLC,Textiles,2,2354,453,150,165,255,22,,8.0,6.0,0.0471,278989.0,
V3147,Vendor_961_Ltd,Electronics,29,156,147,1,118,72,18,4.75,1.0,44.0,0.1934,37413.0,low
V8802,Vendor_791_Inc,Packaging,24,3673,862,430,443,537,12,3.15,2.0,5.0,0.2214,316548.0,0
V6398,Vendor_792_Co,Electronics,13,4163,3529,1347,893,2057,16,4.25,10.0,54.0,0.0613,357378.0,0
V7592,Vendor_391_LLC,Raw Materials,10,740,21,6,5,12,16,4.4,5.0,17.0,0.1077,51390.0,Low
V6130,Vendor_591_Ltd,Machinery,1,851,779,74,678,26,24,4.83,9.0,47.0,0.1645,141592.0,
V1466,Vendor_253_Ltd,IT Hardware,16,149,115,37,69,92,24,4.14,3.0,64.0,0.0607,59629.0,Low Risk
V2816,Vendor_852_Co,Electronics,17,2405,675,664,35,95,6,4.32,10.0,42.0,0.0756,295634.0,YES
V9682,Vendor_179_Corp,IT Hardware,25,1001,158,119,16,154,17,4.28,5.0,34.0,0.2391,214482.0,Low
V9987,Vendor_959_Corp,Textiles,9,2185,622,617,280,563,21,4.29,1.0,51.0,0.1558,172914.0,High Risk
V8970,Vendor_186_Ltd,Machinery,5,1574,612,399,109,367,2,2.58,10.0,31.0,0.1468,34026.0,
V1223,Vendor_995_Ltd,Food & Beverage,2,2008,1105,1009,739,79,20,3.74,4.0,15.0,0.1331,76922.0,1
V4768,Vendor_178_Co,Chemicals,7,64,64,17,56,21,5,2.56,6.0,16.0,0.1983,-10000.0,
V7096,Vendor_883_Co,Food & Beverage,17,4046,1349,201,274,479,4,3.02,5.0,20.0,0.1129,493247.0,YES
V6328,Vendor_712_Corp,Electronics,1,285,200,167,184,172,23,2.83,,Fast,0.1182,460565.0,1
V9283,Vendor_334_Corp,Chemicals,7,2166,1764,739,1242,1203,2,3.78,10.0,45.0,0.0686,54889.0,High Risk
V7638,Vendor_241_Corp,Machinery,1,4807,801,284,390,219,11,3.09,8.0,66.0,0.0529,213767.0,0
V6572,Vendor_595_Co,Chemicals,25,3963,3706,2048,631,779,11,2.43,2.0,67.0,0.203,70582.0,1
V2968,Vendor_320_Inc,Food & Beverage,10,2846,2139,1397,1119,807,1,3.58,5.0,58.0,0.0822,454643.0,low
V2588,Vendor_505_LLC,Machinery,4,3084,2201,539,1550,505,19,2.87,3.0,52.0,0.165,185562.0,
V2967,Vendor_775_Ltd,Packaging,21,4752,773,528,702,413,13,3.64,4.0,33.0,0.2704,346811.0,High
V4536,Vendor_684_Ltd,Automotive,25,253,30,4,14,24,14,2.79,2.0,52.0,0.1456,289699.0,High Risk
V3262,Vendor_921_Ltd,Raw Materials,30,4322,3644,1065,1366,431,19,4.64,8.0,8.0,0.2598,83924.0,YES
V5228,Vendor_904_Ltd,IT Hardware,23,3466,2611,2097,267,1986,3,2.79,6.0,24.0,0.0967,71220.0,
V6365,Vendor_467_Corp,Office Supplies,26,641,121,81,16,3,13,4.63,N/A,48.0,0.2618,134320.0,NO
V3602,Vendor_307_Inc,Electronics,28,2884,2659,698,176,2157,27,3.86,9.0,69.0,0.2865,269571.0,YES
V8308,Vendor_654_Inc,Automotive,25,490,367,279,21,225,11,3.83,10.0,11.0,0.2035,92368.0,High Risk
V5819,Vendor_559_LLC,Raw Materials,6,3022,2410,2238,804,792,6,4.21,2.0,49.0,0.0122,147335.0,High Risk
V9208,Vendor_198_Corp,Packaging,24,1072,295,47,221,185,24,4.34,10.0,12.0,0.2816,203905.0,YES
V7113,Vendor_402_LLC,Machinery,10,4521,1597,43,1576,153,15,2.01,3.0,39.0,0.0665,175036.0,YES
V8600,Vendor_855_LLC,Office Supplies,17,413,249,71,94,3,2,4.56,10.0,60.0,0.0073,139935.0,High
V4215,Vendor_444_Inc,Chemicals,30,2259,982,44,797,839,25,4.94,,64.0,0.1483,431620.0,Low
V2867,Vendor_527_Ltd,Raw Materials,4,1553,1144,1076,1089,1128,27,2.39,1.0,62.0,0.1045,,Low
V3504,Vendor_732_Co,Automotive,3,926,299,66,93,141,26,4.54,10.0,35.0,0.0878,89696.0,YES
V4376,Vendor_822_LLC,IT Hardware,19,315,166,148,15,127,19,4.98,4.0,36.0,0.186,222888.0,NO
V9553,Vendor_835_Co,Textiles,30,505,137,7,104,48,24,3.96,9.0,40.0,0.1324,302620.0,Low
V7933,Vendor_764_Co,Textiles,6,3207,564,158,366,258,19,3.24,7.0,12.0,0.0181,189954.0,high
V7954,Vendor_250_Corp,IT Hardware,16,2844,2163,1131,763,1251,8,2.38,8.0,43.0,0.2677,278287.0,0
V1157,Vendor_426_Corp,Packaging,7,3054,1523,297,643,250,15,3.7,6.0,30.0,0.1685,203160.0,High
V3505,Vendor_103_Ltd,IT Hardware,17,1666,266,218,171,231,2,2.77,8.0,6.0,0.1444,326851.0,
V3427,Vendor_176_Inc,Office Supplies,14,2050,772,752,753,399,2,4.57,7.0,39.0,0.0924,53574.0,high
V5095,Vendor_910_Corp,IT Hardware,26,2360,2090,1485,1745,1254,17,3.51,1.0,71.0,0.0244,168354.0,0
V7121,Vendor_238_Corp,Food & Beverage,24,1895,974,306,522,50,1,2.39,8.0,31.0,0.1695,254248.0,
V2997,Vendor_159_Corp,Machinery,7,1888,1208,413,610,1145,10,3.92,4.0,25.0,0.0332,250445.0,High
V6539,Vendor_762_Corp,Chemicals,25,4457,3265,1116,2740,1580,11,3.13,7.0,1.0,0.2297,218406.0,
V4630,Vendor_129_LLC,Automotive,12,3882,2145,1896,463,985,9,2.63,7.0,N/A,0.1063,445256.0,
V9316,Vendor_776_Inc,Packaging,23,2080,363,210,285,174,26,2.63,7.0,66.0,0.2933,39815.0,YES
V2788,Vendor_459_Inc,Office Supplies,5,1567,1512,299,595,887,10,3.95,2.0,9.0,0.0744,137582.0,1
V8535,Vendor_203_Co,Chemicals,14,2045,1944,1447,992,57,27,3.38,1.0,71.0,0.1396,420266.0,NO
V5282,Vendor_427_Ltd,Raw Materials,4,2806,802,186,303,207,27,3.15,4.0,61.0,0.1949,30072.0,YES
V7928,Vendor_969_Ltd,IT Hardware,13,3186,1036,416,419,435,1,4.84,9.0,22.0,0.2816,363460.0,High Risk
V3388,Vendor_131_Corp,Food & Beverage,30,3744,201,180,51,40,28,2.8,6.0,64.0,0.2205,134215.0,
V8565,Vendor_782_LLC,Textiles,15,3134,1860,1255,1172,780,6,4.93,10.0,51.0,0.0355,420935.0,0
V6450,Vendor_630_Co,Office Supplies,3,2289,79,40,9,62,20,2.3,8.0,47.0,,78796.0,1
V1831,Vendor_640_Inc,Packaging,16,3102,146,7,112,20,18,4.33,1.0,40.0,0.0138,155976.0,NO
V8293,Vendor_118_Ltd,Office Supplies,16,793,442,424,403,119,30,2.78,3.0,4.0,0.0135,346396.0,YES
V7377,Vendor_491_Ltd,Machinery,6,660,420,355,341,132,14,3.29,2.0,66.0,0.1629,,low
V3945,Vendor_364_Inc,Chemicals,28,2274,2258,1286,262,1804,16,2.38,3.0,19.0,0.2614,344921.0,0
V5106,Vendor_140_Ltd,IT/IS,28,3234,2308,2106,719,579,27,4.8,5.0,22.0,0.034,79809.0,0
V1999,Vendor_105_LLC,Automotive,24,671,130,24,76,54,28,2.64,1.0,50.0,0.1885,333681.0,High Risk
V4373,Vendor_150_Inc,IT Hardware,15,2943,562,389,228,328,24,2.02,6.0,45.0,0.033,278356.0,0
V6227,Vendor_649_Inc,Electronics,10,1372,810,485,127,191,26,N/A,1.0,65.0,0.2916,130734.0,
V3588,Vendor_175_Ltd,Packaging,19,3821,3691,1178,2775,2238,10,3.92,7.0,33.0,0.1371,159398.0,1
V7413,Vendor_573_Co,Textiles,8,2421,926,487,294,419,23,2.3,,34.0,0.1593,248537.0,
V6063,Vendor_845_Ltd,Chemicals,8,2633,1055,803,903,474,28,3.21,10.0,30.0,0.2461,334566.0,0
V4818,Vendor_717_Ltd,Raw Materials,20,2740,201,133,123,107,23,4.96,2.0,5.0,0.0719,116777.0,
V1355,Vendor_273_Corp,Automotive,1,3439,3064,2028,1488,1690,22,4.14,2.0,22.0,0.1785,87981.0,high risk
V5105,Vendor_523_Corp,Raw Materials,22,3264,1394,598,1000,903,3,3.92,9.0,35.0,0.2627,,NO
V6305,Vendor_751_Co,Automotive,21,1020,949,76,433,132,8,3.95,10.0,14.0,0.0655,31083.0,High Risk
V4745,Vendor_192_LLC,Raw Materials,20,307,195,93,12,194,23,3.66,5.0,11.0,,134769.0,low
V5571,Vendor_864_LLC,IT Hardware,30,2161,1109,593,187,612,9,4.3,7.0,64.0,0.2373,10847.0,High Risk
V6238,Vendor_673_Inc,Electronics,23,1405,1203,404,805,325,10,2.05,10.0,,0.2494,448247.0,low
V2382,Vendor_714_Co,Packaging,8,704,401,47,26,353,22,2.43,2.0,1.0,0.0986,252354.0,High Risk
V6420,Vendor_139_LLC,Office Supplies,22,2084,1835,544,1281,776,10,4.92,2.0,69.0,0.2653,91762.0,0
V4395,Vendor_825_Inc,IT Hardware,6,4131,4100,3851,1418,3426,3,3.9,3.0,27.0,0.2141,303116.0,Low Risk
V5306,Vendor_802_LLC,Machinery,13,432,382,360,215,79,23,4.89,4.0,28.0,0.2889,315124.0,0
V5360,Vendor_288_Ltd,Chemicals,16,3395,2329,2251,56,391,27,2.23,7.0,70.0,0.0076,38461.0,low
V1798,Vendor_545_LLC,Textiles,5,3786,149,138,56,78,20,3.11,4.0,51.0,0.0937,39399.0,High
V1921,Vendor_938_Inc,IT Hardware,10,4599,157,18,50,111,16,2.78,3.0,16.0,0.0829,177421.0,High
V5101,Vendor_519_Corp,Chemicals,28,2172,1141,1126,817,1124,4,4.78,3.0,54.0,0.0314,380564.0,NO
V5466,Vendor_735_LLC,Automotive,6,2484,2182,1888,1641,1693,16,3.15,6.0,27.0,0.2442,310838.0,high
V3375,Vendor_267_LLC,Chemicals,22,4182,2173,1906,493,647,9,,5.0,36.0,0.1362,422701.0,YES
V5118,Vendor_646_Inc,Office Supplies,19,1141,1140,800,106,973,17,3.13,6.0,43.0,0.0856,84345.0,NO
V4769,Vendor_380_Ltd,Chemicals,22,895,813,252,670,799,22,3.74,,7.0,0.0891,453550.0,1
V5035,Vendor_338_Ltd,Chemicals,2,1068,50,22,47,26,25,3.74,7.0,19.0,0.2257,457173.0,0
V4391,Vendor_581_Inc,Packaging,24,4115,3856,104,2654,2805,26,3.47,6.0,37.0,0.0983,370713.0,NO
V1206,Vendor_864_Ltd,IT Hardware,20,3398,400,113,339,152,5,4.41,2.0,50.0,0.2656,184527.0,low
V6604,Vendor_276_Inc,Electronics,24,1148,905,611,535,781,27,2.36,3.0,19.0,0.2064,162180.0,0
V5212,Vendor_385_Ltd,Raw Materials,14,4704,1747,844,705,269,27,4.2,10.0,66.0,0.2777,249583.0,1
V6097,Vendor_462_Corp,Chemicals,23,4461,3771,2947,562,2942,30,4.99,1.0,33.0,0.0311,416956.0,low
V8873,Vendor_986_Co,Packaging,3,2266,1934,671,984,1457,7,4.78,2.0,29.0,0.2953,402794.0,Low Risk
V4032,Vendor_431_Inc,Office Supplies,24,1619,1212,609,905,812,19,4.97,3.0,50.0,0.2527,156471.0,Low
V1860,Vendor_114_Corp,Textiles,16,272,192,133,185,69,20,2.85,2.0,10.0,0.2858,80073.0,0
V5520,Vendor_642_Co,Food & Beverage,17,2418,775,412,180,608,14,2.33,1.0,32.0,0.2877,116123.0,1
V4280,Vendor_395_Co,Raw Materials,3,1841,46,34,4,24,1,4.29,1.0,18.0,0.2315,402105.0,0
V1010,Vendor_816_Corp,IT Hardware,18,3700,3691,1080,95,3131,2,4.67,2.0,1.0,0.2691,131032.0,High Risk
V7570,Vendor_563_Co,Automotive,13,115,71,63,39,11,7,4.15,9.0,15.0,0.0529,320495.0,High Risk
V3680,Vendor_202_Ltd,Office Supplies,3,2787,218,47,29,78,20,3.78,10.0,67.0,0.039,366022.0,low
V1139,Vendor_273_Ltd,Chemicals,30,415,166,85,76,71,30,2.28,3.0,33.0,0.0671,4120.0,NO
V2931,Vendor_783_Ltd,Machinery,7,2080,601,498,571,444,13,4.55,6.0,22.0,,293313.0,
V9150,Vendor_,Textiles,2,2523,2295,2106,1070,1753,30,4.36,3.0,19.0,0.0111,383292.0,high
V4081,Vendor_542_Corp,Raw Materials,7,2644,1753,1358,958,1689,12,4.35,4.0,50.0,0.2092,29905.0,high
V5765,Vendor_715_Corp,Food & Beverage,20,4081,399,247,137,247,6,2.73,9.0,48.0,0.0609,467853.0,low
V7944,Vendor_846_Ltd,Office Supplies,27,3414,3291,1812,1182,670,19,3.79,3.0,Fast,0.091,455833.0,
V3819,Vendor_117_Ltd,Chemicals,26,2080,1459,335,730,525,10,3.93,2.0,16.0,0.0303,373379.0,Low Risk
V5885,Vendor_287_Inc,Packaging,27,4033,3092,1798,1295,989,20,4.3,3.0,46.0,0.238,131892.0,NO
V4469,Vendor_510_LLC,Automotive,18,1617,523,351,181,425,14,2.55,4.0,,0.1093,17858.0,
V4017,Vendor_507_Co,Chemicals,29,642,535,385,81,444,18,3.95,6.0,3.0,0.1447,330200.0,YES
V1274,Vendor_183_LLC,IT Hardware,1,2316,18,3,17,2,29,2.14,2.0,4.0,0.1335,219612.0,YES
V7432,Vendor_222_Inc,Food & Beverage,1,2109,1370,400,669,533,15,3.81,9.0,52.0,0.0614,60083.0,0
V5552,Vendor_924_Co,Food & Beverage,2,1973,801,300,474,39,10,4.5,9.0,6.0,0.2906,486963.0,YES
V5769,TBD,Food & Beverage,26,1676,1469,722,329,950,21,2.09,1.0,70.0,0.0645,89805.0,
V6262,Vendor_231_Ltd,Machinery,19,2949,2019,1263,778,1834,28,4.37,9.0,32.0,0.2905,384196.0,1
V4768,Vendor_995_Co,IT Hardware,30,529,83,15,16,82,8,2.59,3.0,42.0,0.1072,459655.0,NO
V1246,Vendor_374_Co,IT Hardware,1,1736,1012,550,913,733,15,4.06,3.0,27.0,0.0323,78157.0,0
V5172,Vendor_777_Inc,IT Hardware,2,3468,3254,200,1661,2710,7,3.1,10.0,32.0,0.2623,153388.0,1
V2638,Vendor_702_Ltd,Packaging,22,1651,975,491,296,296,9,3.17,2.0,60.0,0.1251,223734.0,0
V5572,Vendor_499_Ltd,Textiles,8,1129,128,12,108,109,15,4.49,1.0,60.0,0.1169,403605.0,0
V1379,Vendor_161_Inc,Chemicals,8,4150,1454,943,606,1054,24,4.21,10.0,38.0,0.1428,154628.0,YES
V9781,Vendor_472_LLC,Textiles,2,3007,178,67,168,79,21,4.65,3.0,32.0,0.1001,344480.0,low
V9230,Vendor_805_Corp,Chemicals,28,2331,597,35,327,316,23,3.72,,64.0,0.0874,198503.0,0
V9237,Vendor_548_LLC,IT Hardware,15,4992,225,16,124,18,29,2.02,2.0,24.0,0.2647,266820.0,1
V5329,Vendor_748_LLC,Packaging,14,1616,1511,370,1054,907,11,3.21,9.0,51.0,0.1242,279646.0,0
V9197,Vendor_410_Co,Packaging,11,2635,53,28,15,39,1,3.09,7.0,66.0,,50242.0,YES
V3044,Vendor_704_Co,IT Hardware,3,624,269,243,71,175,24,2.71,9.0,51.0,0.2459,257736.0,1 
V5163,Vendor_504_Inc,Electronics,17,327,117,85,115,74,8,2.12,8.0,31.0,0.1191,226449.0,0
V9450,Vendor_510_Corp,Office Supplies,13,4062,481,164,331,188,10,2.39,7.0,23.0,0.2172,159511.0,Low
V1447,Vendor_999_Corp,Textiles,27,1681,1610,814,51,1167,17,2.04,2.0,44.0,0.2682,433109.0,YES
V9524,Vendor_256_Co,Machinery,1,2768,653,203,205,136,5,2.05,6.0,52.0,0.1721,57521.0,1
V9908,Vendor_275_Ltd,Packaging,24,515,66,10,26,36,11,2.25,9.0,57.0,0.166,478773.0,1
V9129,Vendor_100_Ltd,Chemicals,1,1822,709,180,122,685,14,2.87,3.0,26.0,0.2789,496587.0,
V5591,Vendor_334_Co,Machinery,24,808,204,192,187,45,13,2.72,5.0,61.0,0.1309,303047.0,0
V3260,Vendor_233_Inc,Automotive,4,3308,1656,846,495,1543,28,3.31,,20.0,,250938.0,NO
V2641,Vendor_842_Corp,Office Supplies,13,554,432,405,410,69,30,2.33,5.0,23.0,0.2755,427255.0,High Risk
V8668,Vendor_576_Inc,IT Hardware,8,1124,558,238,178,80,24,2.98,10.0,40.0,0.0348,321595.0,low
V9863,Vendor_888_Ltd,Raw Materials,2,670,642,436,125,507,14,4.15,10.0,46.0,0.0912,44344.0,high
V7078,Vendor_252_Corp,Food & Beverage,20,2714,1630,831,321,343,16,2.16,7.0,49.0,0.0036,426521.0,high
V4718,Vendor_517_Inc,Office Supplies,18,2498,361,216,56,78,20,2.59,10.0,25.0,0.0684,411019.0,YES
V5578,Vendor_816_LLC,Packaging,15,1147,52,38,7,33,20,4.06,8.0,66.0,,,0
V2516,Vendor_873_Ltd,Electronics,19,2911,811,617,445,44,27,4.97,4.0,19.0,0.2527,390636.0,High
V4864,Vendor_113_Inc,IT Hardware,25,3739,2029,1593,252,1668,16,3.28,9.0,5.0,0.0345,348997.0,
V9768,Vendor_915_Corp,Office Supplies,20,1568,663,520,304,74,11,3.03,10.0,63.0,High,120211.0,NO
V3345,Vendor_570_Corp,Automotive,14,429,95,55,36,94,9,4.67,5.0,47.0,0.0746,256736.0,1
V3060,Vendor_508_LLC,Office Supplies,11,2907,2344,775,2132,959,1,4.02,4.0,71.0,0.261,470984.0,High Risk
V4195,Vendor_831_Ltd,Electronics,25,4069,1882,246,1143,663,21,2.32,5.0,29.0,0.2102,135839.0,0
V8757,Vendor_547_Ltd,IT Hardware,25,4866,2491,1090,1400,1497,23,3.13,6.0,26.0,0.1233,437881.0,1
V4193,Vendor_838_Co,Textiles,11,790,95,91,64,6,2,2.61,1.0,50.0,0.1907,480443.0,high
V1834,Vendor_961_Ltd,Food & Beverage,20,1083,982,144,484,95,26,3.04,8.0,71.0,0.1482,428028.0,0
V8353,Vendor_260_Ltd,Packaging,14,3141,2784,975,169,1533,5,4.41,3.0,,0.0491,237454.0,Low
V5406,Vendor_184_LLC,Electronics ,2,4710,2737,1520,2070,1462,4,3.29,2.0,53.0,0.2946,340527.0,low
V8588,Vendor_515_Inc,IT Hardware,6,1838,1248,355,526,724,21,3.95,3.0,23.0,0.0128,477837.0,high
V9816,Vendor_874_Co,Food & Beverage,3,4078,2615,1603,1687,661,10,2.35,7.0,20.0,0.2856,389745.0,high
V9972,Vendor_267_Inc,Textiles,21,3534,2138,2023,1232,2009,8,2.82,4.0,23.0,0.0974,6278.0,1
V7010,Vendor_745_Corp,Packaging,8,2418,532,532,417,43,16,4.81,7.0,56.0,0.2899,390942.0,0
V9401,Vendor_862_Inc,Packaging,27,3762,2154,1209,483,685,27,2.85,6.0,30.0,0.2111,464174.0,Yes
V4955,Vendor_939_Inc,Electronics,22,4428,437,418,297,300,19,4.52,,8.0,0.2187,484960.0,low
V3358,Vendor_979_Co,Raw Materials,11,2868,958,575,399,541,20,-5.0,8.0,69.0,0.0063,379091.0,low
V3150,Vendor_644_Co,Office Supplies,2,2878,26,4,22,25,16,4.32,5.0,44.0,0.1763,89975.0,
V9729,Vendor_190_Corp,Electronics,20,2527,1215,21,921,903,29,4.22,,71.0,0.0909,403681.0,Low
V1859,Vendor_424_Ltd,Office Supplies,11,4500,1527,780,1052,196,2,3.29,9.0,6.0,0.0582,203644.0,0
V1863,Vendor_544_LLC,Electronics,3,4797,3860,2605,975,1659,15,4.51,10.0,67.0,0.1895,430409.0,NO
V4682,Vendor_630_Corp,IT Hardware,9,2206,42,1,33,20,25,2.48,8.0,51.0,,365935.0,Low Risk
V1489,Vendor_948_LLC,Textiles,26,1174,7,4,7,1,22,3.02,5.0,63.0,0.113,155850.0,1
V7338,Vendor_942_Co,Machinery,3,3405,2501,166,850,787,2,4.63,6.0,57.0,0.0249,239546.0,1
V5088,Vendor_683_Corp,Textiles,6,814,212,65,212,56,16,3.86,9.0,43.0,0.1513,468475.0,High
V4281,Vendor_232_Co,Office Supplies,4,656,557,281,515,37,29,4.2,3.0,63.0,0.1453,,1
V9735,Vendor_757_Co,IT Hardware,28,3917,2963,895,2357,2740,30,2.81,,21.0,0.0311,5181.0,
V5971,Vendor_266_Co,Electronics,24,173,29,15,25,26,27,3.16,10.0,69.0,0.0278,,Low
V5521,Vendor_225_LLC,Office Supplies,28,716,181,141,26,97,23,4.7,10.0,51.0,,470522.0,YES
V4682,Vendor_449_Inc,Machinery,26,2171,392,194,51,159,23,2.91,2.0,N/A,0.1717,441732.0,High
V3127,Vendor_425_LLC,IT Hardware,8,2764,379,220,257,191,11,4.98,2.0,3.0,0.136,452590.0,1
V3554,Vendor_371_Ltd,IT Hardware,12,1810,249,77,140,23,29,4.47,1.0,42.0,0.2013,10380.0,NO
V2942,Vendor_394_Inc,Food & Beverage,15,2585,407,177,145,84,8,4.66,5.0,34.0,0.2966,396034.0,1
V1836,Vendor_272_Ltd,Machinery,5,1603,841,280,278,508,16,3.19,8.0,55.0,0.2655,402193.0,Low
V2373,Vendor_302_Corp,Electronics,9,3673,442,357,368,155,14,4.77,6.0,19.0,0.1495,30035.0,NO
V4022,Vendor_205_Inc,Packaging,5,4443,868,737,173,739,22,3.38,4.0,54.0,0.0315,302436.0,Low
V1680,Vendor_331_Corp,Raw Materials,30,1932,946,78,307,375,18,2.09,3.0,49.0,0.2037,331982.0,Low Risk
V9216,Vendor_837_Corp,Raw Materials,12,73,60,26,10,12,28,4.38,3.0,18.0,0.0688,290519.0,0
V2922,Vendor_476_Corp,Automotive,19,2591,2441,1146,1527,1723,11,4.98,5.0,49.0,0.2104,415068.0,YES
V7624,Vendor_872_Ltd,IT Hardware,30,4462,36,25,27,11,10,2.04,10.0,5.0,0.1377,245708.0,NO
V5764,Vendor_150_Corp,Chemicals,28,3656,3270,3111,398,1725,17,4.72,10.0,47.0,0.2467,139205.0,1
V3604,Vendor_938_Ltd,IT Hardware,29,863,350,67,52,297,8,3.26,10.0,64.0,0.0118,100711.0,Low Risk
V7148,Vendor_651_Inc,Machinery,27,1152,379,5,99,133,28,3.57,10.0,44.0,0.0755,235364.0,NO
V2412,Vendor_167_Inc,Textiles,23,4548,3022,1914,2259,531,24,3.44,7.0,53.0,0.247,39666.0,
V1440,Vendor_844_Ltd,Machinery,15,1646,1212,1117,368,1126,26,2.87,2.0,53.0,0.2019,73969.0,YES
V6985,Vendor_120_Inc,Chemicals,29,3717,2418,450,668,617,13,2.07,5.0,39.0,0.0411,228706.0,0
V3642,Vendor_739_LLC,Chemicals,26,1468,1380,588,586,616,27,2.97,7.0,21.0,0.2997,218839.0,YES
V1726,Vendor_904_Corp,IT Hardware,11,1724,1070,155,62,517,13,4.34,10.0,39.0,0.2419,373840.0,Low
V7949,Vendor_302_Ltd,Office Supplies,11,1973,871,39,316,50,30,4.8,2.0,12.0,0.2918,91969.0,Low
V8950,Vendor_510_Ltd,Chemicals,16,603,415,72,392,371,17,4.14,5.0,67.0,0.1303,336979.0,Low
V9660,Vendor_227_Co,Automotive,24,394,62,55,25,16,1,2.78,5.0,23.0,,,low
V5782,Vendor_686_LLC,Food & Beverage,6,3500,1338,372,256,1069,8,3.85,7.0,,0.2333,135351.0,High
V8235,Vendor_251_Corp,Raw Materials,2,2061,1160,559,828,884,18,2.41,1.0,18.0,0.2119,283630.0,1
V8791,Vendor_545_LLC,Packaging,27,4518,474,405,319,37,12,3.02,10.0,34.0,,221547.0,low
V8369,Vendor_709_Corp,Automotive,22,517,425,283,295,147,10,4.56,6.0,69.0,0.1949,243511.0,1
V7572,Vendor_837_Corp,Textiles,25,1462,1201,329,861,381,9,3.86,8.0,66.0,0.2019,322726.0,high
V3285,Vendor_664_Inc,Raw Materials,18,2423,357,81,317,48,4,4.06,2.0,23.0,0.2359,172633.0,Low
V3701,Vendor_445_Co,Machinery,8,3971,47,27,27,26,22,3.77,4.0,6.0,0.0744,232138.0,NO
V5468,Vendor_465_Inc,Textiles,12,1183,816,194,298,725,27,3.66,5.0,64.0,0.1253,72350.0,NO
V2164,Vendor_472_Inc,Raw Materials,24,2128,1438,859,928,989,15,99.0,7.0,50.0,0.0021,166491.0,high
V5215,Vendor_284_Corp,IT Hardware,30,3073,1649,1203,784,722,30,2.98,3.0,21.0,0.1349,466591.0,Low
V5403,Vendor_190_Ltd,Food & Beverage,20,1133,191,2,31,179,1,3.5,6.0,48.0,,389984.0,0
V7859,Vendor_703_Ltd,Raw Materials,7,4402,985,876,13,952,18,4.45,4.0,37.0,0.0675,412045.0,low
V6006,Vendor_109_LLC,Machinery,28,3502,2507,1579,2286,1930,1,2.76,5.0,33.0,0.0193,10888.0,high
V5054,Vendor_996_LLC,Food & Beverage,7,451,397,199,92,1,2,4.95,4.0,33.0,0.2322,,high
V5344,Vendor_142_Corp,Machinery,16,2901,668,138,43,576,28,99.0,8.0,64.0,0.109,292331.0,Low
V3591,Vendor_175_Co,Office Supplies,1,500,115,57,80,22,8,2.47,4.0,63.0,0.0204,465298.0,High
V1229,Vendor_133_Co,Automotive,19,2149,774,620,266,147,5,2.98,9.0,42.0,0.1452,415589.0,1
V5289,Vendor_180_Inc,Raw Materials,7,1741,592,64,46,225,25,2.21,2.0,15.0,0.2832,449211.0,High Risk
V3663,Vendor_706_Ltd,IT Hardware,30,4077,358,245,226,193,3,4.96,4.0,27.0,0.2441,72592.0,Low Risk
V8054,Vendor_457_Corp,Office Supplies,30,1819,1737,1695,302,155,22,2.82,4.0,68.0,0.1717,182689.0,High
V2884,Vendor_695_Corp,Office Supplies,9,219,113,84,1,33,27,2.36,2.0,64.0,0.1343,72661.0,1
V5671,Vendor_984_Corp,Electronics,25,102,70,37,19,0,22,4.51,10.0,39.0,0.0514,187006.0,Low Risk
V7876,Vendor_844_LLC,Chemicals,20,3235,576,159,345,158,16,2.26,6.0,10.0,0.0597,398757.0,Low
V8999,Vendor_313_Ltd,Electronics,8,1064,425,27,13,378,29,3.52,8.0,64.0,0.0872,227767.0,High
V9681,Vendor_697_LLC,Textiles,28,2668,314,152,202,177,26,3.86,7.0,31.0,0.0226,251464.0,low
V3099,Vendor_690_Ltd,Packaging,5,2717,554,106,444,181,6,2.31,2.0,68.0,0.2171,164803.0,NO
V7900,Vendor_602_Co,IT Hardware,15,4871,1839,1273,708,1494,4,2.9,1.0,30.0,0.24,277321.0,high
V6118,Vendor_372_Co,Electronics,9,4618,151,127,101,66,8,4.35,5.0,52.0,0.2153,-10000.0,YES
V1167,Vendor_916_Co,Textiles,30,3040,2673,1064,1656,1627,9,4.8,5.0,62.0,0.2916,396455.0,Low
V3374,Vendor_661_Inc,Raw Materials,6,3025,271,172,150,244,19,4.74,9.0,47.0,0.0998,400815.0,YES
V9154,Vendor_547_Ltd,IT Hardware,12,4171,2899,2225,1754,1276,29,3.99,8.0,63.0,0.2169,169588.0,1
V3893,Vendor_492_Co,Office Supplies,18,2975,1179,359,582,510,11,3.03,8.0,35.0,0.0613,431541.0,0
V7841,Vendor_592_Co,Chemicals,19,27,3,2,0,0,15,4.7,7.0,61.0,0.2503,438090.0,Low Risk
V6746,Vendor_869_Inc,Raw Materials,19,4565,3787,1098,3352,85,3,3.75,10.0,39.0,0.2153,367093.0,Low Risk
V2008,Vendor_789_Inc,Electronics,10,1109,953,624,851,713,22,3.92,5.0,31.0,0.0614,114316.0,1
V8032,Vendor_160_LLC,Textiles,23,1830,712,667,48,305,14,3.36,6.0,22.0,0.1361,88138.0,High Risk
V8238,Vendor_925_Co,IT Hardware,4,216,79,44,12,21,30,4.67,7.0,59.0,0.0279,40366.0,1
V6720,Vendor_660_LLC,Packaging,17,3280,1385,1300,1199,982,14,3.47,3.0,64.0,0.2644,434805.0,NO
V3908,Vendor_611_Co,Machinery,29,751,41,39,21,39,23,4.21,4.0,23.0,0.1601,328374.0,NO
V8927,Vendor_189_Ltd,Chemicals,3,3345,285,285,218,236,17,2.37,7.0,7.0,0.0767,348063.0,YES
V5060,Vendor_316_Ltd,Food & Beverage,25,1672,526,491,468,367,18,2.69,,71.0,0.255,179872.0,High
V2933,Vendor_945_Inc,IT Hardware,11,4437,16,15,3,0,11,3.84,10.0,71.0,0.23,172099.0,Low Risk
V8721,Vendor_559_Inc,Packaging,13,4609,3752,2566,1266,2982,14,3.93,9.0,14.0,0.0902,454880.0,1
V9933,Vendor_341_Inc,,23,2068,537,157,95,513,30,3.62,2.0,24.0,0.2208,4892.0,High
V8645,Vendor_476_Co,Office Supplies,14,1819,193,66,22,60,4,4.96,,55.0,0.0788,32503.0,High
V2143,Vendor_298_Inc,Food & Beverage,15,2935,525,240,102,291,11,3.85,5.0,20.0,0.1697,192099.0,
V3306,Vendor_909_Ltd,Office Supplies,4,2873,678,74,534,607,21,Unknown,3.0,27.0,0.0284,442448.0,Low Risk
V8865,Vendor_355_LLC,IT Hardware,25,2960,2805,2004,1014,2029,21,4.73,8.0,13.0,0.0839,,Low Risk
V6648,Vendor_838_Co,Food & Beverage,12,245,79,64,59,28,9,2.68,5.0,42.0,0.0705,201122.0,High
V9158,Vendor_466_Corp,IT Hardware,11,2103,373,8,277,25,2,3.97,,42.0,0.0817,196248.0,1
V7612,Vendor_467_Inc,Food & Beverage,10,1232,490,33,25,90,16,2.79,5.0,26.0,0.1187,258163.0,1
V4554,Vendor_290_LLC,Raw Materials,27,2319,1010,636,74,31,17,3.29,7.0,60.0,0.257,335049.0,0
V7040,Vendor_210_Co,Automotive,30,3921,2824,53,243,637,6,3.67,7.0,6.0,0.0502,-1000.0,1
V4068,Vendor_283_Ltd,Automotive,22,4724,1374,1019,587,788,20,3.43,4.0,12.0,0.023,463302.0,Low
V8191,Vendor_609_Inc,Office Supplies,23,1232,448,436,67,66,29,2.31,6.0,,0.0124,408291.0,
V7978,Vendor_437_Co,Raw Materials,8,4853,305,237,302,277,4,2.32,8.0,3.0,0.2929,348886.0,High Risk
V7849,Vendor_260_Corp,Raw Materials,6,3339,252,184,204,176,15,3.09,1.0,41.0,0.286,241029.0,High Risk
V7789,Vendor_338_LLC,Office Supplies,19,1665,1538,1426,1274,1312,20,4.89,10.0,34.0,0.2964,333634.0,Low
V7626,Vendor_596_Co,Chemicals,5,2291,1118,819,729,974,25,3.36,2.0,33.0,0.1468,122017.0,YES
V9370,Vendor_516_Ltd,Electronics,19,4252,1500,297,436,686,28,2.49,8.0,57.0,0.2367,121579.0,High
V7264,Vendor_745_Co,Office Supplies,15,2778,2216,2086,1520,1924,4,3.66,6.0,33.0,0.0925,27152.0,1
V9545,Vendor_470_LLC,Automotive,11,3836,1703,396,628,1280,22,4.87,10.0,41.0,0.2605,4749.0,1
V3023,Vendor_715_Inc,Raw Materials,19,4118,3687,670,1616,1030,15,4.13,4.0,56.0,0.197,492881.0,low
V8789,Vendor_920_Ltd,Raw Materials,22,3085,1621,470,155,1288,5,99.0,9.0,7.0,0.0891,150035.0,0
V5749,Vendor_870_Inc,Chemicals,6,3115,2753,471,2064,2644,3,3.64,3.0,70.0,0.143,258498.0,High Risk
V7120,Vendor_478_Ltd,Food & Beverage,15,333,78,4,24,14,28,4.4,3.0,15.0,0.2952,216423.0,1
V5836,Vendor_913_Co,Packaging,4,1834,973,66,215,38,2,2.87,1.0,68.0,0.2672,204155.0,0
V2205,Vendor_404_Corp,Electronics,28,4085,3999,1872,3051,3966,22,2.85,7.0,33.0,0.0158,261689.0,Low Risk
V2255,Vendor_750_Inc,Office Supplies,5,1380,102,40,1,86,8,3.27,2.0,49.0,0.2707,453203.0,1
V8808,Vendor_319_Corp,Raw Materials,3,2103,195,20,192,144,25,2.51,3.0,60.0,0.0507,60532.0,high
V7050,Vendor_765_Inc,Packaging,6,634,299,262,251,104,5,,3.0,57.0,0.0923,191916.0,1
V7842,Vendor_372_LLC,Chemicals,20,4881,3479,2622,3155,1914,23,4.21,5.0,63.0,0.1239,45422.0,
V2707,Vendor_273_Ltd,Office Supplies,12,503,285,91,47,178,5,3.04,5.0,54.0,0.1479,376848.0,1
V8406,Vendor_865_Co,Automotive,2,354,106,39,70,34,28,4.42,5.0,59.0,0.0525,375584.0,High
V8913,Vendor_430_Ltd,Food & Beverage,14,1745,1635,1350,1188,832,23,3.11,5.0,72.0,0.1192,236872.0,High Risk
V4569,Vendor_351_Ltd,Machinery,14,1504,76,8,22,22,14,3.13,5.0,67.0,0.287,452080.0,High
V8542,Vendor_436_Inc,Packaging,4,4009,235,91,1,157,1,3.05,3.0,52.0,0.1064,54130.0,high
V9870,Vendor_182_Corp,Chem,20,4171,785,281,336,269,4,3.42,3.0,66.0,0.0839,,High Risk
V3623,Vendor_952_Ltd,Electronics,25,1278,447,436,302,31,19,4.75,5.0,67.0,0.2727,374384.0,NO
V3203,Vendor_801_Co,Chemicals,3,1823,1474,577,4,684,19,2.33,5.0,43.0,0.2814,423749.0,Low Risk
V3933,Vendor_977_Ltd,Textiles,10,2739,625,215,230,53,27,3.98,3.0,3.0,0.1644,177900.0,high
V2175,Vendor_755_Corp,Chemicals,23,2302,1064,383,470,382,7,2.51,4.0,3.0,0.2914,107079.0,Low
V8933,Vendor_901_Corp,Packaging,9,1379,890,282,431,306,8,4.16,8.0,26.0,0.1374,72035.0,High
V4371,Vendor_519_Inc,Machinery,23,4675,3521,769,3501,348,22,3.74,7.0,24.0,0.2906,335741.0,Low Risk
V6064,Vendor_396_Ltd,Packaging,2,3761,2721,2170,204,2456,5,2.58,4.0,8.0,0.1938,15495.0,
V9082,Vendor_634_Inc,IT Hardware,1,2553,2503,2197,862,1691,8,2.4,,58.0,0.1327,296431.0,NO
V2320,Vendor_664_Ltd,Office Supplies,9,4629,289,177,36,213,24,2.13,1.0,64.0,0.1523,341963.0,Low
V3509,Vendor_341_LLC,Raw Materials,4,2038,1720,131,51,1100,4,4.64,1.0,67.0,0.2964,404418.0,High
V1467,Vendor_450_Corp,Raw Materials,29,3676,2415,1653,130,1877,18,3.6,3.0,27.0,0.2921,178373.0,Low Risk
V9123,Vendor_980_Corp,Automotive,2,2981,1803,1585,445,836,25,2.26,9.0,50.0,0.0005,352918.0,low
V9478,Vendor_470_Ltd,Chemicals,7,1831,1628,786,461,1353,8,3.82,,41.0,0.2621,11188.0,NO
V5871,Vendor_597_Inc,Packaging,7,2315,110,102,42,88,6,2.88,2.0,26.0,0.1263,438296.0,Low Risk
V4937,Vendor_291_Inc,Food & Beverage,3,3728,1571,1122,232,64,15,2.66,6.0,52.0,0.0973,221980.0,0
V4082,Vendor_919_Co,Automotive,8,1055,340,82,163,166,28,2.2,6.0,2.0,0.2851,246906.0,
V1744,Vendor_325_Ltd,IT Hardware,2,4868,3986,2158,2732,1263,1,2.61,4.0,18.0,0.2292,152753.0,Low
V1873,Vendor_899_Corp,Raw Materials,26,227,75,62,63,73,21,2.57,9.0,47.0,0.1729,353312.0,High Risk
V6931,Vendor_501_LLC,Packaging,23,2918,416,383,276,197,26,2.42,5.0,54.0,0.2282,117657.0,1
V3059,Vendor_128_Co,Electronics,2,4481,1866,569,1602,985,22,2.47,3.0,21.0,0.0878,191298.0,1
V9213,Vendor_434_Corp,Machinery,9,4766,1567,1502,1481,846,20,3.61,8.0,26.0,0.0817,69957.0,YES
V1529,Vendor_758_Corp,IT Hardware,28,1713,121,79,75,7,9,4.22,7.0,48.0,0.1195,381618.0,High Risk
V8178,Vendor_335_Ltd,Packaging,18,110,40,18,22,7,12,2.85,6.0,9.0,0.1715,146358.0,High
V1217,Vendor_275_Ltd,Food & Beverage,23,4387,146,1,101,29,13,4.61,10.0,63.0,0.0908,427315.0,Low Risk
V6971,Vendor_651_LLC,Food & Beverage,15,3121,2461,1282,1474,2408,24,2.18,7.0,17.0,0.2659,219029.0,Low Risk
V9398,Vendor_974_Ltd,Textiles,23,304,138,96,85,93,11,2.4,6.0,34.0,0.1657,257287.0,High
V6608,Vendor_807_Corp,Food & Beverage,6,4383,375,282,176,371,21,3.77,9.0,71.0,0.2134,289524.0,1
V5714,Vendor_285_Corp,Machinery,22,848,281,280,230,38,11,3.37,8.0,58.0,0.1868,64022.0,0
V1587,Vendor_192_Ltd,Electronics,4,1731,1250,694,674,916,14,2.26,10.0,TBD,0.2468,156790.0,0
V9860,Vendor_550_Ltd,Office Supplies,20,4874,1266,891,1007,623,14,3.04,8.0,37.0,0.202,142044.0,
V7380,Vendor_154_Corp,Electronics,22,458,168,6,159,44,3,4.35,,8.0,,172286.0,
V3688,Vendor_954_Ltd,Automotive,4,3383,3143,1813,2954,867,8,3.25,6.0,29.0,0.1197,25845.0,low
V5616,Vendor_829_Inc,Automotive,24,4801,2811,1578,1614,2186,24,TBD,4.0,63.0,0.0747,99370.0,Yes
V1358,Vendor_498_Inc,Raw Materials,22,943,433,320,201,157,30,4.64,4.0,54.0,0.2926,325559.0,high risk
V4507,Vendor_785_Corp,Electronics,26,1963,62,10,49,21,16,4.92,4.0,19.0,0.0854,287626.0,YES
V6176,Vendor_347_Co,Machinery,8,1550,786,88,758,70,13,3.17,5.0,37.0,0.1771,,low
V8679,Vendor_250_Ltd,Raw Materials,25,2010,156,33,130,11,25,4.76,9.0,32.0,0.1064,490559.0,0
V5743,Vendor_204_LLC,Electronics,23,729,525,25,367,94,30,4.47,8.0,34.0,,22870.0,High
V4637,Vendor_749_Ltd,Machinery,9,90,85,68,10,40,2,2.36,4.0,30.0,0.2559,243488.0,High
V5858,Vendor_755_Corp,Packaging,4,4061,3359,2435,1492,2530,6,3.88,,29.0,0.0733,386742.0,0
V4641,Vendor_888_Ltd,IT Hardware,30,273,101,58,10,7,21,3.02,8.0,11.0,0.1979,,High Risk
V3908,Vendor_638_Corp,Packaging,12,3006,2979,1378,2677,2192,12,3.43,3.0,,0.2593,332690.0,0
V5594,Vendor_807_Inc,Food & Beverage,6,4730,1485,1399,951,505,22,3.73,3.0,52.0,0.1295,464563.0,
V4305,Vendor_608_Corp,Automotive,7,1375,1259,613,744,892,10,2.8,5.0,52.0,0.2414,328455.0,NO
V3082,Vendor_437_Inc,Automotive,18,1793,1259,1142,362,216,16,4.88,5.0,6.0,0.27,185214.0,0
V4221,Vendor_799_Corp,Automotive,29,2198,809,195,238,779,26,3.54,9.0,36.0,0.1101,333722.0,
V6101,Vendor_761_Co,Office Supplies,9,725,569,119,37,30,13,2.11,2.0,20.0,0.1626,189098.0,High
V4130,Vendor_114_Corp,Food & Beverage,1,1067,460,93,379,357,18,3.26,2.0,72.0,0.1307,427449.0,High
V4570,Vendor_692_Corp,Electronics,14,2534,89,50,32,0,12,4.1,9.0,8.0,0.2804,37185.0,low
V8103,Vendor_435_Inc,Packaging,2,1996,982,675,675,817,25,2.86,5.0,51.0,0.2292,91600.0,0
V8885,Vendor_810_Ltd,IT Hardware,26,3164,1444,653,1012,868,21,3.0,4.0,50.0,0.1256,261624.0,High Risk
V2263,Vendor_518_Corp,IT Hardware,13,902,785,336,358,408,10,4.02,6.0,57.0,0.1534,,high
V4338,Vendor_274_Co,Packaging,6,1827,1361,106,24,313,4,2.42,1.0,6.0,0.1168,73326.0,0
V1405,Vendor_879_LLC,Textiles,24,3385,1937,1176,1659,600,-1,,5.0,3.0,0.0199,115257.0,0
V5367,Vendor_505_LLC,Chemicals,27,3658,250,171,64,147,12,,1.0,57.0,0.2569,463596.0,0
V5135,Vendor_934_Inc,Chemicals,26,1229,493,98,317,269,13,2.24,7.0,59.0,0.1695,366552.0,1
V9112,Vendor_360_Co,IT Hardware,25,3943,2896,1965,126,564,23,2.52,3.0,32.0,0.2309,414715.0,1
V8027,Vendor_438_Co,Raw Materials,6,670,634,383,503,581,21,2.73,5.0,,,340877.0,
V7280,Vendor_690_LLC,IT Hardware,6,4876,2548,1831,1944,229,17,3.02,3.0,7.0,0.0451,490533.0,Low
V1643,Vendor_284_LLC,Food & Beverage,17,4691,82,28,27,20,28,3.29,1.0,15.0,0.0875,393879.0,1
V2615,Vendor_483_Corp,Raw Materials,17,3348,1043,3,782,561,5,2.54,5.0,15.0,0.0673,374345.0,0
V1908,TBD,Automotive,4,472,228,130,118,222,3,Unknown,6.0,,0.2621,361619.0,NO
V2818,Vendor_378_Corp,Packaging,26,3658,1955,985,1877,1689,15,-5.0,8.0,8.0,0.0404,192464.0,NO
V3826,Vendor_906_Co,Textiles,19,245,205,26,180,79,19,3.59,6.0,60.0,0.1905,,1
V7659,Vendor_123_Corp,Textiles,9,1212,689,80,674,397,6,4.03,3.0,58.0,0.0655,69711.0,
V8686,Vendor_620_Corp,Packaging,22,3436,1113,128,380,1017,15,4.12,,23.0,0.0187,457511.0,High Risk
V7039,Vendor_650_Corp,IT Hardware,1,3841,708,177,50,528,22,2.32,2.0,60.0,0.2523,348224.0,High Risk
V4993,Vendor_496_Ltd,Office Supplies,2,65,25,20,24,12,12,3.35,1.0,35.0,0.0501,287324.0,
V1137,Vendor_606_Ltd,Office Supplies,29,336,319,55,96,104,13,4.2,10.0,19.0,0.1516,183589.0,0
V3603,Vendor_123_LLC,Chemicals,26,927,244,184,52,200,9,3.78,7.0,4.0,0.2874,41167.0,High
V4605,Vendor_584_Inc,Food & Beverage,30,3886,1294,446,596,428,25,3.87,10.0,36.0,0.225,451751.0,Low
V5901,Vendor_441_LLC,Electronics,9,1585,1442,1302,536,1259,12,4.33,5.0,19.0,0.1968,32119.0,Low
V6008,Vendor_241_Corp,Chemicals,5,1261,695,446,485,249,28,3.16,8.0,37.0,0.2118,347709.0,low
V5333,Vendor_111_Co,IT Hardware,14,40,11,9,3,9,12,3.25,9.0,46.0,0.1895,144983.0,NO
V7893,Vendor_741_Inc,Machinery,7,2844,2721,1291,1853,1172,8,2.17,,28.0,0.2701,24119.0,YES
V9734,Vendor_655_Inc,Machinery,14,1197,1115,733,25,412,16,4.69,2.0,59.0,0.1169,111535.0,High
V4163,Vendor_134_Corp,IT Hardware,3,3663,1439,449,580,515,2,4.82,4.0,16.0,0.2124,63902.0,1
V3990,Vendor_775_Inc,Automotive,13,4440,4103,1914,2244,145,6,3.23,,4.0,0.1548,200421.0,Low Risk
V9898,Vendor_339_Co,Chemicals,24,3476,2222,1623,286,422,20,3.5,6.0,19.0,0.2222,355498.0,1
V3352,Vendor_734_LLC,Textiles,25,154,88,48,63,27,19,4.51,8.0,2.0,0.25,132693.0,YES
V8074,Vendor_725_Inc,Packaging,9,346,49,34,40,22,9,4.41,5.0,51.0,0.1383,,NO
V1839,Vendor_792_Ltd,Electronics,27,561,93,4,73,0,4,3.49,6.0,4.0,0.218,7197.0,Low
V6482,Vendor_167_Inc,Raw Materials,18,4907,428,404,323,331,22,3.16,5.0,20.0,TBD,306523.0,YES
V1099,Vendor_917_LLC,Automotive,14,834,383,243,303,44,3,4.1,3.0,35.0,0.2252,116624.0,high
V1408,TBD,Raw Materials,22,3453,1501,276,1435,1448,29,4.69,4.0,2.0,,40444.0,NO
V2033,Vendor_945_LLC,Machinery ,19,2416,680,677,591,289,15,3.86,10.0,5.0,0.2186,120678.0,
V2528,Vendor_636_Inc,Chemicals,9,2185,630,62,585,271,14,4.14,3.0,,,428277.0,0
V2231,Vendor_365_Ltd,Textiles,14,3397,1529,1459,913,844,12,4.08,8.0,16.0,High,15688.0,0
V2917,Vendor_750_Ltd,Automotive,2,2224,326,286,20,244,19,3.67,7.0,48.0,0.173,185653.0,High
V7122,Vendor_336_LLC,Machinery,18,1299,1236,573,314,178,11,4.56,3.0,57.0,0.2057,193927.0,High Risk
V3534,Vendor_120_Corp,Automotive,9,2702,1785,1723,1260,636,9,4.39,8.0,51.0,0.2889,-1000.0,high
V4095,Vendor_713_Corp,Office Supplies,6,3517,2036,384,1480,467,24,4.41,5.0,49.0,0.2293,249955.0,1
V7037,Vendor_145_LLC,Textiles,9,532,242,163,79,10,22,2.23,9.0,57.0,0.2476,427896.0,1
V3440,Vendor_545_LLC,Chemicals,15,2037,1621,309,1128,1269,11,2.72,7.0,53.0,0.2404,294752.0,YES
V3880,Vendor_532_Co,Packaging,29,3770,2184,701,1399,362,22,2.28,6.0,7.0,0.0843,430571.0,
V7521,Vendor_652_LLC,IT Hardware,21,3370,2230,576,602,133,19,4.71,5.0,44.0,0.2317,361578.0,0
V8861,Vendor_838_Corp,Raw Materials,17,3548,1838,1166,106,1029,16,2.49,1.0,4.0,0.0339,394279.0,1
V3427,Vendor_539_Corp,Chemicals,1,41,16,3,13,9,18,3.98,10.0,60.0,0.1073,125713.0,high
V9979,Vendor_985_Corp,IT Hardware,5,2438,2239,671,2117,1983,3,4.56,5.0,61.0,0.2915,134895.0,Low Risk
V2620,Vendor_333_Inc,Chemicals,22,3323,2312,2260,294,1174,16,3.16,1.0,33.0,0.2452,107637.0,NO
V7733,Vendor_485_Corp,IT Hardware,26,1443,1387,781,1342,824,12,2.38,1.0,19.0,0.252,346115.0,high
V9316,Vendor_853_Inc,Office Supplies,30,3452,2161,1172,2133,52,27,2.46,3.0,39.0,0.1542,154621.0,YES
V9584,Vendor_552_Co,Textiles,27,2010,1837,54,1350,1197,5,4.11,10.0,17.0,0.2794,83788.0,
V7452,Vendor_942_Inc,Automotive,6,3149,1020,615,491,243,22,4.9,4.0,64.0,0.19,477783.0,
V5589,Vendor_664_Co,Raw Materials,5,1683,810,712,305,257,10,3.35,6.0,32.0,0.0101,73317.0,0
V1422,Vendor_453_Inc,Electronics,25,2441,866,722,232,851,24,,7.0,48.0,0.03,269052.0,0
V5068,Vendor_948_Inc,Textiles,28,1755,1263,958,1055,1063,24,3.14,,7.0,0.2368,402000.0,1
V5439,Vendor_484_Ltd,Automotive,11,3005,1722,1006,974,1252,7,4.49,5.0,15.0,0.2903,154898.0,High Risk
V6916,Vendor_414_Co,Food & Beverage,10,2700,2635,71,1128,2145,28,2.63,1.0,4.0,High,85914.0,NO
V3448,Vendor_367_Ltd,IT Hardware,7,3159,2442,1454,947,1499,25,4.06,1.0,34.0,0.2279,97335.0,Low
V2967,Vendor_622_Corp,IT Hardware,2,469,219,76,62,206,8,4.34,4.0,61.0,0.2011,350273.0,SAFE
V2695,Vendor_247_Inc,Electronics,5,2329,2242,1968,629,51,12,4.87,5.0,44.0,0.0964,346078.0,0
V8734,Vendor_379_Ltd,Food & Beverage,20,4575,3710,1897,1696,585,7,4.74,8.0,19.0,0.0354,402577.0,NO
V9692,Vendor_324_Inc,Packaging,26,601,567,188,300,198,9,2.4,2.0,55.0,0.084,218728.0,High Risk
V8330,Vendor_315_Co,Textiles,18,4286,1225,707,1050,251,4,4.73,7.0,45.0,0.0542,75475.0,1
V1325,Vendor_130_Corp,Machinery,7,3206,1847,1099,0,1378,2,2.57,10.0,2.0,0.0534,253011.0,Low
V5241,Vendor_976_LLC,IT Hardware,22,79,28,10,13,4,25,2.98,8.0,,0.231,302171.0,Low
V9647,Vendor_331_LLC,Textiles,13,1738,68,1,58,39,4,4.09,3.0,49.0,0.1117,199586.0,YES
V1180,Vendor_286_Inc,Electronics,21,1606,936,614,123,543,28,2.39,3.0,55.0,0.1187,75047.0,High Risk
V4130,Vendor_481_LLC,Automotive,10,4766,3896,3196,2903,1454,19,4.6,2.0,23.0,0.2309,440647.0,NO
V2146,Vendor_651_Corp,Machinery,9,4807,2330,1160,1323,1895,4,2.18,10.0,4.0,0.1308,472280.0,high
V7753,Vendor_888_Corp,Office Supplies,25,600,180,137,170,125,24,3.51,7.0,14.0,0.0478,438535.0,NO
V3765,Vendor_906_Co,Office Supplies,19,1990,1643,1210,1436,97,15,3.3,3.0,23.0,0.2323,260696.0,
V3497,Vendor_763_Corp,IT Hardware,2,4141,2823,70,1539,1808,3,2.25,2.0,26.0,0.213,241183.0,High
V4427,Vendor_304_LLC,Packaging,16,2138,1611,766,1060,1213,3,3.34,7.0,71.0,0.2348,189819.0,1
V8173,Vendor_631_Ltd,Automotive,28,2673,131,129,121,107,20,3.05,6.0,42.0,0.101,256892.0,0
V5731,Vendor_850_Corp,Automotive,21,869,703,271,414,583,25,4.81,2.0,18.0,0.0982,209630.0,low
V8902,Vendor_992_Ltd,Office Supplies,28,3613,507,410,262,293,3,4.28,8.0,38.0,0.2183,497212.0,
V2793,Vendor_372_LLC,Electronics ,7,1120,805,161,779,383,26,3.71,6.0,41.0,0.1222,441638.0,1
V4779,Vendor_742_LLC,Textiles,24,818,268,64,84,209,24,2.38,,34.0,,477314.0,low
V8906,Vendor_159_Ltd,Packaging,20,1197,232,169,164,42,8,2.84,1.0,34.0,0.015,390455.0,YES
V2742,Vendor_540_Ltd,Packaging,27,307,290,42,3,24,22,3.78,6.0,40.0,0.1019,164044.0,NO
V2148,Vendor_391_LLC,Textiles,10,3980,1624,846,92,559,7,2.17,10.0,61.0,0.0139,,1
V5076,Vendor_504_LLC,Automotive,22,3853,1496,367,668,768,1,4.92,,9.0,0.0057,99254.0,1
V3779,Vendor_301_Corp,Packaging,2,1027,428,97,150,50,22,,4.0,61.0,0.2518,255402.0,low
V9707,Vendor_991_Ltd,Chemicals,14,4634,438,390,29,336,16,3.07,9.0,5.0,0.1376,149862.0,0
V7139,Vendor_383_LLC,Automotive,21,734,45,42,42,31,15,4.07,10.0,65.0,0.1969,260842.0,High Risk
V7410,Vendor_633_Co,Raw Materials,12,749,363,348,26,216,12,4.23,2.0,42.0,0.1094,219040.0,YES
V8183,Vendor_395_LLC,Chemicals,28,4115,2361,399,2208,418,5,2.73,10.0,40.0,,469501.0,Low
V8066,Vendor_599_Co,Textiles,24,1675,517,153,265,147,3,4.47,9.0,36.0,0.0028,158409.0,High Risk
V1967,Vendor_374_Corp,Raw Materials,29,4372,1504,1406,1397,1475,27,3.64,8.0,36.0,0.2815,268232.0,0
V3835,Vendor_696_Corp,Food & Beverage,30,4352,4022,665,1497,1094,9,2.71,9.0,17.0,0.2386,167186.0,YES
V5628,Vendor_807_Corp,Office Supplies,14,4646,1956,571,957,1581,16,3.69,7.0,44.0,0.1346,235229.0,1
V5720,Vendor_579_Corp,Office Supplies,30,2775,1312,634,1141,218,13,3.22,2.0,44.0,0.2674,130532.0,Low Risk
V1847,Vendor_943_Ltd,IT Hardware,29,969,432,145,5,354,23,3.16,9.0,9.0,0.0873,235832.0,high
V2787,Vendor_748_Corp,Electronics,6,1836,218,29,8,57,29,3.17,10.0,26.0,0.0944,243771.0,0
V5405,Vendor_187_Corp,Automotive,28,2943,423,145,39,340,8,3.24,9.0,70.0,0.2169,46485.0,1
V3458,Vendor_490_Corp,Raw Materials,30,1770,775,596,33,672,8,3.7,10.0,71.0,0.2202,283574.0,NO
V7189,Vendor_975_Corp,Packaging,22,4145,1183,197,96,899,25,3.73,6.0,N/A,0.1606,333170.0,low risk
V1214,Vendor_683_Ltd,Raw Materials,5,2665,2584,681,415,2236,10,4.77,3.0,8.0,0.2858,289021.0,NO
V2701,Vendor_322_Corp,Raw Materials,22,4286,609,504,190,504,11,4.23,3.0,42.0,0.015,153871.0,
V3475,Vendor_114_Corp,Machinery,22,1045,845,751,3,201,19,2.06,10.0,15.0,0.1003,72530.0,Low
V9121,Vendor_585_Ltd,Packaging,7,4304,2353,447,99,1580,29,2.42,9.0,51.0,0.0575,336466.0,low
V3504,Vendor_648_Corp,Machinery,17,4691,1615,1377,412,1492,22,4.72,5.0,4.0,0.2521,295096.0,1
V6052,Vendor_169_LLC,Raw Materials,28,4818,537,192,536,330,23,3.38,5.0,33.0,0.1612,338709.0,Low
V2886,Vendor_248_Ltd,Electronics,21,4871,4094,380,2493,3962,5,4.2,2.0,27.0,0.0472,455416.0,YES
V1168,Vendor_259_Co,Electronics,4,4587,808,805,514,603,17,4.26,2.0,69.0,0.0252,488222.0,High
V2665,Vendor_212_LLC,Raw Materials,2,4994,2550,624,2076,1014,11,3.77,1.0,11.0,,137833.0,YES
V6148,Vendor_980_Co,Textiles,1,496,18,11,5,9,20,2.07,3.0,61.0,0.2551,253390.0,0
V1383,Vendor_128_Co,IT Hardware,9,770,523,319,348,163,8,4.5,5.0,55.0,,58903.0,NO
V6987,Vendor_879_Co,IT Hardware,29,2287,1555,1215,858,579,25,2.54,5.0,11.0,0.2824,,1
V6124,Vendor_397_Inc,,16,732,465,386,375,249,21,4.19,6.0,51.0,0.151,224998.0,High Risk
V8020,Vendor_469_Ltd,Raw Materials,4,1051,650,596,225,137,23,4.59,10.0,22.0,0.2125,301884.0,NO
V1387,Vendor_775_LLC,Textiles,11,3780,1432,625,466,456,9,4.59,5.0,45.0,0.1924,210546.0,YES
V8008,Vendor_196_Corp,Automotive,14,776,715,642,644,667,19,3.55,5.0,23.0,0.1956,61568.0,High Risk
V6419,Vendor_877_Ltd,Textiles,5,2045,812,149,203,25,30,4.78,1.0,60.0,0.05,480663.0,high
V5146,Vendor_780_Corp,Automotive,24,3147,2107,170,1382,1786,30,3.01,2.0,25.0,0.0655,104315.0,high
V8612,Vendor_121_LLC,Electronics,28,4918,4752,2708,96,2219,12,Unknown,7.0,65.0,0.2053,38419.0,Low Risk
V6101,Vendor_629_Inc,Electronics,29,3912,789,281,87,759,25,2.48,8.0,48.0,0.182,435874.0,
V8768,Vendor_617_Inc,Automotive,29,860,527,70,405,451,3,4.53,6.0,23.0,0.0837,134375.0,YES
V2600,Vendor_643_Ltd,Food & Beverage,7,4227,2445,2424,1671,1745,9,4.21,2.0,46.0,Low,474071.0,Low Risk
V9613,Vendor_669_Ltd,Office Supplies,5,2743,2453,226,1663,275,7,3.92,6.0,30.0,0.2223,118452.0,1
V6367,Vendor_776_Inc,Electronics,21,91,6,5,5,2,29,2.33,9.0,58.0,,304520.0,
V9020,Vendor_272_Inc,Electronics,11,3059,372,337,213,59,8,3.73,8.0,58.0,0.0437,102436.0,1
V5579,Vendor_405_LLC,Office Supplies,16,4790,4148,3403,3684,3622,23,3.01,6.0,36.0,0.1624,179014.0,NO
V1472,Vendor_689_Co,Office Supplies,13,4423,2627,1818,240,1029,9,3.92,7.0,5.0,0.0386,195581.0,
V7769,Vendor_566_Ltd,Automotive,28,3697,3108,2114,2900,2430,17,3.61,10.0,22.0,0.1933,471542.0,NO
V8059,Vendor_620_Inc,Electronics,15,3544,868,154,406,514,9,3.11,1.0,49.0,0.2196,222558.0,1
V9791,Vendor_252_Co,Machinery,30,4295,3754,2777,3564,3580,3,2.11,3.0,63.0,0.1961,248054.0,Low Risk
V6365,Vendor_751_LLC,Electronics,2,945,473,140,24,116,25,3.0,7.0,67.0,0.2957,65898.0,low
V2946,Vendor_401_LLC,Office Supplies,26,4604,1376,713,691,1204,3,4.39,8.0,22.0,0.0838,198888.0,NO
V9580,Vendor_984_LLC,Textiles,25,1191,1035,235,305,710,6,2.15,5.0,66.0,0.2471,411738.0,High
V7988,Vendor_899_Corp,Electronics,7,4264,786,119,764,131,28,4.97,9.0,27.0,0.1084,209577.0,Low Risk
V6578,Vendor_956_Co,Electronics,20,536,481,373,428,154,26,3.83,5.0,11.0,Low,149659.0,NO
V5466,Vendor_847_Co,Raw Materials,11,826,41,23,37,13,1,4.32,4.0,8.0,0.2926,179782.0,
V4020,Vendor_626_LLC,Machinery,2,3327,102,93,23,34,7,2.41,8.0,50.0,0.0892,399601.0,0
V6872,Vendor_997_Ltd,Automotive,15,2589,2035,1469,230,905,17,3.92,8.0,9.0,,148302.0,1
V2021,Vendor_765_Inc,Packaging,7,3684,3597,3590,1510,1020,15,4.49,8.0,35.0,0.2721,445454.0,YES
V3947,Vendor_990_Corp,Food & Beverage,18,3030,27,18,8,12,29,3.94,7.0,19.0,0.1958,379136.0,0
V2766,Vendor_411_Co,Office Supplies,3,2013,1725,1031,1204,163,20,4.71,2.0,22.0,0.0,77883.0,High
V2992,Vendor_659_Corp,Machinery,8,3332,101,50,43,95,17,2.54,3.0,35.0,0.0824,418630.0,0
V7511,Vendor_608_Inc,IT Hardware,30,3517,1342,331,428,1278,19,3.85,3.0,8.0,0.246,349532.0,High Risk
V9382,Vendor_284_Corp,Machinery,24,3855,2936,2818,2541,221,28,3.11,3.0,20.0,0.0229,62442.0,1
V6792,Vendor_323_Co,Chemicals,6,632,567,182,487,321,24,4.05,4.0,64.0,0.2211,,NO
V4699,Vendor_755_Ltd,Office Supplies,27,1804,1181,719,835,217,23,4.69,4.0,1.0,0.268,265509.0,
V5860,Vendor_866_Ltd,Machinery,11,3394,2164,1167,266,1368,4,3.4,8.0,27.0,0.0941,397517.0,1
V9322,Vendor_154_Co,Raw Materials,1,53,27,9,2,1,16,3.97,10.0,56.0,0.1486,93257.0,High
V7667,Vendor_648_Ltd,Food & Beverage,1,2111,807,204,590,102,26,3.56,6.0,42.0,0.005,301223.0,
V2079,Vendor_682_Inc,Packaging,15,732,326,301,185,310,12,4.23,8.0,48.0,0.1499,401248.0,low
V3334,Vendor_236_Inc,Machinery,19,2842,2639,908,771,1157,8,4.82,3.0,18.0,0.0791,189787.0,
V2600,Vendor_897_Ltd,Automotive,18,3713,3697,794,263,2670,11,3.78,7.0,52.0,0.0694,335017.0,NO
V8030,Vendor_632_Corp,Packaging,28,212,131,21,35,35,28,4.28,5.0,59.0,0.2682,135445.0,
V5868,Vendor_756_LLC,Raw Materials,24,4833,313,207,225,250,27,2.02,9.0,25.0,0.0045,110364.0,NO
V4854,Vendor_671_Corp,Textiles,28,4547,2269,630,1842,2085,29,2.91,4.0,61.0,0.1198,58384.0,High
V5459,Vendor_939_LLC,Textiles,28,2260,1420,138,173,467,2,4.13,7.0,2.0,0.146,370409.0,YES
V5764,Vendor_137_Ltd,Textiles,16,3547,1702,1015,1509,1185,17,3.77,10.0,63.0,0.0696,32826.0,High Risk
V8091,Vendor_937_Corp,Automotive,1,2326,1003,561,782,363,14,4.88,8.0,25.0,0.2655,128778.0,0
V9612,Vendor_552_Inc,Food & Beverage,14,3510,1479,1123,1357,1016,17,2.94,2.0,31.0,0.2467,78186.0,Low Risk
V3381,Vendor_373_Co,IT Hardware,2,1883,409,111,99,206,26,2.01,2.0,4.0,,108743.0,High Risk
V4241,Vendor_390_LLC,Machinery,29,4807,2948,179,121,815,9,4.16,6.0,71.0,0.0738,103753.0,0
V1069,Vendor_379_LLC,Textiles,18,2547,2533,2311,846,1995,23,4.96,4.0,29.0,0.2749,451569.0,
V6357,Vendor_788_Co,Automotive,16,3861,535,146,486,398,2,4.84,9.0,35.0,0.2524,453644.0,0
V9063,Vendor_304_Corp,IT Hardware,14,1768,358,91,194,106,26,,5.0,25.0,0.1261,263209.0,
V4029,Vendor_399_LLC,Office Supplies,8,1424,426,2,24,66,15,2.27,7.0,40.0,0.0684,114878.0,low risk
V9154,Vendor_407_LLC,Office Supplies,11,1348,281,98,271,155,13,4.15,9.0,63.0,0.0193,270165.0,
V8174,Vendor_818_LLC,IT Hardware,14,3852,3794,1751,2595,2184,5,Excellent,1.0,39.0,0.051,308605.0,RISK
V9101,Vendor_253_Co,Food & Beverage,13,4750,4663,865,2831,2742,18,2.91,2.0,67.0,0.227,223189.0,0
V5660,Vendor_,Electronics,19,4851,3094,2526,2770,1444,2,2.38,6.0,45.0,0.2429,307166.0,0
V3546,Vendor_106_Co,IT Hardware,15,3561,807,357,503,508,28,3.86,9.0,70.0,0.0728,42935.0,high
V2939,Vendor_291_Ltd,IT Hardware,3,1629,1379,1069,542,51,15,3.22,,72.0,0.1096,233995.0,High
V7528,Vendor_644_Ltd,Chemicals,10,2993,640,637,382,36,3,2.38,4.0,44.0,0.2785,308588.0,Low Risk
V9960,Vendor_244_Inc,Electronics,7,3804,829,26,525,748,27,4.19,4.0,23.0,0.217,,
V4348,Vendor_685_Inc,Raw Materials,29,586,185,112,38,151,10,3.15,,58.0,0.122,88609.0,High Risk
V6671,Vendor_660_Corp,IT Hardware,30,455,16,7,9,9,3,4.85,4.0,12.0,0.2353,241160.0,Low
V7194,Vendor_329_Inc,IT Hardware,17,1084,559,432,300,10,27,4.5,10.0,7.0,0.1947,486947.0,1
V2420,Vendor_597_Ltd,Machinery,1,4687,3836,2483,3228,2200,22,2.32,2.0,14.0,0.1043,421402.0,1
V9127,Vendor_148_LLC,IT Hardware,20,3097,741,527,462,81,24,2.72,10.0,60.0,0.1746,34088.0,1
V8193,Vendor_,Food & Beverage,24,4766,940,621,570,95,8,3.17,6.0,27.0,0.1842,339451.0,High Risk
V3136,Vendor_597_Corp,Packaging,21,3610,1192,1071,229,770,13,3.19,10.0,63.0,0.2526,376174.0,NO
V9108,Vendor_260_Ltd,Textiles,17,607,206,106,125,88,9,10.0,10.0,1.0,0.2729,174190.0,1
V6017,Vendor_763_Ltd,Textiles,16,4927,103,59,95,65,6,2.14,1.0,46.0,,135731.0,NO
V5302,Vendor_810_LLC,Food & Beverage,17,1203,1192,1057,773,30,12,4.1,2.0,8.0,0.0736,342273.0,1
V2875,Vendor_735_Corp,Raw Materials,11,4672,1251,1020,1142,1054,11,2.31,10.0,19.0,0.2776,28515.0,Low Risk
V5055,Vendor_584_Co,IT Hardware,12,4590,1491,1056,987,1055,17,3.93,4.0,62.0,0.1656,29956.0,Low Risk
V3532,Vendor_656_Inc,Automotive,28,2084,605,360,389,366,17,4.11,6.0,8.0,0.249,378091.0,1
V1317,Vendor_799_Co,Chemicals,6,2276,1209,409,1003,210,11,3.33,6.0,35.0,0.0556,121099.0,low
V7083,Vendor_493_Ltd,Electronics,14,3657,98,96,49,29,21,2.77,1.0,34.0,0.0329,184405.0,1
V9829,Vendor_206_Ltd,Chemicals,11,4772,676,535,54,587,11,4.11,8.0,41.0,0.1914,260947.0,0
V8465,Vendor_833_LLC,Raw Materials,12,2429,1539,507,921,86,1,4.65,2.0,65.0,0.0402,434469.0,
V6094,Vendor_891_LLC,IT Hardware,30,332,229,121,98,7,24,2.59,10.0,,0.148,371188.0,high
V3224,Vendor_593_LLC,Food & Beverage,29,2778,2754,1962,1943,145,28,3.61,6.0,60.0,0.2352,218030.0,NO
V1501,Vendor_479_Co,Textiles,6,3880,2167,1987,297,1491,12,3.36,2.0,59.0,0.269,13254.0,NO
V1779,Vendor_416_Inc,Textiles,5,4674,4020,151,1778,3745,1,2.63,5.0,37.0,0.2194,250314.0,No
V3852,Vendor_912_Inc,Automotive,8,2856,265,148,153,80,4,4.96,3.0,31.0,0.2371,14780.0,Low
V4053,Vendor_860_Ltd,Textiles,10,2459,2099,379,760,1204,16,2.83,7.0,40.0,0.0824,16721.0,High
V5022,Vendor_709_Co,Electronics,2,2859,2343,798,423,1491,1,4.52,9.0,11.0,0.2759,357686.0,SAFE
V6019,Vendor_160_Ltd,Raw Materials,14,2659,1238,1012,481,1221,10,3.57,2.0,66.0,0.153,263908.0,NO
V4720,Vendor_851_Ltd,Electronics,5,383,343,306,236,82,10,4.36,7.0,48.0,0.2315,222695.0,
V9560,Vendor_410_Corp,Office Supplies,18,4015,2254,1342,1407,237,13,2.99,9.0,15.0,0.113,181964.0,
V4777,Vendor_525_Inc,Machinery,12,1868,972,851,706,817,25,4.84,8.0,15.0,0.0542,154099.0,high
V6890,Vendor_977_Co,Chem,6,18,6,4,1,0,22,3.01,1.0,16.0,0.2752,484421.0,1
V7478,Vendor_492_Corp,Food & Beverage,22,4621,1918,1476,457,188,10,2.2,5.0,19.0,0.0894,153741.0,
V7395,Vendor_533_Co,Textiles,8,569,29,2,14,1,27,3.31,2.0,70.0,0.2381,413448.0,High Risk
V3572,Vendor_739_Inc,Packaging,11,1724,1288,810,668,135,3,4.05,1.0,3.0,0.2871,464995.0,1
V7313,Vendor_429_Corp,Chemicals,21,4836,1334,38,727,504,12,3.2,7.0,54.0,0.1796,21105.0,1
V3248,NA,Food & Beverage,14,3768,2918,127,2709,2267,5,4.14,8.0,12.0,0.1084,36886.0,
V2764,Vendor_709_Co,Automotive,17,2790,349,330,267,57,28,3.86,7.0,70.0,0.1815,355894.0,
V5389,Vendor_677_LLC,IT Hardware,3,1402,418,145,258,231,14,4.0,1.0,13.0,0.1741,18503.0,Low Risk
V2994,Vendor_796_Co,Food & Beverage,16,434,165,110,104,70,12,3.55,1.0,29.0,0.0141,482501.0,high
V7054,Vendor_202_Corp,Automotive,17,1313,179,135,154,71,12,4.3,10.0,67.0,0.292,351231.0,1
V1976,Vendor_401_Ltd,IT Hardware,19,18,1,1,0,0,26,3.0,10.0,55.0,0.1812,285017.0,0
V7336,Vendor_560_LLC,Food & Beverage,20,4691,3162,1156,2808,2523,9,3.04,8.0,62.0,0.2758,81288.0,low
V6249,Vendor_419_Co,Textiles,15,3459,2521,62,1736,2181,4,2.56,7.0,63.0,0.1694,262399.0,RISK
V8120,Vendor_353_Inc,Packaging,25,3233,1428,576,847,1346,9,4.62,5.0,29.0,0.0922,135950.0,
V2040,Vendor_374_Ltd,Food & Beverage,4,165,108,73,40,70,16,3.87,6.0,58.0,0.2093,11908.0,0
V9551,Vendor_751_Inc,IT Hardware,5,321,81,55,39,23,28,3.6,9.0,39.0,0.0218,379509.0,1
V2921,Vendor_754_Co,Electronics,9,4238,2117,1074,698,1811,12,2.98,2.0,23.0,0.2779,455580.0,Low Risk
V5797,Vendor_705_Inc,Electronics,8,4743,1023,256,189,27,5,3.94,5.0,70.0,0.2013,327151.0,YES
V5486,Vendor_798_LLC,Electronics,22,873,563,280,360,72,29,3.75,2.0,22.0,0.2054,278760.0,high
V5216,Vendor_738_LLC,Textiles,14,2575,776,698,458,508,21,3.97,3.0,41.0,0.1242,141513.0,0
V2195,Vendor_351_Corp,Machinery,1,3657,1931,1799,806,797,28,3.22,1.0,14.0,0.1776,,low
V9023,Vendor_551_LLC,Raw Materials,9,346,6,1,3,0,7,4.68,5.0,67.0,0.1156,460909.0,Low Risk
V4175,Vendor_832_Co,IT Hardware,23,853,138,36,66,16,9,4.31,6.0,15.0,0.2654,179459.0,
V8917,Vendor_488_Ltd,IT Hardware,12,821,241,102,124,116,26,Poor,4.0,17.0,0.2159,70520.0,High
V5122,Vendor_494_LLC,Textiles,7,988,868,459,337,535,19,3.36,3.0,34.0,0.108,282066.0,low
V1734,Vendor_439_Co,Electronics,9,495,134,53,37,98,15,2.7,4.0,,0.253,87143.0,high
V4289,Vendor_931_Corp,Raw Materials,30,1788,781,612,729,780,2,2.17,1.0,7.0,0.1579,313050.0,Low Risk
V5046,Vendor_654_Inc,Packaging,22,2896,2430,1716,2373,2184,16,2.53,1.0,20.0,0.2104,198588.0,Low
V2308,Vendor_431_Ltd,Raw Materials,28,826,210,139,97,15,23,4.65,8.0,15.0,0.061,71900.0,
V9070,Vendor_561_LLC,Office Supplies,2,3428,2003,268,301,1252,12,4.63,9.0,16.0,0.095,21943.0,SAFE
V3692,Vendor_127_Inc,Automotive,25,2413,900,269,530,383,9,3.37,1.0,70.0,0.1029,434670.0,NO
V2216,Vendor_542_Inc,Chemicals,29,3794,3294,563,1411,1132,3,3.31,9.0,27.0,0.1781,255487.0,high
V1253,Vendor_858_Ltd,IT Hardware,23,4585,1191,532,909,618,28,2.91,4.0,40.0,0.0935,419481.0,1
V2357,Vendor_494_Ltd,Food & Beverage,30,2829,889,139,760,239,26,3.6,2.0,37.0,0.0994,152847.0,low
V2690,Vendor_752_LLC,Automotive,21,1871,937,342,599,92,14,10.0,4.0,16.0,0.2286,274479.0,High Risk
V7168,Vendor_212_Ltd,Electronics,19,1367,647,106,308,10,19,3.51,,27.0,0.0221,433346.0,
V1841,Vendor_358_Ltd,Raw Materials,27,3855,1960,902,697,377,3,3.2,2.0,7.0,0.0455,426272.0,Low Risk
V4646,Vendor_100_Corp,Chemicals,27,3206,912,912,644,436,22,4.44,4.0,41.0,0.1743,458362.0,0
V1180,Vendor_264_Inc,Raw Materials,29,3771,2659,184,1042,1000,30,3.85,6.0,5.0,0.1511,426791.0,0
V4283,Vendor_123_Co,Electronics,13,2236,1231,756,785,869,14,3.71,9.0,7.0,0.2796,151421.0,
V7708,Vendor_754_Inc,Textiles,6,2757,270,192,45,3,18,3.39,10.0,18.0,0.0598,437356.0,high
V2144,Vendor_951_LLC,IT Hardware,28,3667,1938,386,440,1443,20,4.59,4.0,,0.2757,362054.0,Low Risk
V8960,Vendor_205_LLC,Raw Materials,11,4367,1284,1053,655,1261,16,3.59,6.0,7.0,0.1915,277641.0,high
V9266,Vendor_818_LLC,Electronics,4,1018,522,315,408,184,2,4.63,3.0,23.0,0.1979,244991.0,1
V9327,Vendor_663_Corp,Food & Beverage,15,2327,639,428,575,618,12,3.43,,56.0,0.238,278692.0,Low
V7803,Vendor_782_Ltd,Electronics,7,4399,42,17,38,23,11,3.28,3.0,25.0,0.2039,14090.0,0
V9588,Vendor_547_Co,Food & Beverage,7,3677,2825,1081,1079,1835,5,2.01,2.0,69.0,0.026,51923.0,high
V3495,Vendor_265_Inc,Office Supplies,22,2365,1089,32,35,750,13,4.05,6.0,26.0,0.2341,328230.0,1
V8823,Vendor_523_Inc,Raw Materials,12,1924,427,333,59,204,24,3.4,10.0,28.0,0.0082,489606.0,high
V8758,Vendor_600_Co,Electronics,8,3488,2445,1613,2187,293,29,3.83,4.0,48.0,0.1087,263907.0,0
V8995,Vendor_369_Corp,IT Hardware,1,355,268,227,159,197,22,3.14,5.0,28.0,0.095,404180.0,high
V1756,Vendor_615_Corp,Machinery,8,3700,2893,357,2586,648,22,2.52,2.0,20.0,0.0961,297743.0,
V9757,Vendor_475_Inc,Chemicals,24,426,196,51,18,152,18,2.16,7.0,58.0,0.2677,200953.0,High
V3137,Vendor_634_Co,Raw Materials,24,946,758,57,469,365,22,4.49,7.0,19.0,0.1212,427884.0,1
V2025,Vendor_835_Ltd,Automotive,3,597,569,358,413,109,17,3.68,6.0,65.0,0.2284,189440.0,
V9952,Vendor_398_Co,Machinery,2,259,74,35,43,63,23,4.95,5.0,21.0,0.2535,382752.0,high
V6190,Vendor_390_Corp,Food & Beverage,19,3525,1741,1280,1728,1304,4,2.73,8.0,4.0,0.1004,330207.0,1
V5816,Vendor_813_Corp,Textiles,21,4088,1299,390,214,981,9,3.38,Good,49.0,0.007,319204.0,1
V7390,Vendor_585_Inc,Office Supplies,17,4372,1914,777,1399,1445,28,3.3,5.0,58.0,0.1146,166511.0,High Risk
V2388,Vendor_788_LLC,Packaging,4,3760,2528,706,1218,2516,8,2.92,3.0,48.0,0.208,268819.0,high
V5576,Vendor_739_Inc,Automotive,16,1425,1085,804,454,263,29,4.34,9.0,31.0,0.1272,398256.0,0
V4099,Vendor_682_Ltd,Packaging,9,225,147,64,27,20,12,2.48,6.0,13.0,0.1334,205200.0,Low
V4813,Vendor_263_Corp,Machinery,22,489,414,241,271,183,8,2.8,1.0,29.0,0.1727,419062.0,high
V1528,Vendor_197_Corp,Raw Materials,2,3690,1442,146,417,221,1,3.42,2.0,,0.0657,120330.0,1
V5852,Vendor_161_Co,Electronics,14,1805,689,306,476,43,8,3.76,3.0,66.0,0.0501,279778.0,0
V3870,Vendor_619_Corp,Machinery,6,3223,2666,2525,1244,1966,14,4.85,6.0,66.0,0.084,6332.0,1
V2168,Vendor_168_Inc,Food & Beverage,4,1001,212,47,211,198,14,4.83,7.0,2.0,0.2093,158399.0,Low
V8483,Vendor_936_LLC,IT Hardware,29,2871,1008,564,924,844,26,4.73,1.0,59.0,0.2702,205668.0,NO
V7188,Vendor_434_Corp,Automotive,18,2036,183,90,54,155,19,3.85,10.0,1.0,0.2457,195315.0,low risk
V1886,Vendor_895_Inc,Food & Beverage,26,1403,828,240,375,267,1,2.25,4.0,53.0,0.0746,136426.0,Low Risk
V7566,Vendor_708_Corp,Machinery,14,727,290,85,83,241,6,3.17,5.0,36.0,0.0665,428116.0,0
V5713,Vendor_527_LLC,Food & Beverage,30,3881,508,334,340,457,23,3.93,1.0,Slow,0.2294,259500.0,1
V9660,Vendor_558_LLC,Machinery,11,4500,529,26,327,333,16,3.51,6.0,61.0,0.1888,25361.0,High Risk
V7103,Vendor_330_Corp,Electronics,22,1673,1324,612,509,892,21,4.57,10.0,62.0,0.1451,356574.0,YES
V8608,Vendor_110_LLC,Office Supplies,22,3125,879,8,392,344,22,3.29,10.0,65.0,0.1785,208894.0,low
V9302,Vendor_981_Ltd,IT Hardware,11,1916,234,167,9,47,2,3.66,4.0,8.0,0.2855,136819.0,High
V1486,Vendor_314_Co,Automotive,11,868,84,23,27,81,25,3.3,9.0,15.0,0.2326,304102.0,1
V3379,Vendor_899_Ltd,Food & Beverage,29,3283,2346,959,496,1119,7,4.02,10.0,13.0,0.0018,179388.0,
V9231,Vendor_429_Ltd,Chemicals,6,4470,3970,1409,3738,2316,1,2.96,4.0,4.0,0.2687,409178.0,High
V9417,Vendor_854_Co,Food & Beverage,4,4338,1629,627,565,967,6,4.95,8.0,57.0,0.1926,245892.0,0
V8324,Vendor_247_LLC,Raw Materials,28,122,52,6,21,13,12,2.98,7.0,49.0,0.1979,357680.0,High
V1768,Vendor_135_LLC,Food & Beverage,5,910,411,255,91,297,30,4.46,5.0,63.0,0.2604,388458.0,YES
V8668,Vendor_929_LLC,Raw Materials,4,2679,1100,170,891,282,9,4.27,9.0,3.0,0.2349,137132.0,0
V2099,Vendor_448_Corp,Office Supplies,2,314,221,164,118,6,2,2.62,,33.0,0.0928,18387.0,low
V2372,Vendor_301_Corp,Raw Materials,1,2365,1672,1124,1540,1112,2,4.46,4.0,7.0,0.2957,221053.0,High Risk
V9212,Vendor_710_Corp,Electronics,14,4315,1036,742,881,366,27,3.9,3.0,9.0,0.1103,430991.0,high
V8107,Vendor_133_Ltd,Food & Beverage,12,3919,1721,559,492,1357,5,2.79,6.0,3.0,0.1442,342043.0,1
V1764,Vendor_751_Inc,Office Supplies,27,1105,114,4,84,100,13,3.19,8.0,53.0,0.0527,255313.0,
V8847,Vendor_214_Corp,Textiles,13,3105,456,180,444,28,4,3.19,1.0,29.0,,457163.0,low
V1653,Vendor_882_LLC,Office Supplies,26,4820,3959,3317,1575,336,4,3.18,9.0,1.0,0.2921,241931.0,0
V1427,Vendor_678_Inc,IT Hardware,28,3378,2166,1731,1568,2151,12,4.38,2.0,56.0,0.153,27787.0,High
V9011,Vendor_754_Co,Office Supplies,3,758,632,545,473,48,1,2.56,2.0,6.0,0.1687,359878.0,1
V8461,Vendor_683_Corp,Chemicals,23,1124,438,89,425,35,22,4.98,1.0,14.0,0.2486,340273.0,high
V8820,Vendor_175_Co,Textiles,1,1698,302,133,90,274,12,2.5,9.0,17.0,0.1067,37356.0,Low Risk
V9647,Vendor_205_Corp,Raw Materials,15,4888,1616,413,75,909,4,3.72,7.0,7.0,0.2978,146768.0,Low Risk
V7327,Vendor_256_Ltd,Textiles,24,3931,287,210,69,161,12,3.44,9.0,14.0,0.1159,242350.0,
V7138,Vendor_660_Inc,Automotive,16,1364,716,104,36,336,18,2.72,6.0,21.0,0.1576,4548.0,High
V6092,Vendor_402_LLC,Office Supplies,21,4056,3374,2566,610,1288,11,2.61,2.0,9.0,0.2697,276978.0,YES
V8889,Vendor_913_Inc,Office Supplies,7,4318,1104,905,860,1004,20,2.63,5.0,28.0,0.2732,-10000.0,YES
V3403,Vendor_901_Corp,Food & Beverage,24,2286,1004,831,55,714,18,2.33,8.0,65.0,0.258,3925.0,high
V2644,Vendor_658_Inc,Packaging,15,3033,2160,1354,2072,299,16,2.25,1.0,57.0,0.2531,190186.0,low
V8320,Vendor_309_Inc,Chemicals,15,3408,3041,2942,273,2655,19,3.99,5.0,41.0,0.1755,123806.0,Low
V6961,Vendor_169_Ltd,Electronics,7,1129,751,423,213,520,4,2.46,10.0,11.0,0.09,70387.0,NO
V6224,Vendor_691_Co,Packaging,8,472,71,64,37,29,10,4.63,9.0,29.0,0.1241,145259.0,0
V9145,Vendor_893_Ltd,Chemicals,2,3287,2483,179,1740,1233,12,3.85,5.0,34.0,0.0039,290096.0,
V3349,Vendor_406_LLC,Raw Materials,28,1436,1387,1125,42,44,18,4.45,1.0,,0.1838,85425.0,NO
V4280,Vendor_672_Co,Automotive,16,1957,627,597,171,399,21,3.97,10.0,42.0,0.1053,47371.0,RISK
V6245,Vendor_846_Corp,Food & Beverage,18,3659,2980,1555,2005,847,25,2.28,1.0,64.0,0.0528,362010.0,1
V7247,Vendor_397_Inc,Office Supplies,17,515,445,224,333,320,14,3.88,4.0,5.0,0.14,346529.0,NO
V6695,Vendor_462_Inc,Food & Beverage,4,4550,3709,3649,386,1434,16,3.03,5.0,57.0,0.0147,304293.0,
V2718,Vendor_598_Inc,IT Hardware,7,2163,937,345,686,714,3,3.31,7.0,9.0,0.264,18493.0,High Risk
V1142,Vendor_480_LLC,Electronics,13,4815,2018,1674,1776,1197,2,2.3,7.0,36.0,0.271,340146.0,Low Risk
V7861,Vendor_518_Ltd,Textiles,16,633,166,140,156,92,5,4.09,1.0,22.0,0.0552,197319.0,
V8648,Vendor_767_Co,Chemicals,8,2594,1527,900,163,1392,14,3.01,4.0,18.0,0.0733,233693.0,1
V2128,Vendor_135_Corp,Automotive,29,1746,1291,92,608,1241,20,4.47,5.0,47.0,,361804.0,0
V3864,Vendor_535_Inc,Raw Materials,30,1495,1296,827,894,519,19,4.04,8.0,56.0,,449459.0,
V3629,Vendor_558_Ltd,Raw Materials,22,3716,83,76,11,62,28,3.5,,24.0,0.2298,291048.0,1
V6034,Vendor_648_Corp,Office Supplies,7,2449,190,185,70,79,28,4.49,4.0,49.0,0.1806,144451.0,1
V7591,Vendor_948_LLC,Raw Materials,1,2992,1953,161,705,1757,2,4.49,5.0,63.0,0.2121,37686.0,
V8258,Vendor_771_Corp,Food & Beverage,22,233,29,9,10,5,7,4.22,5.0,25.0,0.2021,52627.0,
V8538,Vendor_622_Ltd,Packaging,29,1054,281,113,42,225,30,2.02,4.0,36.0,0.2057,426258.0,low
V6062,Vendor_310_Inc,Food & Beverage,4,4624,539,370,388,203,26,3.99,4.0,41.0,0.1959,102564.0,Low Risk
V6091,Vendor_266_Ltd,Packaging,15,359,348,290,196,77,17,4.32,7.0,28.0,,190594.0,High Risk
V8719,Vendor_539_Inc,Office Supplies,2,4748,1739,1485,113,863,21,,2.0,12.0,0.1496,399173.0,NO
V4840,Vendor_359_Corp,Textiles,7,2747,497,143,459,322,8,4.74,1.0,11.0,0.1643,102964.0,
V3961,Vendor_359_Ltd,Chemicals,3,1721,444,199,34,137,12,4.29,Bad,,,79554.0,Low Risk
V9454,Vendor_790_Corp,Packaging,7,2851,1389,922,1233,233,24,2.61,9.0,41.0,0.1944,445140.0,0
V7518,Vendor_316_Inc,Electronics,24,1772,1072,896,562,322,12,2.88,8.0,46.0,0.1117,175402.0,
V1742,Vendor_737_Corp,Packaging,18,234,81,25,78,5,25,2.83,9.0,12.0,0.0733,358203.0,
V1028,Vendor_859_Co,IT Hardware,28,1153,304,270,96,234,16,4.78,7.0,32.0,,297108.0,1
V4022,Vendor_123_Inc,Raw Materials,14,4450,1233,987,444,939,17,4.42,4.0,35.0,0.0503,63464.0,High Risk
V4073,Vendor_413_Co,Machinery,1,2366,1593,53,808,736,20,3.27,7.0,26.0,0.093,66161.0,Low 
V7013,Vendor_784_Ltd,,23,1433,604,412,108,454,1,4.68,5.0,13.0,0.2828,13051.0,NO
V9492,Vendor_217_Co,Electronics,14,1074,339,175,276,134,1,2.87,,70.0,0.0557,231095.0,High Risk
V4208,Vendor_552_Inc,Automotive,7,3143,1532,366,1531,21,1,3.76,6.0,13.0,0.2733,481146.0,1 
V7783,Vendor_144_Corp,Automotive,1,4516,3152,1311,1719,730,12,,1.0,16.0,0.2589,403865.0,High Risk
V2155,Vendor_331_Inc,Office Supplies,29,3213,2422,792,1018,1435,13,2.37,10.0,20.0,0.0617,75663.0,No
V9366,Vendor_922_Inc,Raw Materials,3,3790,478,164,258,14,23,,6.0,3.0,0.1992,159744.0,1
V8908,Vendor_913_LLC,Food & Beverage,4,1341,607,313,522,152,1,4.59,6.0,19.0,0.1681,129538.0,low
V7221,Vendor_375_LLC,Chemicals,18,3677,2923,2169,616,1176,27,3.62,7.0,41.0,0.0379,279066.0,
V8595,Vendor_412_Corp,Raw Materials,18,3444,1125,171,580,778,3,4.3,6.0,50.0,0.2954,210994.0,1
V2615,Vendor_799_Corp,Electronics,23,1273,1103,781,709,277,15,2.67,10.0,5.0,0.0229,99999999.0,NO
V6093,Vendor_665_LLC,IT Hardware,21,665,139,69,38,53,25,4.49,7.0,11.0,0.2111,142923.0,
V9512,Vendor_518_Inc,Packaging,21,2439,2154,1151,206,1302,16,4.81,6.0,28.0,0.2464,257003.0,0
V3401,Vendor_893_Corp,Raw Materials,10,2391,935,537,515,171,26,4.21,8.0,63.0,0.2204,287111.0,High
V8173,Vendor_732_Co,Textiles,8,1142,1058,171,842,400,29,2.27,8.0,32.0,0.059,-1000.0,1
V9941,Vendor_579_Co,Machinery,22,4856,2690,811,2471,222,22,2.88,8.0,52.0,0.1374,327999.0,0
V8942,Vendor_807_Inc,Office Supplies,4,3904,3798,3787,3286,736,-5,TBD,3.0,63.0,0.2336,383569.0,YES
V5668,Vendor_993_LLC,Electronics,10,1115,272,266,22,218,26,2.58,7.0,20.0,0.0421,145996.0,Low Risk
V9161,Vendor_877_Ltd,Office Supplies,27,3505,2959,1592,393,421,20,TBD,1.0,53.0,0.2666,246780.0,0
V6000,Vendor_469_Co,Food & Beverage,28,3616,3421,301,1889,2228,11,3.65,3.0,72.0,0.0983,143156.0,1
V4442,Vendor_493_Co,Packaging,14,952,369,192,337,207,17,3.58,1.0,9.0,0.0106,331774.0,
V3216,Vendor_786_Inc,Machinery,8,1756,482,60,225,28,16,Unknown,1.0,69.0,0.1168,162679.0,YES
V5448,Vendor_740_Ltd,Packaging,30,2382,2144,1913,2103,1662,26,-1.0,6.0,50.0,0.1193,295407.0,High
V2799,Vendor_358_Corp,Machinery,25,724,524,403,347,387,11,6.0,5.0,4.0,0.2432,213189.0,0
V9555,Vendor_625_Ltd,Automotive,11,86,27,2,11,23,2,-5.0,1.0,56.0,0.1335,425598.0,Low
V1783,Vendor_873_Inc,Automotive,22,4752,393,196,256,367,2,3.06,2.0,2.0,0.1253,118686.0,1
V9893,Vendor_387_Co,Electronics,19,2797,476,399,0,154,10,4.1,8.0,28.0,0.2531,284850.0,1
V9737,Vendor_964_Co,Machinery,12,2786,967,824,763,595,10,2.85,10.0,18.0,0.2143,273454.0,NO
V2513,Vendor_495_Ltd,Office Supplies,27,3541,2965,292,1568,2003,16,2.16,3.0,38.0,0.0238,412967.0,0
V8589,Vendor_137_Inc,IT Hardware,20,2705,1115,1002,413,920,2,,7.0,59.0,0.1602,317226.0,High
V6305,Vendor_765_Corp,Electronics,11,2735,205,63,166,2,2,3.77,10.0,62.0,0.132,-1000.0,Low
V1896,Vendor_430_Ltd,Machinery,3,3010,158,1,39,134,22,2.42,6.0,7.0,0.2556,440724.0,
V1634,Vendor_566_LLC,Electronics,30,1119,216,195,8,189,9,2.06,10.0,40.0,0.1483,,1
V4549,Vendor_686_Co,Office Supplies,3,2821,1302,1191,753,1055,12,3.32,10.0,47.0,0.1916,161711.0,high
V1620,Vendor_184_Corp,Office Supplies,28,4155,1735,370,743,154,28,4.43,4.0,28.0,0.0787,327507.0,
V6443,Vendor_187_Inc,Machinery,23,75,73,67,49,57,3,3.21,6.0,65.0,0.1084,387157.0,
V2815,Vendor_410_Corp,Chemicals,13,4927,763,32,282,378,23,N/A,2.0,64.0,0.0954,215717.0,1
V9092,Vendor_250_Ltd,Packaging,24,1858,1416,598,700,1244,29,2.41,5.0,28.0,N/A,97006.0,YES
V1089,Vendor_441_LLC,Machinery,20,4074,121,26,15,71,13,2.47,8.0,33.0,0.2515,467425.0,high
V9976,Vendor_662_Corp,Office Supplies,17,3239,1051,407,340,961,4,3.13,1.0,40.0,0.108,473088.0,Low
V2874,Vendor_285_Co,Raw Materials,16,4333,1003,933,102,818,27,4.67,9.0,31.0,0.0856,409959.0,YES
V3556,Vendor_186_LLC,Office ,16,3772,2804,1871,659,370,14,2.82,6.0,11.0,0.0525,,high
V9785,,Chemicals,9,4180,1344,813,435,311,18,3.12,7.0,21.0,0.2504,396403.0,Low Risk
V8282,Vendor_172_Inc,Automotive,20,3642,1269,374,971,653,3,2.53,6.0,45.0,0.0394,52226.0,YES
V2762,Vendor_644_Corp,Chemicals,8,445,18,18,8,7,29,3.86,7.0,51.0,0.1179,116284.0,NO
V1358,Vendor_428_LLC,Food & Beverage,1,4439,1465,1149,434,1155,4,4.23,,51.0,0.2107,16137.0,YES
V7499,Vendor_174_Co,Raw Materials,29,15,3,1,1,3,12,4.02,8.0,2.0,0.0298,163899.0,1
V9742,Vendor_176_Ltd,Textiles,12,4592,3238,3238,197,984,23,3.99,3.0,31.0,0.1957,238751.0,
V4419,Vendor_583_Inc,Raw Materials,24,2466,2119,942,975,1054,17,3.14,10.0,33.0,,267196.0,
V5126,Vendor_473_Inc,Automotive,7,247,159,130,79,23,2,4.22,9.0,56.0,0.0185,222897.0,Low
V6189,Vendor_671_Inc,Food & Beverage,24,4403,879,128,499,238,7,2.06,7.0,46.0,0.2173,132437.0,0
V1520,Vendor_708_Inc,Machinery,13,1401,114,19,99,4,29,4.41,3.0,9.0,0.1714,104071.0,high
V5847,Vendor_652_LLC,Packaging,30,355,289,178,284,116,20,2.2,,60.0,N/A,120452.0,high
V9293,Vendor_997_Corp,Textiles,7,3191,979,848,949,902,16,4.03,4.0,21.0,0.1035,209994.0,1
V4514,Vendor_710_Corp,Food & Beverage,6,3482,2564,1382,451,1570,16,2.29,6.0,33.0,0.1604,102865.0,high
V3696,Vendor_744_Corp,Raw Materials,6,2181,305,39,218,17,5,4.61,3.0,46.0,0.1618,466444.0,
V7427,Vendor_288_Co,IT Hardware,27,1745,820,633,57,224,3,4.45,8.0,62.0,0.094,337535.0,high
V3301,Vendor_235_Corp,Office Supplies,23,179,25,0,4,24,13,3.68,4.0,6.0,0.0956,443954.0,NO
V2860,Vendor_470_Co,Raw Materials,4,256,70,56,23,6,8,4.77,9.0,30.0,0.1784,100914.0,1
V6048,Vendor_648_Inc,Machinery,13,47,6,5,1,1,17,2.3,1.0,69.0,0.1472,240957.0,high
V1445,Vendor_830_Corp,Chemicals,13,1396,120,78,41,23,4,2.96,7.0,42.0,0.0774,494657.0,1
V4422,Vendor_298_LLC,Food & Beverage,14,1729,818,740,785,417,8,2.65,5.0,17.0,0.0448,495758.0,Low
V7053,Vendor_275_Co,Chemicals,13,4826,384,159,372,83,11,3.51,1.0,55.0,0.1638,40362.0,YES
V8716,Vendor_794_Ltd,Raw Materials,7,1486,1175,326,946,944,12,3.6,10.0,53.0,0.0352,425438.0,high
V6315,Vendor_729_Corp,Office Supplies,8,490,172,0,110,133,8,2.16,5.0,,0.2282,98422.0,1
V7280,Vendor_952_Co,Automotive,16,975,124,78,77,1,29,2.01,10.0,6.0,0.1747,,
V5247,Vendor_228_Corp,Chemicals,16,2747,2695,356,1944,58,7,4.52,9.0,57.0,0.1677,431911.0,low
V5594,Vendor_141_Ltd,IT Hardware,1,4529,2256,90,398,1203,9,2.61,9.0,25.0,0.0964,54087.0,low
V1351,Vendor_442_Inc,Electronics ,10,2177,114,88,112,75,28,3.71,3.0,48.0,0.0434,58423.0,high
V1004,Vendor_544_Corp,Chemicals,4,3946,1916,642,856,1739,17,3.3,7.0,2.0,0.1832,189439.0,high
V6214,Vendor_373_Inc,IT Hardware,11,2917,2907,2574,2347,679,24,4.65,8.0,56.0,0.0891,493758.0,High
V2954,Vendor_626_Ltd,Raw Materials,13,3738,1842,1578,266,1684,999,2.59,6.0,63.0,0.2454,434059.0,High Risk
V7991,Vendor_212_LLC,Raw Materials,7,1343,81,37,76,42,16,3.46,1.0,50.0,0.2327,423996.0,YES
V8049,Vendor_837_LLC,Raw Materials,7,3167,353,285,101,73,18,2.77,2.0,47.0,0.1034,442694.0,0
V2527,Vendor_328_Ltd,Automotive,3,3279,1303,294,909,848,10,3.76,9.0,8.0,0.042,116318.0,YES
V4541,Vendor_667_LLC,Chemicals,22,4573,244,87,189,132,1,2.76,8.0,63.0,0.2135,310019.0,NO
V4854,Vendor_542_Co,IT/IS,21,4597,2942,449,1155,127,11,4.14,7.0,49.0,0.1306,111738.0,YES
V1459,Vendor_336_Corp,Electronics,1,2908,2901,2416,2760,1499,13,2.86,Good,28.0,0.291,406201.0,NO
V7512,Vendor_271_LLC,Chemicals,15,99,36,14,31,6,28,2.71,1.0,13.0,0.0716,346424.0,High Risk
V4728,Vendor_682_Corp,Machinery,21,2872,2143,1512,1304,1616,7,-1.0,9.0,20.0,,175892.0,
V3722,Vendor_120_Ltd,IT Hardware,13,4447,4307,4292,506,1581,10,2.88,9.0,9.0,0.1427,187303.0,Low
V8749,Vendor_237_LLC,IT Hardware,15,332,10,7,4,6,25,3.87,9.0,69.0,0.2918,55578.0,High Risk
V8477,Vendor_441_Co,Office ,30,3171,2565,2094,1863,477,1,3.0,2.0,69.0,0.188,,Low
V2373,Vendor_743_Inc,Food & Beverage,7,3896,3311,2661,1667,2765,7,2.55,3.0,8.0,0.2008,390349.0,YES
V9866,Vendor_395_Inc,Packaging,20,2527,1967,1844,796,621,8,3.8,6.0,22.0,0.0289,433060.0,1
V6781,Vendor_361_Inc,IT/IS,5,480,182,18,106,97,6,4.68,5.0,34.0,0.0206,269588.0,Low Risk
V7813,Vendor_129_Inc,Electronics,23,2924,2918,2446,1568,800,23,2.39,5.0,45.0,0.2132,45625.0,low
V5052,Vendor_647_Corp,IT Hardware,8,3819,1755,336,1287,358,15,3.8,6.0,3.0,0.246,432206.0,
V9086,Vendor_344_Inc,Office Supplies,4,3512,2239,1703,357,760,25,2.35,1.0,22.0,0.1858,463868.0,NO
V4684,Vendor_230_Ltd,Office Supplies,25,4515,2662,445,2472,896,16,2.54,2.0,21.0,0.2684,62799.0,high
V3161,Vendor_979_LLC,Electronics,8,3391,1517,689,967,1199,1,2.13,5.0,56.0,0.2545,201016.0,1
V8878,Vendor_599_LLC,Packaging,23,504,350,9,341,3,28,2.88,7.0,,0.1096,435706.0,Low Risk
V2525,Vendor_596_LLC,Textiles,23,4557,2873,2483,1028,638,21,2.11,3.0,13.0,,168725.0,Low Risk
V7533,Vendor_891_Inc,Chemicals,4,1609,547,506,15,121,17,2.72,9.0,35.0,0.0397,359101.0,YES
V4500,Vendor_772_Corp,Packaging,3,30,12,6,2,9,26,3.59,2.0,60.0,0.1623,79423.0,High
V8753,Vendor_405_Corp,Packaging,7,4779,2176,220,1994,1658,12,3.78,8.0,16.0,0.2982,349122.0,0
V5708,Vendor_163_Ltd,Machinery,5,4396,3644,3232,682,2242,6,4.08,9.0,4.0,0.288,88771.0,high
V4524,Vendor_263_Inc,Packaging,25,4062,2824,2423,1114,408,8,4.52,2.0,8.0,0.1864,375649.0,Low Risk
V2073,Vendor_788_Inc,Office Supplies,2,2581,1283,1219,1079,581,5,4.65,9.0,39.0,0.0569,498059.0,
V3058,Vendor_926_Ltd,Electronics,6,1985,26,7,8,21,15,4.51,3.0,17.0,0.1204,324467.0,Low Risk
V9984,Vendor_583_Corp,Chemicals,16,4085,619,548,545,344,10,3.37,3.0,40.0,0.2057,430568.0,1
V3900,Vendor_266_LLC,IT Hardware,16,4861,3299,564,1784,1090,11,3.54,2.0,,0.016,371741.0,High
V2687,Vendor_848_LLC,Chemicals,6,2096,829,79,606,156,9,3.69,3.0,67.0,0.1762,,high
V2889,Vendor_915_LLC,Electronics,8,4396,3808,3798,372,3582,24,4.1,2.0,72.0,0.1438,477752.0,YES
V6410,Vendor_100_LLC,Electronics,21,847,427,72,390,237,20,2.47,6.0,23.0,0.033,402580.0,
V2857,Vendor_313_Co,Office Supplies,26,1728,800,199,722,565,22,4.43,3.0,27.0,0.2583,475641.0,High
V7443,Vendor_847_Inc,Electronics,21,1923,658,353,294,459,3,3.91,7.0,28.0,,282099.0,0
V2127,Vendor_531_LLC,IT Hardware,4,4329,2077,548,648,661,29,3.95,5.0,9.0,0.0,78684.0,1
V5196,Vendor_210_Co,Raw Materials,27,762,289,289,224,225,17,4.07,3.0,60.0,0.0239,187552.0,
V9845,Vendor_266_Co,Chemicals,4,2606,1408,302,763,918,30,2.07,8.0,19.0,0.2843,487440.0,Low
V5140,Vendor_469_Inc,Textiles,24,3850,3092,987,956,270,24,4.09,6.0,62.0,0.0877,435875.0,1
V1188,Vendor_347_Inc,Packaging,25,1871,476,24,256,338,10,2.93,9.0,37.0,0.241,131546.0,
V8235,Vendor_435_Co,Office Supplies,19,4845,2771,1195,678,2230,24,4.91,4.0,3.0,0.2509,425231.0,NO
V3838,Vendor_517_Inc,Textiles,22,3090,2018,114,478,293,28,4.4,2.0,21.0,0.1316,9386.0,high
V2175,Vendor_960_LLC,IT Hardware,23,3180,2824,41,1462,892,16,4.27,4.0,60.0,0.0852,198261.0,high
V4094,Vendor_279_Corp,Electronics,23,2685,1500,80,898,1284,23,4.19,3.0,17.0,0.2404,158181.0,High
V3118,Vendor_599_Ltd,Automotive,14,1424,599,492,21,565,5,4.22,Good,8.0,0.0737,371983.0,NO
V3589,Vendor_425_Corp,Automotive,18,2541,2145,553,1761,594,24,2.36,6.0,19.0,0.2181,402308.0,Low
V6764,Vendor_764_Co,Food & Beverage,14,4471,1302,920,462,79,14,2.4,9.0,40.0,High,484177.0,
V6590,Vendor_610_Ltd,Packaging,3,2918,835,84,571,321,25,4.21,6.0,38.0,0.1339,264991.0,
V6070,Vendor_848_Corp,IT Hardware,4,2668,438,21,252,322,29,2.7,2.0,13.0,0.1388,267081.0,high
V6027,Vendor_481_LLC,IT Hardware,21,61,56,2,2,9,29,2.7,4.0,17.0,0.1928,433966.0,1
V4524,Vendor_136_Co,Machinery,11,1051,741,154,380,293,23,2.75,6.0,23.0,0.2893,185534.0,1
V2347,Vendor_310_Inc,Raw Materials,10,1118,393,353,127,96,21,3.56,6.0,4.0,0.1394,76107.0,high
V7259,Vendor_453_Corp,Raw Materials,14,3837,2536,193,793,1535,28,3.79,9.0,55.0,0.0011,425551.0,low
V9814,Vendor_239_Co,Automotive,3,4777,4066,3781,2668,72,2,3.69,10.0,62.0,0.1928,97435.0,high
V8391,Vendor_431_Co,Office Supplies,3,3749,1368,1152,1139,1112,6,3.78,10.0,55.0,0.0935,208220.0,0
V3291,Vendor_764_Inc,Textiles,8,1215,921,885,604,809,5,2.05,4.0,57.0,0.0759,210316.0,low
V1021,Vendor_259_Inc,Machinery,30,1235,259,20,117,17,12,2.43,5.0,71.0,0.2461,233023.0,
V5040,Vendor_994_Ltd,IT/IS,4,1042,630,113,338,350,-5,3.6,6.0,59.0,0.0845,307687.0,0
V2643,Vendor_456_Co,Electronics,24,692,48,16,32,23,12,4.59,3.0,38.0,0.1668,235417.0,High Risk
V3935,Vendor_916_Corp,Office Supplies,15,1901,1726,492,858,1374,12,3.06,3.0,10.0,0.0768,243937.0,0
V5569,Vendor_221_Co,Raw Materials ,19,2062,779,198,532,686,11,4.84,4.0,TBD,0.2781,30935.0,low
V9043,Vendor_140_Co,Raw Materials,16,3500,2052,1642,1402,1475,10,4.1,10.0,,0.0198,336355.0,0
V2647,Vendor_214_LLC,Machinery,22,2718,770,80,738,742,12,3.73,5.0,22.0,0.1203,97810.0,low
V5851,Vendor_140_Inc,Raw Materials,16,4613,2227,604,830,1948,23,4.98,,47.0,0.1443,343110.0,1
V5477,Vendor_712_Inc,Textiles,12,2379,685,0,61,493,27,3.9,10.0,66.0,0.0844,85628.0,NO
V8071,Vendor_339_Inc,Food & Beverage,17,4385,1723,1078,716,171,3,4.98,2.0,53.0,0.0849,408028.0,High
V2094,Vendor_525_Co,Textiles,3,3494,670,310,285,174,22,4.64,7.0,6.0,0.0008,479231.0,
V6741,Vendor_263_LLC,IT Hardware,6,3732,2758,1207,2281,714,11,2.84,7.0,44.0,0.2861,397068.0,NO
V8578,Vendor_849_Ltd,Machinery,8,1488,1182,924,110,470,17,2.01,1.0,33.0,0.2714,135317.0,YES
V5376,Vendor_342_LLC,IT Hardware,1,3245,261,228,210,147,16,3.22,9.0,17.0,0.075,373683.0,High
V2520,Vendor_448_Ltd,Office Supplies,9,3216,910,887,199,559,3,4.05,,24.0,0.1599,178150.0,NO
V2198,Vendor_978_Inc,Electronics,15,2297,328,150,322,310,14,4.32,9.0,26.0,0.2616,498771.0,
V8411,Vendor_912_LLC,Packaging,4,4934,2959,2942,1991,2298,13,3.63,3.0,,0.2822,95321.0,0
V2496,Vendor_860_LLC,Raw Materials,29,339,311,136,282,142,29,2.4,5.0,8.0,0.0623,128895.0,
V9534,Vendor_403_LLC,Food & Beverage,8,2357,2302,246,597,97,12,3.83,2.0,,0.0279,250828.0,YES
V1435,Vendor_406_Corp,Automotive,13,2910,1296,1294,1254,390,3,4.33,8.0,49.0,0.1387,267676.0,0
V3982,Vendor_819_Inc,Packaging,5,2721,339,318,221,324,9,2.09,,65.0,0.1699,92096.0,1
V9779,Vendor_218_LLC,Electronics,10,3132,2337,2186,1249,1186,7,2.26,9.0,3.0,0.2464,307456.0,1
V6517,Vendor_118_LLC,IT Hardware,18,350,321,153,150,320,13,2.58,4.0,33.0,0.1131,498272.0,high
V9539,Vendor_485_Co,Machinery,20,1576,1274,747,981,283,11,2.71,2.0,4.0,0.1149,377398.0,low
V7174,Vendor_169_Ltd,Automotive,23,2356,2312,747,2225,1186,18,4.31,5.0,14.0,0.2938,478691.0,
V4962,Vendor_901_Corp,Packaging,5,2873,1145,1121,434,91,21,2.56,7.0,26.0,0.1075,154041.0,High
V5823,Vendor_535_Inc,Raw Materials,4,2130,260,136,85,23,26,4.88,,5.0,0.2041,243942.0,0
V6049,Vendor_734_Corp,Electronics,30,4203,871,767,118,649,26,2.28,9.0,58.0,0.2324,32247.0,
V8268,Vendor_865_Corp,Packaging,3,4366,1880,629,1021,1371,1,3.95,,61.0,0.0698,,YES
V3513,Vendor_715_Inc,Textiles,12,2281,160,96,53,153,4,4.34,4.0,19.0,0.2753,45981.0,0
V6372,Vendor_952_LLC,Food & Beverage,25,2179,394,353,70,132,27,3.42,6.0,5.0,0.2378,422862.0,low
V4628,Vendor_799_LLC,Packaging,24,3841,835,389,687,385,13,3.97,8.0,27.0,0.2159,434496.0,0
V7984,Vendor_141_Ltd,IT Hardware,2,3912,231,34,228,108,6,3.85,1.0,59.0,0.1662,45961.0,0
V6623,Vendor_726_Co,Packaging,12,2433,1447,1013,697,1163,1,4.67,6.0,31.0,0.2065,203754.0,0
V6373,Vendor_442_Ltd,Packaging,27,2984,894,368,353,137,27,2.05,4.0,52.0,0.1853,75013.0,high
V8409,Vendor_954_Corp,Chemicals,8,202,45,13,37,30,3,2.62,6.0,,0.019,108955.0,High Risk
V8694,Vendor_313_Inc,Food & Beverage,4,4839,1143,102,451,325,5,3.09,8.0,24.0,0.2967,81897.0,1
V6272,Vendor_409_Co,Raw Materials,25,3770,2326,2024,43,780,12,4.64,8.0,42.0,0.0338,138193.0,NO
V2166,Vendor_464_Inc,Chemicals,24,4646,972,269,162,932,28,4.94,1.0,52.0,0.1388,205145.0,0
V3095,Vendor_542_Corp,Food & Beverage,13,3230,444,5,29,249,17,4.05,6.0,10.0,0.1263,495535.0,High
V3323,Vendor_369_Ltd,Machinery,4,193,76,4,15,38,30,3.91,1.0,61.0,0.0524,60027.0,1
V2054,Vendor_548_Corp,IT Hardware,4,3467,2887,1483,839,740,4,3.48,8.0,70.0,0.1221,446446.0,YES
V8253,Vendor_402_Co,IT Hardware,3,3255,505,495,81,286,16,4.59,1.0,56.0,0.1295,167228.0,
V8339,Vendor_663_Corp,Raw Materials,18,3218,1730,1596,1489,1196,16,3.06,9.0,15.0,0.1891,248369.0,low
V8800,Vendor_620_Co,Office Supplies,21,1063,788,657,246,739,1,2.12,1.0,12.0,0.2852,162667.0,0
V2068,Vendor_879_Inc,IT Hardware,9,1728,311,284,241,268,23,4.68,6.0,55.0,0.2908,388693.0,0
V5777,Vendor_445_Ltd,Office Supplies,3,4035,67,60,2,27,12,3.08,3.0,63.0,0.269,81327.0,1
V3471,Vendor_480_Corp,Chemicals,20,4136,1148,542,68,548,16,2.8,4.0,35.0,0.172,165128.0,1
V8503,Vendor_638_Co,Food & Beverage,19,1229,732,95,117,266,27,2.95,2.0,18.0,0.2625,5234.0,High
V7386,Vendor_423_Co,Machinery,15,579,271,130,271,27,30,3.87,1.0,9.0,0.0638,474533.0,
V1761,Vendor_638_Ltd,Office Supplies,11,1882,30,23,3,16,17,2.9,4.0,3.0,0.0394,336885.0,NO
V1359,Vendor_251_Co,Office Supplies,25,1078,697,181,331,60,4,4.54,6.0,10.0,0.1121,494839.0,YES
V7571,Vendor_691_Ltd,Chemicals,10,2934,112,7,65,96,14,2.41,7.0,42.0,0.0574,369420.0,0
V3352,Vendor_398_Ltd,Office ,20,4898,4391,134,4221,1981,12,2.72,7.0,24.0,0.1993,45886.0,High Risk
V7826,Vendor_898_Ltd,Chemicals,22,2363,261,161,10,35,3,3.02,1.0,48.0,0.2829,390000.0,Low
V6466,Vendor_535_Ltd,IT Hardware,19,1927,785,339,581,743,28,3.44,5.0,56.0,0.1538,383879.0,Low
V4057,Vendor_918_Co,Raw Materials,8,4464,607,555,150,474,22,3.16,6.0,14.0,0.2739,164667.0,High
V5766,Vendor_686_Corp,Textiles,22,4373,4309,3649,275,2088,1,3.45,4.0,3.0,0.243,252271.0,NO
V1644,Vendor_357_Ltd,Packaging,10,3746,1166,825,238,300,11,3.13,7.0,50.0,0.0663,203099.0,NO
V5509,Vendor_135_Inc,Chemicals,25,2115,998,794,620,789,23,4.99,5.0,18.0,0.2265,10171.0,
V3795,Vendor_417_Corp,Machinery,16,1284,228,73,185,146,4,3.44,1.0,55.0,0.2065,297934.0,0
V4914,Vendor_924_Co,Raw Materials,17,2477,1266,907,412,780,25,2.16,4.0,60.0,0.082,497762.0,Low 
V8280,Vendor_214_Inc,Automotive,15,294,224,152,61,123,3,3.85,10.0,37.0,0.043,27431.0,YES
V3001,Vendor_228_Inc,Automotive,7,3819,1637,1525,980,753,16,4.28,10.0,4.0,0.0186,419671.0,Low
V9813,Vendor_248_Corp,Raw Materials,5,1825,1824,1045,305,893,2,2.43,2.0,41.0,0.2421,213088.0,0
V2373,Vendor_549_Corp,IT Hardware,28,1564,167,14,154,16,3,2.03,4.0,57.0,0.2308,370098.0,
V7288,Vendor_603_Inc,Electronics,20,2411,13,3,0,11,24,4.76,10.0,13.0,0.2971,477720.0,Low Risk
V2817,Vendor_683_LLC,Automotive,26,2298,1669,1622,229,1015,3,3.42,1.0,59.0,0.0771,129386.0,high
V1104,Vendor_519_Corp,Machinery,18,1610,1500,1119,502,308,12,3.91,1.0,43.0,0.0004,345616.0,high
V8924,Vendor_298_Ltd,IT Hardware,23,1250,153,32,7,94,28,4.39,1.0,5.0,0.0954,,1
V8789,Vendor_605_LLC,Packaging,14,2481,450,334,242,142,13,4.9,2.0,61.0,0.1638,112505.0,Low Risk
V5243,Vendor_704_Corp,Raw Materials,20,1421,261,242,83,142,18,2.47,3.0,27.0,0.2982,265490.0,1
V9420,Vendor_473_Inc,Raw Materials,18,4623,679,453,117,307,8,3.87,3.0,41.0,0.0393,448343.0,YES
V3562,Vendor_555_Corp,IT Hardware,9,321,288,275,147,8,7,4.98,6.0,22.0,0.0351,398093.0,
V8171,Vendor_526_Co,Office Supplies,9,2214,1543,1279,376,668,14,3.95,9.0,36.0,0.0176,394244.0,Low
V3325,Vendor_873_LLC,IT Hardware,4,166,16,1,5,13,11,3.3,6.0,7.0,0.2412,268511.0,low
V1740,Vendor_981_Ltd,,3,1589,672,629,37,511,12,2.26,3.0,47.0,0.238,369791.0,NO
V5963,Vendor_251_Co,Electronics,9,2117,933,28,871,216,12,4.16,9.0,52.0,0.1431,472861.0,0
V6216,Vendor_299_LLC,Textiles,1,179,118,95,1,98,24,4.23,2.0,31.0,0.2362,42848.0,0
V9478,Vendor_429_Corp,Office Supplies,24,4559,1467,1156,1335,475,30,3.6,8.0,62.0,0.1775,291106.0,
V6491,Vendor_672_Corp,Raw Materials,22,1173,193,119,179,123,11,3.62,5.0,55.0,,255215.0,Low Risk
V1906,Vendor_555_LLC,Chemicals,21,1635,1122,855,797,995,5,2.31,1.0,,0.1841,463841.0,Yes
V8503,Vendor_416_Ltd,Textiles,20,4393,4187,2723,1847,3927,7,2.08,6.0,10.0,0.011,191037.0,High Risk
V4985,Vendor_875_Inc,Food & Beverage,22,4719,2049,1813,1544,1980,15,4.69,1.0,62.0,0.0349,36417.0,high
V4673,Vendor_107_LLC,Chemicals,21,4005,3166,2785,1176,1071,20,2.36,9.0,10.0,0.2779,60347.0,low
V6822,Vendor_701_Ltd,Food & Beverage,8,3508,671,609,77,276,14,,10.0,69.0,0.2253,491630.0,Low
V1608,Vendor_668_Corp,IT Hardware,21,4797,2531,2000,1147,1490,17,3.85,8.0,16.0,0.1399,,
V4870,Vendor_265_LLC,IT Hardware,30,3921,201,172,13,109,30,3.81,9.0,63.0,0.2814,110962.0,1
V7736,Vendor_466_LLC,Automotive,3,4813,4717,813,315,298,13,3.39,6.0,21.0,0.1639,326109.0,low
V8507,Vendor_977_Inc,Packaging,11,4513,2422,2088,290,1837,27,3.58,9.0,16.0,0.0246,199646.0,1
V1931,Vendor_858_Corp,Packaging,11,300,26,11,6,6,27,3.97,4.0,8.0,0.0543,278068.0,
V3553,Vendor_793_Corp,Raw Materials,1,982,331,25,0,304,3,4.83,4.0,72.0,0.0626,148422.0,YES
V4703,Vendor_553_Corp,Raw Materials,5,4631,4017,3582,2096,3415,9,4.92,2.0,8.0,0.2515,440431.0,1
V3496,Vendor_126_Inc,Packaging,6,2618,2268,2017,1473,1951,5,4.41,3.0,61.0,0.1907,242706.0,
V4387,Vendor_498_Inc,Machinery,28,3642,2716,825,2601,597,22,4.57,4.0,63.0,0.1467,-1000.0,high
V1749,Vendor_549_Corp,IT Hardware,23,3852,1834,1779,791,715,15,2.81,7.0,21.0,0.2716,434254.0,Low Risk
V7684,Vendor_672_Inc,Automotive,7,4345,3047,2173,883,136,28,3.28,9.0,16.0,0.127,85873.0,1
V3600,Vendor_279_Ltd,Packaging,20,636,38,15,30,26,9,2.37,,17.0,0.108,460803.0,
V1372,Vendor_602_Inc,Automotive,25,565,70,59,60,43,1,3.52,10.0,62.0,0.2913,,Low
V1729,Vendor_161_Inc,Machinery,8,3365,2430,1772,2212,2402,26,4.42,8.0,33.0,0.2865,393683.0,YES
V7879,TBD,Packaging,14,1609,1249,976,310,1176,11,3.32,10.0,8.0,0.1155,,1
V2954,Vendor_472_LLC,Machinery,18,2242,672,665,66,310,15,3.32,9.0,64.0,0.2393,403229.0,0
V7939,Vendor_818_Ltd,Raw Materials,21,3270,2075,1173,2052,1701,18,3.61,3.0,36.0,0.0251,42430.0,High Risk
V6453,Vendor_908_Co,Automotive,18,997,490,415,264,88,30,2.21,7.0,14.0,0.217,123760.0,low
V8106,Vendor_555_Corp,Chemicals,18,219,88,81,3,54,11,2.7,4.0,26.0,0.2329,262942.0,
V4128,Vendor_383_Inc,Food & Beverage,23,1998,1113,432,703,533,23,2.23,9.0,37.0,0.0166,115367.0,
V6099,Vendor_948_LLC,Raw Materials,3,1629,521,381,67,241,12,2.0,1.0,14.0,0.1514,55728.0,High Risk
V5493,Vendor_470_Inc,Chemicals,26,2433,1382,1169,808,79,21,4.43,10.0,2.0,0.0373,299026.0,YES
V6220,Vendor_909_Inc,Packaging,1,738,67,62,53,54,11,2.56,9.0,67.0,0.273,341933.0,1
V7436,Vendor_205_Co,IT Hardware,10,2058,708,202,703,287,6,4.38,8.0,56.0,0.2649,223160.0,Low Risk
V1778,Vendor_504_Ltd,Raw Materials,11,4577,3999,2210,3105,3268,23,4.65,6.0,66.0,0.0994,211417.0,high
V6228,Vendor_398_Ltd,IT Hardware,26,1655,981,321,181,407,8,2.98,5.0,51.0,0.1095,99999999.0,Low Risk
V8737,Vendor_619_Inc,IT Hardware,30,454,35,34,14,0,1,3.51,5.0,45.0,0.1131,359537.0,NO
V7546,Vendor_451_Ltd,Raw Materials,22,392,136,129,97,129,9,3.26,9.0,36.0,0.2157,258775.0,0
V8465,Vendor_174_Inc,Machinery,4,734,27,12,4,21,6,4.3,,44.0,0.1067,429551.0,
V3501,Vendor_969_Corp,Automotive,5,3527,1880,528,1442,676,14,4.03,1.0,62.0,0.1044,444218.0,High Risk
V2787,Vendor_325_Inc,IT Hardware,11,3946,1786,1223,179,953,3,3.93,9.0,36.0,0.2935,433465.0,Low Risk
V3698,Vendor_385_Co,Chemicals,23,3625,2094,1202,1744,654,12,4.49,1.0,40.0,0.122,73398.0,Low
V3553,Vendor_686_LLC,IT Hardware,30,2779,2362,1006,1774,1609,20,4.86,9.0,64.0,0.0799,5937.0,YES
V7573,Vendor_582_LLC,Raw Materials,28,3314,3223,2723,1229,1586,17,3.62,10.0,11.0,0.254,222243.0,NO
V3478,Vendor_508_Co,Electronics,7,2324,1650,1022,1110,1415,23,4.58,10.0,36.0,0.2557,480337.0,1
V4336,Vendor_810_LLC,IT Hardware,2,4497,796,204,486,154,2,4.65,8.0,18.0,0.0313,,High Risk
V7872,Vendor_582_Inc,IT Hardware,20,4563,973,177,944,785,18,4.84,3.0,21.0,0.1864,422210.0,Low 
V6869,Vendor_970_Corp,Automotive,13,773,748,469,650,680,7,4.9,4.0,64.0,0.0806,435290.0,High
V8245,Vendor_665_Ltd,Food & Beverage,3,588,206,183,92,103,10,2.38,10.0,63.0,0.0663,251848.0,1
V2512,Vendor_117_Co,Packaging,2,1041,331,260,295,261,28,4.86,1.0,13.0,0.2184,489872.0,low
V4458,Vendor_563_Corp,Chemicals,27,876,475,369,32,178,17,4.64,,37.0,0.044,14729.0,YES
V2349,Vendor_140_Co,Electronics,27,1363,634,338,102,39,30,2.58,,51.0,0.2473,258089.0,1
V3169,Vendor_462_Corp,Electronics,25,501,430,190,132,321,21,4.82,8.0,39.0,0.1717,3733.0,low
V5844,Vendor_629_Ltd,Packaging,9,4601,3678,3571,1720,868,15,4.4,3.0,17.0,0.0624,29104.0,1
V7567,Vendor_289_Ltd,Raw Materials,11,2319,1490,1120,352,1349,18,3.68,10.0,53.0,0.0343,428796.0,low risk
V5805,Vendor_768_LLC,Packaging,27,2444,733,677,553,90,4,4.14,10.0,39.0,0.2063,65049.0,Low Risk
V7417,Vendor_432_LLC,Packaging,19,1863,1703,594,714,386,13,3.65,6.0,51.0,0.1997,356778.0,
V1095,Vendor_981_Corp,Textiles,15,3794,2944,356,331,2129,23,4.35,5.0,25.0,0.1137,436065.0,High
V9287,Vendor_611_LLC,Food & Beverage,6,323,293,71,139,150,5,3.37,1.0,12.0,0.2848,443137.0,Low
V2966,Vendor_172_LLC,Food & Beverage,24,3640,3038,2793,1311,569,11,4.84,7.0,32.0,0.2272,262118.0,1
V5948,Vendor_549_Ltd,Electronics,2,2664,1986,167,1613,1190,15,4.95,10.0,11.0,0.2225,370499.0,NO
V1057,Vendor_979_Corp,Machinery,10,4810,2223,2041,1952,1433,11,4.29,3.0,8.0,0.0558,95136.0,high
V6372,Vendor_270_Co,Automotive,22,3461,2697,432,2136,1872,29,4.37,9.0,16.0,0.1336,86297.0,high
V5490,Vendor_745_Ltd,Textiles,14,2101,1758,1166,24,331,25,4.21,6.0,6.0,0.0378,296212.0,low
V5530,Vendor_207_Inc,Food & Beverage,20,2717,1918,1493,1411,752,14,2.36,5.0,20.0,0.1678,97245.0,1
V9294,Vendor_567_Ltd,Raw Materials,22,1333,213,175,128,169,24,3.27,10.0,13.0,0.1162,266447.0,low
V3950,Vendor_710_Co,IT Hardware,2,3224,197,95,3,178,15,3.2,10.0,16.0,0.2287,265636.0,1
V4468,Vendor_829_Inc,IT Hardware,28,4889,3660,3122,2508,2327,14,3.07,8.0,59.0,0.0946,126778.0,YES
V3906,Vendor_757_Co,Office Supplies,28,2999,2314,1894,935,565,27,3.44,1.0,19.0,0.2722,124357.0,
V7226,Vendor_424_Ltd,Automotive,2,3266,2661,328,1345,2185,20,2.21,5.0,30.0,0.224,228526.0,1
V8117,Vendor_978_Co,Chem,30,3298,3156,2901,1813,2704,10,4.73,8.0,2.0,0.144,27655.0,Low Risk
V6385,Vendor_237_Inc,Packaging,21,1960,1891,1485,1224,908,26,4.28,9.0,54.0,0.1944,152233.0,
V6194,Vendor_351_Inc,Automotive,27,2801,490,319,415,16,14,2.88,2.0,8.0,0.2817,349559.0,0
V1108,Vendor_897_Corp,Textiles,30,2335,474,26,292,207,13,4.48,7.0,9.0,0.198,102543.0,1
V6544,TBD,IT Hardware,5,2286,1225,152,351,637,9,4.43,7.0,57.0,0.2026,,YES
V1142,Vendor_486_Corp,Electronics,17,3272,1561,1523,146,1114,30,3.02,4.0,59.0,0.0123,262948.0,0
V2094,Vendor_160_Ltd,Office Supplies,5,2562,855,751,627,608,16,4.47,4.0,51.0,0.2359,339734.0,high
V9200,Vendor_963_Ltd,Textiles,13,1260,486,420,190,425,6,3.18,1.0,11.0,0.0252,322585.0,high
V9181,Vendor_705_Inc,IT Hardware,14,1282,497,218,46,402,24,2.79,5.0,46.0,0.2134,186618.0,low
V4051,Vendor_882_Co,IT Hardware,29,3702,2417,784,1540,1361,19,3.51,9.0,47.0,0.2917,336854.0,Low
V3555,Vendor_680_Inc,Textiles,12,3956,2892,802,2074,264,29,3.47,7.0,5.0,0.1936,72123.0,High
V2178,Vendor_441_LLC,Food & Beverage,7,2330,1536,1151,1241,984,5,4.75,1.0,2.0,0.2585,383923.0,NO
V9876,Vendor_533_Corp,Food & Beverage,1,850,830,430,142,317,365,3.35,3.0,54.0,0.2705,213915.0,0
V3542,Vendor_563_Inc,Textiles,2,4285,3093,642,595,1379,1,2.5,4.0,5.0,0.0389,471097.0,High
V4731,Vendor_121_Corp,Electronics,25,3544,1956,621,1600,1740,26,4.43,9.0,49.0,0.2046,387884.0,0
V4370,Vendor_328_Corp,Office Supplies,11,1274,773,143,448,488,17,2.29,9.0,60.0,0.118,211987.0,1
V6982,Vendor_725_LLC,Packaging,8,3544,2938,1172,2167,2561,14,2.37,1.0,32.0,0.1596,159298.0,
V4663,Vendor_964_LLC,Machinery,15,2120,436,421,75,284,29,2.46,2.0,70.0,0.1518,217344.0,NO
V5380,Vendor_713_LLC,Raw Materials,13,3423,811,539,353,400,28,2.62,,6.0,0.2433,393977.0,High
V3099,Vendor_499_Ltd,Office Supplies,24,510,183,96,4,55,23,3.02,2.0,8.0,0.0699,191950.0,1
V2641,Vendor_682_Ltd,Office Supplies,27,1759,1027,329,732,662,6,3.41,5.0,28.0,0.0401,211451.0,1
V7776,Vendor_473_LLC,Raw Materials,11,4124,2664,2334,1789,1025,28,3.45,3.0,37.0,0.1613,174754.0,high
V3127,Vendor_410_Co,Automotive,14,1990,21,6,4,13,10,2.08,5.0,52.0,0.119,425233.0,High
V6377,Vendor_565_Ltd,Food & Beverage,19,1724,846,83,123,561,29,2.97,3.0,38.0,0.2868,254542.0,YES
V7031,Vendor_452_Ltd,Electronics,30,283,124,90,45,40,5,2.11,7.0,15.0,0.1411,39610.0,1
V5126,Vendor_184_Ltd,Electronics,27,3539,876,106,317,796,13,2.87,7.0,21.0,0.1064,394369.0,Low
V2980,Vendor_487_Corp,Electronics,15,2172,1813,817,469,1165,13,3.71,2.0,54.0,0.0978,293565.0,low
V9528,Vendor_441_Inc,Chemicals,4,510,310,293,236,77,15,3.74,,39.0,0.2737,45643.0,High
V9221,Vendor_757_Ltd,IT Hardware,2,1922,1458,1067,256,1287,18,4.25,7.0,66.0,0.1282,414054.0,1
V5184,Vendor_442_Co,Office Supplies,15,2489,1402,125,808,977,9,2.51,,47.0,0.2828,94443.0,
V3620,Vendor_244_Corp,Packaging,22,4706,4513,3179,3791,2547,17,3.03,10.0,22.0,0.2357,247253.0,
V9043,Vendor_227_Ltd,Food & Beverage,21,4964,4960,4162,4617,347,16,3.56,,7.0,0.0705,425722.0,0
V2273,Vendor_119_Ltd,Textiles,2,1729,266,40,217,57,7,2.32,9.0,8.0,0.1407,477331.0,High
V2488,Vendor_920_Inc,Office Supplies,8,4891,1032,2,911,234,23,4.26,1.0,24.0,0.0567,368223.0,0
V2856,Vendor_744_LLC,Electronics,4,3038,2433,407,1044,1780,24,2.8,8.0,65.0,0.2787,144940.0,0
V9650,Vendor_514_Corp,Electronics,13,2226,384,247,155,380,9,4.4,10.0,66.0,0.1511,83668.0,High
V7231,Vendor_679_LLC,Machinery,26,4686,3905,3247,755,1544,30,4.33,6.0,,0.2203,84277.0,low
V4159,Vendor_217_Ltd,Machinery,29,384,246,223,52,10,19,4.3,10.0,15.0,0.0322,264133.0,Low Risk
V4451,Vendor_781_LLC,Raw Materials,4,3227,897,662,604,370,11,4.2,2.0,28.0,0.0103,76597.0,low
V3652,Vendor_341_Inc,IT Hardware,25,185,162,148,54,37,5,4.63,9.0,14.0,0.2364,76678.0,0
V9175,Vendor_966_Co,Machinery,6,4131,1816,1759,1189,191,16,3.47,7.0,17.0,0.1563,188727.0,High
V5607,Vendor_883_Inc,Electronics,22,1110,80,39,28,70,23,2.78,7.0,19.0,0.0318,460665.0,
V4847,Vendor_806_Ltd,Electronics,21,2199,99,85,34,24,2,4.62,7.0,72.0,0.2856,257129.0,
V8401,Vendor_562_Corp,Chemicals,22,1318,449,224,125,301,4,2.75,6.0,70.0,0.16,217880.0,1
V1350,Vendor_925_Co,Electronics,23,3338,1188,884,1038,1046,22,2.76,10.0,42.0,0.0469,15511.0,
V9447,Vendor_430_Ltd,Automotive,9,3333,1385,1339,387,256,20,4.67,10.0,57.0,0.2597,421846.0,low
V9251,Vendor_742_Corp,Food & Beverage,20,3422,2907,1980,2898,1168,27,4.26,10.0,8.0,0.0605,332022.0,1
V9050,Vendor_152_LLC,Electronics,7,3093,840,508,289,836,14,3.18,9.0,55.0,0.2003,29260.0,0
V8781,Vendor_728_Ltd,Packaging,17,3908,1502,1328,350,910,17,3.41,7.0,37.0,0.2333,317310.0,1
V1069,Vendor_865_Co,Office Supplies,4,1432,503,487,435,212,30,4.4,10.0,4.0,0.248,69943.0,
V2354,Vendor_616_Inc,Machinery,17,4115,2293,1322,356,2236,3,3.96,5.0,32.0,0.1684,490175.0,1
V9510,Vendor_783_Inc,IT Hardware,2,2396,1252,868,796,764,17,4.08,6.0,61.0,0.0369,254437.0,0
V7351,Vendor_576_Inc,IT Hardware,17,1833,53,17,19,20,30,4.75,2.0,72.0,0.2822,435162.0,high
V5215,Vendor_848_Ltd,Raw Materials,10,4859,1808,62,1626,770,7,3.52,4.0,65.0,0.2616,34157.0,high
V8275,Vendor_227_Inc,Packaging,20,3689,1946,1338,108,1095,26,3.85,4.0,69.0,0.0655,165100.0,YES
V9547,Vendor_530_Inc,Automotive,25,4883,4713,912,4229,1580,18,2.56,3.0,53.0,0.176,498447.0,high
V4507,,IT Hardware,29,2350,1711,328,202,425,23,3.04,3.0,48.0,0.2886,492119.0,Low
V8803,Vendor_757_Ltd,Packaging,27,4486,3789,2988,3179,416,9,3.24,10.0,24.0,0.2777,27238.0,high
V1622,Vendor_857_LLC,Packaging,30,1964,239,182,225,226,10,3.05,2.0,17.0,0.0565,19978.0,0
V8125,Vendor_147_Ltd,Food & Beverage,16,4398,3233,1743,1376,2730,12,4.99,6.0,46.0,0.1347,128671.0,SAFE
V8440,Vendor_195_Corp,Electronics,28,4897,4865,2794,2068,905,27,3.22,6.0,N/A,0.253,478468.0,high
V4609,Vendor_175_Corp,Electronics,12,3761,3468,15,1423,2940,22,3.65,4.0,32.0,0.0025,322321.0,high
V7392,Vendor_586_Inc,Raw Materials,28,2754,1634,77,1619,281,6,2.24,7.0,29.0,0.2896,87661.0,High
V4962,Vendor_617_Co,Raw Materials,4,2282,1424,721,328,1025,27,3.73,1.0,68.0,0.0651,101426.0,High
V6473,Vendor_722_Inc,Electronics,17,4470,310,10,23,53,21,4.07,8.0,33.0,0.1863,17021.0,1
V3152,Vendor_170_Ltd,IT Hardware,28,2436,19,4,14,9,12,,3.0,,0.0552,90096.0,1
V9187,Vendor_593_Corp,Office Supplies,24,4474,4388,2352,620,2946,20,4.97,9.0,35.0,0.0518,328891.0,YES
V8779,Vendor_370_Inc,Raw Materials,24,4342,292,11,278,50,3,3.4,8.0,21.0,0.216,468270.0,0
V3152,Vendor_170_Co,Chemicals,2,3074,358,72,274,60,16,3.16,8.0,32.0,0.2109,299697.0,0
V1781,Vendor_664_Corp,Electronics,17,2470,1018,535,437,302,4,3.53,7.0,13.0,0.1394,378649.0,Low Risk
V9575,Vendor_307_Corp,Chemicals,19,680,27,5,21,25,22,4.32,5.0,10.0,0.016,48052.0,NO
V1534,Vendor_783_Inc,Textiles,7,4472,816,648,454,515,8,4.33,9.0,49.0,0.0344,449970.0,low
V4806,Vendor_376_Inc,Textiles,12,421,241,185,159,149,3,4.61,10.0,4.0,0.2514,350929.0,0
V3304,Vendor_739_Co,Packaging,22,2220,538,188,525,242,17,4.67,5.0,20.0,0.1315,476538.0,Low Risk
V4401,Vendor_562_Inc,Food & Beverage,9,2582,1665,247,1097,733,28,2.36,3.0,39.0,0.2479,366364.0,Low Risk
V9722,Vendor_142_Ltd,IT Hardware,15,1244,292,179,195,45,5,2.93,9.0,68.0,0.0927,34808.0,High
V3676,Vendor_715_Inc,Chemicals,12,4942,461,124,243,344,17,,9.0,29.0,0.1025,221776.0,1
V4080,Vendor_973_Corp,Office Supplies,5,2237,1166,1089,550,845,10,2.33,8.0,58.0,0.0816,-10000.0,low
V2868,Vendor_745_Corp,Chemicals,27,2505,1133,801,555,1008,27,2.46,7.0,33.0,0.1406,134238.0,0
V5144,Vendor_662_Corp,Office Supplies,2,2367,128,12,68,34,25,2.06,8.0,68.0,0.1214,168234.0,0
V4403,Vendor_354_LLC,Electronics,2,2665,1059,825,421,976,8,4.19,5.0,59.0,0.0297,351022.0,high
V4828,Vendor_777_Corp,Raw Materials,26,3129,2640,999,473,455,4,4.96,7.0,7.0,0.0563,93024.0,0
V2214,Vendor_571_Ltd,Packaging,2,1641,708,659,217,491,4,4.35,4.0,55.0,0.0629,259745.0,NO
V7740,Vendor_404_Corp,Electronics,27,4566,500,323,15,161,26,2.55,8.0,17.0,0.1333,375758.0,NO
V8931,Vendor_361_Co,Office Supplies,27,3743,2226,2137,1407,1462,13,4.99,3.0,63.0,0.2816,385917.0,low
V6375,Vendor_106_LLC,Machinery,19,2579,263,41,152,160,17,3.1,9.0,21.0,0.0899,274849.0,Low
V8404,Vendor_849_LLC,Food & Beverage,21,2447,201,133,38,142,25,2.87,1.0,49.0,0.0933,425803.0,0
V5718,Vendor_279_LLC,IT Hardware,5,3590,661,389,636,119,15,Excellent,7.0,62.0,0.1218,235172.0,Low
V3747,Vendor_304_Co,Chemicals,5,1443,69,48,63,59,17,4.31,9.0,,0.1191,360065.0,Low Risk
V8763,Vendor_875_Corp,Chemicals,18,1935,957,570,698,90,23,4.18,4.0,49.0,0.0757,498911.0,High Risk
V9859,Vendor_293_Ltd,Electronics,2,4947,338,220,73,328,13,4.43,2.0,14.0,0.1284,406332.0,0
V1625,Vendor_516_LLC,Raw Materials,24,550,206,36,75,194,10,4.91,2.0,30.0,0.065,137646.0,
V8697,Vendor_286_Ltd,Electronics,10,1974,1728,288,675,1513,29,2.85,10.0,4.0,0.1874,185341.0,YES
V6214,Vendor_647_Corp,Packaging,7,3072,801,273,428,790,20,4.81,9.0,47.0,0.1913,364733.0,1
V7175,Vendor_612_Corp,Machinery,26,434,197,125,113,65,20,2.0,6.0,53.0,0.2727,66333.0,0 
V8667,Vendor_713_Corp,Machinery,15,4291,28,15,4,24,4,4.84,2.0,55.0,0.0082,362894.0,High Risk
V6679,Vendor_210_Corp,Electronics,29,4784,2137,606,862,489,30,4.99,9.0,11.0,0.2419,269731.0,1
V2740,Vendor_142_Ltd,Machinery,3,1222,869,145,186,835,16,4.55,5.0,48.0,0.09,250984.0,high
V6465,Vendor_528_Co,Office Supplies,24,369,170,1,77,88,26,2.19,4.0,,0.1558,336625.0,0
V1931,Vendor_922_Inc,Textiles,22,4972,1663,729,1597,971,8,3.47,1.0,6.0,0.1523,168330.0,1
V7860,Vendor_477_Co,Textiles,22,1960,1391,1010,959,680,20,4.13,10.0,36.0,0.1202,365566.0,1
V2502,Vendor_534_Ltd,Chemicals,27,2543,1192,197,828,441,4,3.46,1.0,8.0,0.0662,232018.0,Low Risk
V8231,Vendor_441_Ltd,Chemicals,9,889,789,586,404,180,8,3.74,1.0,41.0,0.0191,318275.0,Low
V4058,Vendor_501_Corp,Electronics,20,3013,947,878,114,588,23,,1.0,18.0,0.2589,243990.0,Low
V6106,Vendor_390_Inc,Chemicals,5,2267,1431,703,552,1216,26,4.99,8.0,29.0,0.1468,225584.0,High Risk
V9023,Vendor_570_Inc,Automotive,13,1717,3,2,2,1,25,3.42,4.0,50.0,0.0983,77903.0,0
V6384,Vendor_619_Ltd,Automotive,10,3345,2463,1108,2017,723,21,2.9,9.0,32.0,0.1023,356384.0,High Risk
V2208,Vendor_878_Ltd,Automotive,28,4918,2221,2089,689,2044,5,2.19,4.0,71.0,0.1064,201030.0,high
V9796,Vendor_106_Corp,Food & Beverage,30,123,10,7,5,1,16,3.66,3.0,65.0,0.0852,193792.0,Low
V6494,Unknown,Chemicals,26,3999,3800,2336,1354,2918,6,3.78,6.0,33.0,0.0855,393611.0,high
V7232,Vendor_232_LLC,Automotive,20,4851,1188,231,630,933,22,3.56,10.0,24.0,0.2063,92229.0,
V1284,Vendor_239_Corp,Raw Materials,20,3024,2717,1951,145,1431,5,2.99,6.0,66.0,0.2482,347915.0,
V5937,Vendor_721_Corp,Chemicals,25,604,366,257,54,148,30,3.31,7.0,4.0,0.1422,280690.0,1
V9827,Vendor_272_Co,Machinery,17,2490,224,36,184,218,22,,4.0,22.0,0.0112,499757.0,1
V3870,Vendor_581_Co,Food & Beverage,30,4722,169,68,147,10,9,2.54,,56.0,0.1904,258805.0,1
V3825,Vendor_121_Co,Raw Materials,24,1849,110,24,104,81,9,2.09,2.0,67.0,0.084,292310.0,high
V2703,Vendor_906_LLC,Office Supplies,12,838,722,147,712,459,8,4.76,3.0,46.0,0.156,294917.0,High Risk
V8924,Vendor_916_Inc,Electronics,9,2961,639,371,247,78,1,4.39,4.0,61.0,0.0056,479117.0,NO
V3925,Vendor_694_Inc,Electronics,4,4402,2712,113,472,1069,20,3.3,6.0,56.0,0.1819,269132.0,1
V3109,Vendor_614_Corp,Food & Beverage,17,219,86,33,14,45,14,-5.0,5.0,60.0,0.2299,5065.0,1
V7008,Vendor_383_Inc,Chemicals,3,4156,1782,1266,1545,1573,13,4.48,3.0,28.0,0.2304,97761.0,High
V4369,Vendor_668_Corp,Chemicals,23,3833,3106,164,528,624,12,4.87,5.0,58.0,0.1514,86020.0,low
V5402,Vendor_810_Co,Automotive,21,783,493,244,360,109,9,4.23,6.0,35.0,0.0054,269091.0,0
V4640,Vendor_539_LLC,Office Supplies,5,4728,713,154,600,676,17,2.09,3.0,58.0,0.1803,268716.0,0
V7573,Vendor_690_Inc,Electronics,20,4114,3064,373,1452,2060,10,4.5,8.0,10.0,0.1586,420392.0,0
V5235,Vendor_151_Ltd,Chemicals,20,3227,326,42,263,231,19,4.05,2.0,47.0,0.2491,104819.0,Low Risk
V7597,Vendor_290_LLC,Food & Beverage,18,4503,3657,1259,2063,1350,21,4.93,7.0,9.0,0.1439,117059.0,
V7557,Vendor_793_Ltd,Office Supplies,3,2606,2023,50,1691,291,18,2.5,8.0,10.0,0.2401,238236.0,low
V8609,Vendor_256_Corp,Office Supplies,30,3261,823,423,304,171,28,TBD,5.0,41.0,0.2823,107272.0,high
V2054,Vendor_699_LLC,Machinery,3,564,346,44,287,338,22,2.14,4.0,33.0,0.1376,205340.0,
V7626,Vendor_543_Inc,Electronics,13,2128,1669,794,923,1290,22,2.35,1.0,9.0,,308027.0,0
V2405,Vendor_915_LLC,Raw Materials,29,3354,2616,965,1921,2206,21,4.49,2.0,47.0,0.0319,382223.0,1
V6917,Vendor_465_Ltd,Machinery,4,3144,1406,443,1017,139,1,3.07,1.0,,0.1703,102997.0,1
V7556,Vendor_640_Inc,Office Supplies,15,1142,752,688,242,584,26,4.44,7.0,65.0,0.2568,11045.0,Low Risk
V6012,Vendor_201_Ltd,Raw Materials,13,3077,60,21,50,59,29,3.51,2.0,3.0,0.0656,250842.0,High Risk
V9274,Vendor_175_Co,Chemicals,23,4787,4535,3781,3672,2347,28,2.11,9.0,16.0,0.0533,241178.0,Low
V6394,Vendor_802_Inc,Electronics,27,4914,1667,914,1035,1201,9,3.46,8.0,62.0,,464128.0,0
V8856,Vendor_380_Corp,IT Hardware,6,4185,1842,47,1201,1173,13,3.45,7.0,39.0,0.1714,53135.0,Low
V4946,Vendor_179_Corp,Packaging,28,2145,828,35,828,706,22,3.59,7.0,4.0,0.1122,377841.0,High
V2993,Vendor_807_Ltd,Textiles,3,1803,1316,1212,862,284,18,2.22,9.0,64.0,0.0401,65775.0,Low Risk
V6073,Vendor_809_Co,Electronics,10,3714,1359,652,650,1338,-1,3.15,7.0,29.0,0.1771,189400.0,NO
V6892,Vendor_258_Ltd,Chemicals,25,3762,2607,775,1150,359,22,2.46,2.0,,0.1612,129844.0,1
V2415,Vendor_302_Inc,Food & Beverage,6,80,56,34,5,19,21,2.6,Good,63.0,0.2876,80181.0,Low
V7857,Vendor_699_Inc,Raw Materials,6,3567,3153,1867,2289,2281,16,4.21,1.0,41.0,0.1467,374056.0,0
V2087,Vendor_773_Co,IT Hardware,26,2924,2685,68,278,578,3,,10.0,45.0,0.0388,,Low
V9602,Vendor_365_Inc,Machinery,10,4210,3730,2063,2898,2951,23,2.81,2.0,22.0,0.0672,280742.0,1
V6985,Vendor_647_Inc,Raw Materials,27,2741,1240,820,113,185,15,4.28,5.0,26.0,0.053,21620.0,high
V6022,Vendor_367_Corp,Automotive,9,3997,107,37,44,32,18,3.06,8.0,62.0,0.1936,,0
V6449,Vendor_282_Corp,Packaging,23,503,39,2,28,17,2,2.1,10.0,11.0,0.0201,330586.0,NO
V8905,Vendor_846_Ltd,IT Hardware,23,1606,1115,225,611,643,4,4.58,2.0,11.0,0.1035,324310.0,YES
V9550,Vendor_167_Inc,Electronics,18,729,67,41,48,57,6,4.72,3.0,38.0,0.2257,213711.0,High
V7966,Vendor_533_Co,Machinery,8,4737,384,189,161,75,27,4.37,2.0,41.0,0.2234,283308.0,
V1577,Vendor_931_Ltd,Office Supplies,24,787,92,76,44,34,16,3.54,10.0,4.0,0.1532,-10000.0,
V8138,Vendor_396_Ltd,Office Supplies,24,2917,1838,837,1291,921,6,4.17,10.0,66.0,0.0251,470551.0,0
V1376,Vendor_511_Co,Packaging,5,305,252,70,43,146,6,2.49,,53.0,0.1814,431356.0,1
V1359,Vendor_761_LLC,Machinery,9,545,183,3,169,131,17,3.91,4.0,25.0,0.1569,392628.0,Low Risk
V8386,Vendor_735_Ltd,Textiles,10,159,4,1,0,4,26,3.94,1.0,40.0,0.2069,,YES
V2314,Vendor_930_Ltd,Food & Beverage,20,774,521,3,497,425,14,3.52,1.0,8.0,0.0058,180175.0,0
V3221,Vendor_744_Inc,Electronics,18,2515,1484,1186,1102,951,24,3.83,3.0,14.0,0.1383,334473.0,
V6607,Vendor_800_LLC,IT Hardware,1,3878,2294,2033,995,61,28,2.11,5.0,27.0,0.2837,392123.0,Low Risk
V6058,Vendor_746_Inc,Packaging,7,3910,3659,1810,2629,226,1,4.97,2.0,63.0,0.0588,407964.0,High
V7085,Vendor_203_Corp,Machinery,22,4537,1417,475,303,485,-1,2.99,3.0,23.0,0.0968,139683.0,Low Risk
V1591,Vendor_946_Ltd,Textiles,20,4842,3601,3527,3066,1448,19,2.31,3.0,70.0,0.0941,449404.0,NO
V1791,Vendor_855_LLC,Machinery,9,193,62,39,55,28,6,Excellent,2.0,41.0,0.0904,285615.0,0
V8021,Vendor_928_Corp,Food & Beverage,11,2066,1197,368,92,568,28,3.02,9.0,71.0,0.1324,46373.0,low
V5823,Vendor_899_LLC,Textiles,13,1444,389,55,94,114,19,3.68,1.0,53.0,0.1867,13038.0,High Risk
V5353,Vendor_285_Ltd,Raw Materials,30,1972,753,734,602,121,27,2.86,5.0,70.0,0.1751,130925.0,
V6713,Vendor_367_Inc,Food & Beverage,3,410,132,91,67,76,10,4.13,1.0,68.0,0.2855,347703.0,1
V7911,Vendor_189_Co,Office Supplies,9,3606,2249,1522,1615,1225,5,3.35,4.0,34.0,0.1158,358262.0,0
V4064,Vendor_573_Co,Raw Materials,13,3647,3119,481,2966,262,4,2.59,2.0,50.0,0.1507,336752.0,
V7277,Vendor_168_LLC,Raw Materials,21,2706,2663,151,1783,289,5,4.82,8.0,68.0,0.1602,379788.0,High Risk
V8316,Vendor_651_Ltd,Electronics ,11,2455,2404,2375,2005,608,18,4.29,7.0,59.0,0.2799,456921.0,1
V7297,Vendor_507_Co,Raw Materials,17,1332,25,3,24,2,30,2.57,7.0,22.0,0.2489,133577.0,NO
V5847,Vendor_946_Inc,Machinery,23,4483,4387,2182,1600,3471,18,2.07,7.0,67.0,0.0821,433687.0,High
V3670,Vendor_919_Ltd,Machinery,6,2268,2267,1386,192,1404,22,2.36,10.0,52.0,0.0097,239457.0,
V1626,Vendor_387_Ltd,Raw Materials,13,4112,804,550,608,212,8,3.66,2.0,53.0,0.2901,249057.0,SAFE
V4270,Vendor_402_Corp,Packaging,2,903,719,292,586,272,3,2.69,7.0,65.0,0.0303,317222.0,
V8275,Vendor_986_LLC,Raw Materials,8,3024,2389,715,2220,1230,25,2.84,5.0,49.0,0.0198,5408.0,low
V1435,Vendor_537_LLC,Machinery,25,895,143,130,54,0,18,2.34,4.0,22.0,0.0805,61784.0,high
V3056,Vendor_412_Co,Machinery,24,997,444,143,317,25,17,4.76,,49.0,0.0997,338913.0,high
V2772,Vendor_545_Ltd,Office Supplies,19,4588,4267,1139,2274,2412,21,4.66,2.0,30.0,0.2181,462302.0,Low Risk
V7779,Vendor_447_Ltd,Textiles,14,4526,1761,880,924,467,24,2.29,7.0,41.0,0.1995,197241.0,0
V4888,Vendor_677_Corp,Automotive,10,3197,2878,1045,1011,1943,20,2.86,6.0,56.0,0.168,451921.0,NO
V8904,Vendor_412_Co,Automotive,8,4567,4420,1556,337,2702,20,3.79,8.0,34.0,0.25,390814.0,1
V9595,Vendor_971_Inc,,27,52,36,31,11,9,23,2.42,6.0,71.0,,390385.0,High
V3108,Vendor_500_Co,IT Hardware,7,1786,1589,1424,214,434,16,4.45,7.0,3.0,0.047,131921.0,high
V5363,Vendor_596_Corp,Office Supplies,9,517,458,360,222,209,7,2.87,7.0,72.0,0.0662,277254.0,Low
V7258,Vendor_769_Inc,IT Hardware,18,4788,871,739,763,704,7,4.45,4.0,42.0,0.0806,305959.0,YES
V6919,Vendor_216_LLC,Machinery,8,1679,331,139,106,168,3,4.71,7.0,48.0,0.2722,103956.0,0
V2854,Vendor_694_Ltd,Raw Materials,5,3016,137,9,123,94,24,4.19,5.0,60.0,0.1551,275389.0,Low Risk
V9357,Vendor_541_Inc,Packaging,27,493,166,116,46,30,29,4.04,3.0,56.0,0.0277,211797.0,Low Risk
V9159,Vendor_609_LLC,Food & Beverage,28,2038,1425,330,1221,798,11,3.74,3.0,70.0,0.0627,264968.0,YES
V3745,Vendor_122_Inc,Electronics,17,3427,288,159,66,222,12,2.42,7.0,32.0,0.0613,465070.0,high
V7917,Vendor_106_Co,Raw Materials,13,739,66,18,6,27,26,2.82,,72.0,0.2306,133735.0,High
V7362,Vendor_317_Inc,Office Supplies,27,3830,1461,1319,1026,1073,18,4.03,6.0,4.0,0.2774,219903.0,Low
V3121,Vendor_966_LLC,Textiles,5,4962,3087,685,1858,777,14,N/A,2.0,12.0,0.0887,77995.0,
V7224,Vendor_161_LLC,Chemicals,13,4589,568,234,461,148,26,2.59,2.0,58.0,0.1545,2471.0,0
V9166,Vendor_874_Ltd,Office Supplies,3,3040,1801,291,1742,633,26,2.67,10.0,53.0,0.256,341853.0,high
V9814,Vendor_646_Corp,Raw Materials,7,2634,2104,337,393,685,22,3.89,4.0,55.0,0.2507,108782.0,High Risk
V6157,Vendor_257_LLC,IT Hardware,27,352,327,117,112,229,13,4.21,9.0,33.0,0.1912,47281.0,0
V5991,Vendor_161_Inc,Food & Beverage,5,761,720,510,634,52,29,3.46,1.0,63.0,0.0459,51418.0,1
V1570,Vendor_841_Inc,Food & Beverage,15,1405,476,457,43,312,5,N/A,5.0,9.0,0.0059,371816.0,NO
V7285,Vendor_516_Corp,Textiles,29,4360,2775,36,2494,1323,27,3.84,1.0,72.0,0.0844,240495.0,1
V9674,Vendor_355_Ltd,Chemicals,14,4234,1752,282,268,1337,3,2.52,1.0,60.0,0.016,108372.0,1
V1024,Vendor_304_Ltd,Electronics,4,4768,1162,1046,190,672,16,2.16,10.0,20.0,0.1237,,0
V6526,Vendor_168_LLC,Textiles,21,3166,2300,8,221,1444,24,3.44,7.0,34.0,0.1917,494165.0,Low Risk
V6523,Vendor_759_Co,Food & Beverage,6,1196,396,74,311,187,19,2.22,1.0,29.0,0.1902,112624.0,Low Risk
V4130,Vendor_,Textiles,26,178,8,8,2,6,10,3.13,3.0,45.0,0.013,235727.0,High
V4289,Vendor_193_Co,Raw Materials ,21,2133,1660,1231,1569,147,3,3.01,3.0,43.0,0.0431,320915.0,1
V8620,Vendor_669_Corp,Office Supplies,22,388,27,2,14,0,23,3.87,6.0,58.0,0.1215,40265.0,NO
V2493,Vendor_182_Ltd,Food & Beverage,28,4577,2784,366,432,2225,18,3.47,5.0,66.0,0.2965,294337.0,
V1055,Vendor_915_LLC,Textiles,23,1001,318,223,133,138,4,2.57,4.0,37.0,0.0465,186189.0,Low
V2531,Vendor_103_Inc,Electronics,27,2713,953,317,563,92,4,4.64,5.0,64.0,0.1262,404024.0,0
V2010,Vendor_505_Corp,IT Hardware,17,973,621,228,455,478,27,3.43,9.0,7.0,0.281,336920.0,1
V2551,Vendor_485_Co,Food & Beverage,17,814,180,137,156,85,24,2.29,9.0,53.0,0.0845,70729.0,0
V4129,Vendor_841_LLC,Raw Materials,25,3315,3298,2584,2660,1583,13,2.06,9.0,1.0,0.1553,1413.0,low
V2101,Vendor_321_Corp,Automotive,13,1284,137,64,14,90,13,,8.0,40.0,0.1353,128735.0,1
V1223,Vendor_901_Ltd,Machinery,1,4604,128,98,43,10,5,4.44,3.0,50.0,0.1954,223022.0,0
V4125,Vendor_125_Ltd,IT Hardware,26,346,257,57,32,232,20,2.69,9.0,19.0,0.0208,165610.0,0
V1235,Vendor_276_Corp,Chemicals,27,385,124,89,83,16,26,2.29,10.0,22.0,0.2506,,1
V7038,Vendor_328_Ltd,Food & Beverage,14,3804,3155,184,1031,590,19,4.15,7.0,62.0,0.2146,,Low
V3006,Vendor_552_LLC,Machinery,1,2822,2787,1121,1532,2662,3,Unknown,5.0,65.0,0.1367,194394.0,low
V7113,Vendor_521_Inc,IT Hardware,21,3678,1139,649,926,563,25,3.81,6.0,3.0,0.1464,457486.0,1
V1462,Vendor_338_Inc,Food & Beverage,7,4846,3928,785,2102,379,4,3.36,2.0,5.0,0.1985,310812.0,Low
V1244,Vendor_716_Corp,Electronics,9,3225,1775,899,422,590,25,3.33,10.0,38.0,0.2074,345826.0,1
V5525,Vendor_348_LLC,Packaging,22,2628,1102,209,269,395,15,4.82,10.0,52.0,0.0234,452765.0,0
V6685,Vendor_949_Ltd,Automotive,14,1594,106,87,56,43,27,3.95,7.0,41.0,0.2579,133208.0,1
V6662,Vendor_561_Co,Textiles,6,2254,1891,1440,1575,1661,3,3.52,1.0,68.0,0.0327,336754.0,high
V5372,Vendor_557_LLC,Textiles,13,4683,1254,1028,138,1086,17,2.15,4.0,23.0,0.0864,224357.0,YES
V9743,Vendor_580_Ltd,IT Hardware,27,2587,761,538,21,583,28,2.37,5.0,58.0,0.291,412795.0,0
V1138,Vendor_465_Inc,Textiles,17,384,24,10,2,9,7,2.94,7.0,46.0,0.2922,369394.0,YES
V3243,Vendor_884_LLC,Machinery,23,3308,2446,1625,1626,1005,15,2.18,8.0,14.0,0.2227,,High Risk
V1404,Vendor_547_Ltd,Automotive,30,1222,322,285,174,148,5,4.48,4.0,58.0,0.2858,342908.0,low risk
V8448,Vendor_599_LLC,Textiles,24,4521,2019,4,1308,1947,22,3.15,6.0,65.0,0.1067,273005.0,low
V5421,Vendor_194_Ltd,Automotive,7,899,351,188,88,161,30,2.55,2.0,20.0,0.114,283527.0,1
V6901,Vendor_985_Corp,Electronics,10,555,397,338,138,339,28,4.65,7.0,30.0,0.2939,267621.0,NO
V3359,Vendor_796_Ltd,Chemicals,22,1715,1145,725,284,742,15,2.03,5.0,49.0,0.0987,48534.0,YES
V6202,Vendor_670_Ltd,Automotive,23,185,173,70,133,136,13,3.15,5.0,12.0,0.0536,103065.0,High
V6910,Vendor_556_Co,Electronics,7,4237,3805,1436,470,1885,6,2.59,9.0,68.0,0.1615,417476.0,RISK
V8336,Vendor_298_Co,Automotive,8,2246,2235,1783,159,1758,23,,5.0,70.0,0.151,,High
V3380,Vendor_945_Inc,Office Supplies,27,3660,1581,102,807,1156,15,4.43,2.0,17.0,0.1996,-1000.0,1
V5317,Vendor_247_LLC,Office Supplies,12,476,334,166,95,301,12,3.99,4.0,26.0,0.0773,90717.0,YES
V3584,Vendor_414_Co,IT Hardware,21,2564,1361,455,523,709,23,4.58,4.0,2.0,0.2966,171404.0,high
V9687,Vendor_376_LLC,Raw Materials,9,3690,710,95,341,29,12,2.21,1.0,5.0,0.1797,381650.0,1
V5047,Vendor_202_Inc,Automotive,28,3293,2525,63,942,1832,1,2.11,4.0,33.0,0.128,439829.0,high
V9917,Vendor_133_Corp,IT Hardware,20,4348,3417,1708,487,1655,2,2.74,3.0,16.0,0.2864,,1
V6368,Vendor_492_LLC,Office Supplies,5,2370,1360,233,324,1282,1,3.62,4.0,36.0,0.2315,436746.0,High
V2601,Vendor_927_Ltd,Raw Materials,23,2602,1547,1168,799,660,22,2.62,8.0,65.0,0.2434,350903.0,Low
V1714,Vendor_869_Ltd,Office Supplies,20,2301,484,195,215,436,27,4.16,9.0,46.0,0.1019,400638.0,High
V5045,Vendor_859_Ltd,Automotive,6,22,17,7,16,8,13,2.05,2.0,70.0,0.1341,374067.0,
V7373,Vendor_717_LLC,Chemicals,10,2624,1944,555,258,860,12,4.77,4.0,50.0,0.2192,456656.0,0
V5550,Vendor_844_Inc,Raw Materials,19,1060,549,306,275,237,19,3.11,1.0,71.0,0.1956,317498.0,low
V7441,Vendor_763_LLC,Raw Materials,25,3205,3141,84,1677,1148,19,3.45,6.0,65.0,0.1577,345702.0,0
V2216,Vendor_453_Corp,Office Supplies,7,3535,697,514,117,630,16,2.87,9.0,64.0,0.0735,165218.0,0
V8300,Vendor_870_Co,IT Hardware,17,1264,103,86,93,50,3,2.67,5.0,51.0,0.0444,,1
V8756,Vendor_867_Co,Raw Materials,2,3866,2488,1861,2008,711,12,2.09,3.0,23.0,0.2613,70021.0,1
V1258,Vendor_971_LLC,Chemicals,5,3664,2365,782,523,86,14,3.91,4.0,51.0,0.0736,95613.0,high
V9330,Vendor_750_Co,Office Supplies,6,4186,3384,2725,2811,3275,6,4.49,4.0,12.0,0.0393,389308.0,Low Risk
V8808,Vendor_115_Corp,Office Supplies,8,615,61,13,30,47,27,2.64,9.0,18.0,0.0595,422880.0,0
V5058,Vendor_746_Co,Automotive,26,4056,3954,2022,2467,3215,1,2.27,3.0,21.0,0.2791,15576.0,1
V1388,Vendor_319_Ltd,Food & Beverage,7,4996,4459,369,1570,3917,25,2.25,1.0,48.0,0.2901,415245.0,High Risk
V4002,Vendor_503_Ltd,Electronics,17,841,767,695,129,469,13,4.54,7.0,45.0,0.2796,411607.0,high
V5692,Vendor_877_Corp,IT Hardware,13,3238,2993,1357,2614,1803,26,3.61,5.0,69.0,0.2863,410622.0,YES
V2012,Vendor_895_Corp,Packaging,1,2402,1399,504,1373,384,14,3.65,3.0,51.0,0.2604,210648.0,1
V5661,Vendor_843_Co,IT Hardware,12,1650,1060,31,140,184,12,4.89,5.0,29.0,0.1819,102987.0,low
V4551,Vendor_611_Inc,Packaging,23,2626,2342,1392,170,2122,25,3.21,2.0,60.0,0.0076,320020.0,
V6250,Vendor_549_LLC,Automotive,24,4872,4858,3030,3715,3107,19,2.84,2.0,30.0,0.0892,179843.0,0
V5474,Vendor_668_Inc,Machinery,29,1164,800,144,511,492,12,2.0,10.0,15.0,0.0524,410487.0,high
V8542,Vendor_695_LLC,Electronics,25,200,193,30,189,41,12,2.9,6.0,7.0,0.0521,229792.0,1
V1692,Vendor_168_Ltd,Office Supplies,1,910,730,254,165,655,10,3.38,,51.0,0.1651,381756.0,high
V1920,Vendor_388_Corp,Textiles,10,2848,619,392,264,169,4,3.05,4.0,57.0,0.0875,494437.0,
V4441,Vendor_174_Inc,Machinery,13,4253,1444,1208,186,981,11,,1.0,31.0,0.1087,448009.0,High
V9016,Vendor_759_Corp,Food & Beverage,17,909,463,285,16,91,18,4.77,8.0,45.0,0.0069,355959.0,Low Risk
V8805,Vendor_184_Ltd,Packaging,25,2721,2256,1189,1717,1875,6,4.56,8.0,23.0,0.1863,295968.0,YES
V6089,Vendor_561_LLC,Machinery,19,321,122,47,22,99,1,2.03,7.0,58.0,,353544.0,0
V2406,Vendor_140_Corp,Packaging,4,3616,1692,968,102,507,4,2.25,,63.0,0.2157,229340.0,
V6162,Vendor_825_Corp,Textiles,24,2918,795,538,263,601,8,4.42,2.0,12.0,0.0284,315496.0,low
V3695,Vendor_400_Inc,Packaging,13,3618,1550,831,42,1419,20,3.39,10.0,12.0,0.1531,154800.0,1
V4990,Vendor_476_Co,Electronics,13,1784,808,276,199,154,8,2.38,Good,59.0,0.1355,398148.0,Low
V2780,Vendor_100_Corp,Machinery,5,2040,888,565,312,795,22,3.52,3.0,26.0,0.27,376860.0,Low Risk
V7637,Vendor_463_Corp,Chemicals,23,559,60,45,42,44,20,2.76,8.0,27.0,0.2361,491144.0,high
V9552,Vendor_536_Corp,Office Supplies,30,1495,938,5,612,105,30,4.05,5.0,2.0,0.0393,212182.0,1
V9002,Vendor_432_Inc,Machinery,29,4429,645,459,57,417,17,4.63,5.0,59.0,0.1853,288077.0,1
V8365,Vendor_274_Co,Food & Beverage,10,294,217,41,190,205,3,2.48,9.0,20.0,0.2664,89162.0,1
V9113,Vendor_415_Inc,Electronics,4,2507,503,134,436,63,22,4.48,2.0,43.0,0.18,399822.0,Low Risk
V2869,Vendor_351_Corp,Automotive,28,3034,346,274,296,97,30,4.67,5.0,14.0,0.2134,240114.0,High Risk
V2256,Vendor_156_Corp,Packaging,19,2922,1797,515,595,670,18,2.75,6.0,45.0,0.0754,489414.0,high
V9444,Vendor_899_Inc,Raw Materials,11,1381,966,52,945,375,24,4.65,6.0,40.0,0.2926,293598.0,NO
V6625,Vendor_248_Ltd,Machinery,15,1492,1472,502,1353,719,7,2.74,1.0,50.0,0.2293,260681.0,low
V7580,Vendor_934_LLC,Packaging,20,395,118,46,24,28,5,2.34,8.0,23.0,0.0606,6769.0,Low
V8904,Vendor_141_Inc,Machinery,26,4323,3663,1641,3347,1444,12,4.27,4.0,17.0,0.285,71813.0,Low
V1106,Vendor_732_Co,Machinery,15,1532,287,192,27,264,3,3.12,10.0,30.0,0.0224,236478.0,High Risk
V2102,Vendor_538_Corp,Machinery,10,4494,4013,1203,461,3987,12,3.15,1.0,28.0,0.022,,1
V3976,Vendor_835_Ltd,Raw Materials,21,1985,1494,209,803,108,16,2.53,8.0,28.0,0.0595,413725.0,NO
V7387,Vendor_607_LLC,Office Supplies,4,4649,337,260,241,38,1,4.41,5.0,41.0,0.261,,
V7997,Vendor_582_Ltd,Packaging,22,2797,1617,648,904,272,9,2.27,10.0,66.0,0.048,54982.0,low
V4666,Vendor_457_LLC,Food & Beverage,24,1258,203,172,138,130,20,4.18,2.0,68.0,0.1431,372325.0,
V3780,Vendor_403_Co,IT Hardware,3,439,123,20,94,106,8,3.13,5.0,25.0,0.1347,181522.0,Low
V1136,Vendor_713_Corp,Packaging,28,4138,1158,533,551,121,24,2.77,3.0,11.0,0.2897,422671.0,
V7915,Vendor_177_Inc,Chemicals,12,4432,2571,2213,2200,1748,12,2.11,6.0,,0.094,15197.0,1
V3283,Vendor_975_Corp,Raw Materials,13,867,850,185,111,253,16,2.6,5.0,64.0,0.1293,93471.0,YES
V7838,Vendor_837_Inc,Automotive,11,3281,37,18,7,27,20,4.67,10.0,22.0,0.0425,275334.0,YES
V6547,Vendor_940_Corp,Raw Materials,29,4363,793,706,207,270,365,3.49,1.0,32.0,0.287,253919.0,0
V5750,Vendor_586_Ltd,Textiles,9,398,325,101,130,251,13,2.66,8.0,19.0,0.0409,467624.0,High
V5036,Vendor_167_LLC,Chemicals,28,1701,457,397,286,112,14,4.19,7.0,64.0,0.2843,384543.0,
V5940,Vendor_367_Inc,Chemicals,15,3403,2466,383,1407,835,1,4.08,4.0,26.0,0.2016,102212.0,0
V1076,Vendor_853_Inc,Food & Beverage,11,4770,3483,1745,3331,2955,28,2.45,,52.0,0.1185,99999999.0,low
V7479,Vendor_152_LLC,Automotive,12,910,593,29,481,449,1,3.11,6.0,46.0,0.198,266888.0,0
V4327,Vendor_143_Co,Office Supplies,22,2182,1835,463,1046,953,12,2.53,4.0,7.0,0.1126,27861.0,Low
V9334,Vendor_575_Co,Packaging,19,4381,3148,1857,2377,1899,29,2.58,10.0,Fast,0.0134,240830.0,High Risk
V2084,Vendor_943_Co,Food & Beverage,20,4748,99,74,98,55,16,,10.0,63.0,0.0405,143992.0,Low
V5053,Vendor_855_Inc,Food & Beverage,21,700,670,399,316,234,5,2.39,3.0,4.0,0.0105,188087.0,Low
V4701,Vendor_698_Inc,Raw Materials,29,4415,1596,1499,855,1310,30,3.34,7.0,25.0,0.231,407306.0,YES
V6686,Vendor_877_Inc,Automotive,19,198,179,27,125,19,9,3.7,6.0,7.0,0.1119,359634.0,high
V8732,Vendor_766_Co,Machinery,24,2951,474,11,107,354,27,3.6,5.0,18.0,0.2763,105828.0,low
V3690,Vendor_822_LLC,Machinery,23,3959,353,343,112,71,3,3.28,9.0,67.0,0.1101,355452.0,1
V5252,Vendor_191_Ltd,IT Hardware,20,2078,96,80,68,20,11,2.29,6.0,30.0,0.1035,117624.0,NO
V6368,Vendor_353_Corp,Chemicals,28,4821,1549,1096,602,304,365,4.55,10.0,63.0,0.0628,43681.0,
V5084,Vendor_344_Inc,Food & Beverage,20,2896,1069,829,542,697,17,3.05,10.0,34.0,0.1906,267717.0,High
V9964,Vendor_341_LLC,Electronics,12,1136,1123,383,52,241,4,2.27,3.0,9.0,0.2479,135017.0,0
V9385,Vendor_501_Co,Office Supplies,5,3828,1676,506,1049,741,11,4.14,5.0,30.0,0.1463,214377.0,
V7991,Vendor_950_Co,Food & Beverage,29,4361,2599,1812,2509,2067,6,4.23,8.0,58.0,,130624.0,YES
V8144,Vendor_101_Co,Automotive,22,3165,2361,778,1043,181,24,4.82,4.0,47.0,0.1294,498483.0,YES
V5250,Vendor_542_Ltd,Textiles,22,2496,339,157,32,91,11,4.84,6.0,69.0,0.1764,276004.0,high risk
V2675,Vendor_405_Inc,IT Hardware,23,696,154,18,60,121,365,4.53,Bad,19.0,0.0555,305012.0,High Risk
V3282,Vendor_623_Ltd,Machinery,30,4172,1197,1183,340,517,27,4.59,2.0,6.0,,359063.0,NO
V7470,Vendor_460_Corp,Textiles,8,1278,728,264,139,164,2,2.91,2.0,52.0,0.2518,245619.0,YES
V6497,Vendor_349_Inc,IT Hardware,3,1884,396,287,323,302,2,2.54,7.0,29.0,0.1792,387767.0,high
V7544,Vendor_833_Co,Food & Beverage,14,499,149,101,10,93,26,2.37,3.0,34.0,0.2274,304988.0,
V9690,Vendor_534_LLC,Electronics,5,2713,1653,859,753,607,23,4.96,7.0,28.0,0.2671,401490.0,high
V8096,Vendor_380_Ltd,Chemicals,4,63,50,34,26,33,10,3.42,4.0,TBD,0.2625,441354.0,High
V9422,Vendor_534_Ltd,Office Supplies,23,3416,1944,900,266,506,12,2.85,3.0,22.0,0.2746,322856.0,YES
V9223,Vendor_602_LLC,Food & Beverage,10,3660,2014,366,175,53,30,2.37,1.0,Fast,0.1749,481435.0,Low
V7110,,Raw Materials,16,3510,2559,2394,1248,1619,10,4.62,7.0,41.0,0.1668,478485.0,NO
V3771,Vendor_773_Ltd,Textiles,20,4291,667,29,141,441,19,2.43,6.0,4.0,0.224,127488.0,Low Risk
V4261,Vendor_212_LLC,Electronics,6,3753,2091,624,1327,1898,6,4.6,1.0,30.0,0.1358,435296.0,1
V9446,Vendor_548_Corp,Chemicals,17,516,450,376,415,123,10,4.04,5.0,40.0,0.2771,105241.0,
V1948,Vendor_419_LLC,Machinery,23,4027,3996,3511,1371,1522,15,3.69,7.0,41.0,0.1746,266747.0,Low Risk
V9090,Vendor_801_Ltd,Food & Beverage,7,1171,302,18,121,276,22,3.6,5.0,18.0,0.1754,35545.0,High Risk
V3157,Vendor_104_Corp,Food & Beverage,22,4476,278,189,205,273,12,2.74,1.0,58.0,0.1847,215454.0,1
V6828,Vendor_487_Ltd,Chemicals,11,832,144,57,2,120,8,3.4,8.0,5.0,0.1822,133946.0,0
V2376,Vendor_696_Co,Chemicals,30,1633,820,381,702,645,27,2.22,2.0,26.0,0.2707,233485.0,
V6044,Vendor_217_Corp,Machinery,23,808,712,333,317,513,21,2.04,4.0,32.0,0.0441,193661.0,
V8791,Vendor_861_Corp,Office Supplies,9,647,82,45,69,21,21,4.63,6.0,22.0,0.1566,296441.0,0
V6364,Vendor_970_LLC,Textiles,30,1596,1546,502,394,332,6,3.78,3.0,1.0,0.2436,14973.0,Low
V8499,Vendor_827_Corp,IT Hardware,8,1614,551,538,312,125,5,4.64,3.0,43.0,0.1343,48448.0,low
V1157,Vendor_624_Ltd,Packaging,11,1294,895,625,841,562,28,2.36,,53.0,0.233,54306.0,Low Risk
V6846,Vendor_252_Ltd,Electronics,7,1012,44,14,3,43,9,2.77,2.0,69.0,0.1914,161555.0,
V2762,Vendor_393_Co,Electronics,18,1415,759,527,190,268,15,2.78,Bad,23.0,0.029,266654.0,Low Risk
V8471,Vendor_763_Ltd,Chemicals,8,403,166,128,140,49,12,4.76,1.0,40.0,0.1491,213122.0,0
V1292,Vendor_119_Co,Raw Materials,19,1674,1045,820,85,592,25,3.67,3.0,19.0,0.1638,128294.0,0
V6661,Vendor_213_Corp,Food & Beverage,27,4554,3895,1195,3042,2291,29,3.27,7.0,15.0,0.0442,258752.0,
V5537,Vendor_447_LLC,Machinery,14,3097,1611,865,828,82,24,4.98,10.0,18.0,0.0655,280078.0,0
V7796,Vendor_919_LLC,IT Hardware,5,1268,516,297,224,472,24,4.97,1.0,55.0,0.1256,184672.0,High
V4890,Vendor_477_Corp,Chemicals,29,4305,5,3,5,1,1,3.99,6.0,50.0,0.1143,325816.0,Low
V1845,Vendor_772_Inc,IT Hardware,1,513,484,296,86,293,10,3.45,3.0,TBD,0.0231,411917.0,High
V6900,Vendor_689_Corp,Textiles,25,1332,239,151,48,13,15,3.05,10.0,19.0,0.103,381879.0,
V5412,Vendor_680_Ltd,Machinery,29,4231,3509,2812,1817,2553,22,3.62,1.0,57.0,0.0462,208078.0,
V4075,Vendor_641_Corp,Machinery ,9,2049,794,387,735,782,8,2.46,2.0,19.0,0.209,325573.0,YES
V9019,Vendor_317_Co,Automotive,28,3757,1487,621,353,618,21,4.3,3.0,31.0,0.1491,379332.0,YES
V3140,Vendor_594_Ltd,Raw Materials,29,1494,1251,777,734,59,14,3.32,2.0,Fast,0.1965,7480.0,NO
V2600,Vendor_547_LLC,Raw Materials,11,1156,160,128,88,13,20,4.31,10.0,51.0,0.2907,172115.0,0
V2322,Vendor_612_Corp,Electronics,5,3803,2935,509,338,877,3,4.24,10.0,67.0,0.0154,378391.0,
V2938,Vendor_650_Inc,Electronics,9,4970,485,255,316,199,6,3.94,2.0,54.0,0.2148,115183.0,High
V5005,Vendor_898_Ltd,Automotive,1,1438,418,360,204,13,17,3.95,9.0,65.0,0.0859,411020.0,
V7284,Vendor_478_Ltd,Textiles,3,989,231,56,50,60,2,2.82,1.0,44.0,0.1619,55281.0,
V1824,Vendor_161_Co,Raw Materials,25,2386,991,426,611,166,5,4.97,9.0,48.0,0.0707,164566.0,NO
V8715,Vendor_594_Co,Machinery,7,1891,302,91,134,167,30,3.46,4.0,62.0,0.0011,209388.0,1
V8740,Vendor_352_Co,Packaging,11,4028,2070,1738,500,1310,24,4.29,2.0,18.0,0.1638,41034.0,low
V9937,Vendor_916_Inc,Raw Materials,24,2251,2185,411,1152,186,2,,7.0,64.0,0.1801,20764.0,
V3754,Vendor_102_LLC,Machinery,3,2714,2357,1135,1939,857,30,4.41,3.0,19.0,0.0494,459549.0,0
V1098,Vendor_659_Ltd,Chemicals,12,232,201,3,196,77,8,TBD,9.0,9.0,0.1891,45919.0,
V8391,Vendor_198_Corp,Automotive,22,2724,260,4,77,52,15,2.82,6.0,32.0,0.0241,316526.0,YES
V4144,Vendor_884_Ltd,Office Supplies,28,1732,1169,316,663,320,6,3.83,3.0,42.0,0.287,249394.0,YES
V3119,Vendor_605_Ltd,Food & Beverage,6,1804,170,121,162,6,4,4.81,8.0,66.0,0.1687,473343.0,low
V6523,Vendor_916_LLC,IT Hardware,9,1563,920,261,699,203,17,2.41,5.0,51.0,0.2274,,low
V3159,Vendor_809_Co,IT Hardware,5,821,728,309,446,618,9,2.88,1.0,13.0,0.1175,249409.0,High
V2061,Vendor_640_Co,Chemicals,19,4816,2355,2049,2059,732,26,3.26,1.0,52.0,0.1215,455123.0,
V1832,Vendor_335_Ltd,Electronics,16,4688,3664,1035,1129,699,18,4.73,6.0,38.0,0.2205,489638.0,
V9643,Vendor_554_Co,Electronics,24,3636,2516,1170,1352,1539,15,3.39,4.0,28.0,0.0423,474947.0,1
V4936,Vendor_619_LLC,Machinery,6,4016,2996,399,70,1944,5,2.98,9.0,29.0,0.067,225132.0,
V3012,Vendor_261_Corp,Packaging,9,1665,1567,209,1249,712,26,4.42,9.0,57.0,0.1624,319235.0,low
V5254,Vendor_799_Corp,Raw Materials,5,345,96,43,76,72,8,3.3,7.0,51.0,0.0113,116463.0,1
V2956,Vendor_956_LLC,Electronics,30,3568,484,437,154,329,28,99.0,7.0,9.0,0.2618,238150.0,NO
V9837,Vendor_397_Ltd,Textiles,24,2394,938,305,861,276,29,4.59,2.0,14.0,,423718.0,low
V4915,Vendor_484_Inc,Automotive,8,1354,78,35,24,39,1,3.97,5.0,32.0,0.1827,302499.0,YES
V5759,Vendor_977_Inc,Packaging,8,3212,1753,1098,1133,741,25,4.62,7.0,29.0,0.1493,421831.0,low
V9283,Vendor_262_Inc,Electronics,17,4639,2533,861,2121,1673,11,3.01,3.0,43.0,0.2361,224962.0,0
V4382,Vendor_113_Co,Machinery,27,3432,663,99,16,547,6,2.06,10.0,12.0,0.0912,119681.0,YES
V9626,Vendor_109_Co,Textiles,23,1906,509,151,359,191,20,3.23,1.0,41.0,0.2248,,low
V7173,Vendor_785_LLC,Machinery,24,450,133,65,89,114,23,2.39,3.0,50.0,0.2108,16769.0,Low Risk
V1778,Vendor_899_Inc,Office Supplies,25,4384,2514,1438,2009,2048,21,4.53,10.0,70.0,0.0068,360426.0,High
V1276,Vendor_903_Ltd,Textiles,24,1640,439,353,422,224,4,5.0,,40.0,0.0017,120805.0,1
V8934,Vendor_692_Corp,Automotive,17,2465,1149,462,977,626,29,3.42,7.0,70.0,0.1644,107511.0,High Risk
V4154,Vendor_675_Inc,Chemicals,25,614,425,36,299,235,24,Unknown,9.0,11.0,0.0418,46990.0,1
V4440,Vendor_598_LLC,Automotive,12,4127,2271,148,1487,1293,17,2.65,4.0,10.0,0.274,160956.0,
V7448,Vendor_929_Ltd,Textiles,24,4320,1418,783,404,337,8,4.08,2.0,12.0,0.0928,42503.0,NO
V9901,Vendor_761_Ltd,Textiles,8,719,381,164,272,369,27,,5.0,29.0,0.1626,,high
V2950,Vendor_525_Co,Chemicals,23,2500,534,102,471,92,20,4.6,6.0,72.0,0.2767,449028.0,NO
V7799,Vendor_404_Corp,Packaging,30,585,516,30,432,432,21,3.82,10.0,61.0,N/A,160222.0,1
V1866,Vendor_683_Co,,25,707,197,158,138,147,16,3.51,1.0,16.0,0.1975,279847.0,0
V9425,Vendor_754_Ltd,Textiles,24,4484,2668,747,763,2076,4,3.34,8.0,35.0,0.266,31382.0,0
V2333,Vendor_547_Inc,Automotive,2,4082,1288,1003,1010,879,25,2.82,2.0,2.0,0.0056,403075.0,0
V3472,Vendor_706_Inc,Raw Materials,3,4962,1096,56,755,322,11,4.77,7.0,28.0,0.0126,,Low
V5489,Vendor_987_Corp,Food & Beverage,16,3605,2586,1299,1664,138,24,3.24,6.0,55.0,0.263,431042.0,1
V1808,Vendor_368_LLC,Food & Beverage,14,2755,2227,736,207,942,14,2.27,7.0,51.0,0.0511,481347.0,YES
V6769,Vendor_585_Co,Electronics,16,2171,315,87,4,304,28,2.74,2.0,6.0,0.2457,298411.0,YES
V6877,Vendor_263_LLC,Packaging,28,90,21,6,7,20,17,3.89,6.0,56.0,0.0707,293820.0,1
V3431,Vendor_400_Ltd,Electronics,17,2853,201,97,138,83,17,4.67,9.0,48.0,0.2466,85751.0,YES
V4865,Vendor_127_LLC,Office Supplies,16,3915,3439,3077,3083,1573,4,3.57,5.0,28.0,0.163,128319.0,0
V1042,Vendor_367_Inc,Electronics ,22,1944,44,42,0,24,20,3.84,9.0,11.0,0.2516,252347.0,1
V6987,Vendor_940_Ltd,Machinery,10,2503,1451,882,93,719,8,4.78,2.0,65.0,0.0146,329108.0,YES
V2992,Vendor_199_Corp,Food & Beverage,7,3949,3834,157,419,2062,28,3.05,3.0,64.0,0.1542,193582.0,NO
V3898,Vendor_828_Corp,Automotive,24,2586,1927,1236,388,1023,16,4.55,8.0,32.0,0.1052,,YES
V1477,Vendor_364_Inc,Automotive,6,313,103,20,34,17,21,4.56,8.0,3.0,0.0166,471027.0,1
V6450,Vendor_518_Ltd,Raw Materials,19,674,358,330,353,356,5,4.79,2.0,24.0,0.0781,444139.0,High
V8893,Vendor_597_Co,Office Supplies,15,3972,1204,251,712,207,29,4.29,10.0,63.0,0.038,113837.0,High Risk
V5912,Vendor_492_Corp,Raw Materials,20,1465,295,225,214,112,3,3.0,1.0,47.0,0.1498,390819.0,
V6058,Vendor_900_Ltd,Office Supplies,2,4118,3032,943,1437,1930,14,4.68,6.0,20.0,0.147,173944.0,NO
V3299,Vendor_461_Co,Chemicals,6,3230,1886,1215,807,401,21,2.74,3.0,69.0,0.2218,444937.0,High
V1998,Vendor_146_Inc,Office Supplies,6,4294,3562,1416,1684,1917,12,4.13,4.0,49.0,0.1935,277147.0,1
V3968,Vendor_293_Co,Office Supplies,8,3892,2893,422,2871,2057,4,2.4,1.0,36.0,0.2971,488115.0,0
V6230,Vendor_,Raw Materials,30,467,383,92,147,177,4,4.3,3.0,60.0,0.081,109874.0,Low
V9292,Vendor_868_Corp,Raw Materials,25,3502,645,326,359,179,26,-5.0,3.0,59.0,0.0244,33374.0,Low Risk
V6856,Vendor_496_Inc,Raw Materials,18,4861,2915,2642,832,70,9,4.3,4.0,57.0,0.2936,349633.0,High
V2094,Vendor_887_Inc,Electronics,13,3159,195,41,144,179,999,3.57,9.0,34.0,0.0201,103376.0,1
V6859,Vendor_806_Corp,Machinery,19,2441,1007,332,401,619,10,3.4,6.0,40.0,0.0691,321675.0,high
V9254,Vendor_397_LLC,Raw Materials,18,4083,3808,830,2476,1834,19,4.96,5.0,18.0,0.2002,318930.0,1
V2588,Vendor_178_Ltd,Raw Materials,26,3458,1659,361,1029,1018,14,3.11,4.0,44.0,0.1791,175502.0,Low
V4599,Vendor_819_Corp,Chemicals,29,4172,2490,1618,763,1102,7,2.99,1.0,31.0,0.0756,37619.0,High
V6049,Vendor_121_Co,Electronics,27,1197,743,486,732,376,24,3.99,1.0,31.0,N/A,202688.0,High
V7597,Vendor_971_Corp,Office Supplies,25,2582,2397,1167,303,1661,29,2.2,6.0,53.0,,473305.0,
V8248,Vendor_497_Corp,Textiles,30,2982,2806,499,2190,968,30,2.77,2.0,31.0,0.0892,451581.0,0
V9597,Vendor_577_Ltd,IT Hardware,12,3515,1813,706,1591,1248,-5,Poor,6.0,31.0,0.2948,299708.0,high
V4764,Vendor_392_Corp,Machinery,10,1631,1614,227,1051,540,12,4.46,8.0,7.0,0.1687,54347.0,low
V6117,Vendor_380_Co,Food & Beverage,24,2838,823,461,150,261,4,2.49,3.0,49.0,0.2724,165873.0,1
V1634,Vendor_227_Co,IT Hardware,29,664,408,12,157,404,6,4.85,7.0,44.0,0.0157,121829.0,
V7765,Vendor_903_Corp,Textiles,24,3525,1009,684,591,26,18,2.44,10.0,61.0,0.1771,124922.0,Low Risk
V8422,Vendor_534_Ltd,Chemicals,25,4562,2793,760,710,434,12,4.46,,60.0,0.026,397836.0,0
V9396,Vendor_585_Ltd,Machinery,24,612,407,41,223,365,1,4.78,4.0,60.0,0.0488,441782.0,YES
V8656,Vendor_863_LLC,Office Supplies,30,4665,4250,2130,1331,3123,1,2.84,5.0,11.0,0.2996,405403.0,High Risk
V4615,Vendor_909_Inc,Machinery,30,3746,2553,448,1347,906,2,2.64,5.0,55.0,0.2344,483663.0,0
V9447,Vendor_102_Ltd,Automotive,19,2013,1661,652,872,612,9,2.17,3.0,57.0,0.1723,24545.0,Low
V5039,Vendor_173_Ltd,Machinery,19,3601,141,36,89,79,3,2.96,5.0,54.0,0.0818,253964.0,0
V7072,Vendor_942_Corp,Office Supplies,26,2421,172,112,5,23,17,4.2,6.0,59.0,0.0274,6437.0,1
V2249,Vendor_995_LLC,Automotive,12,3695,1091,625,601,582,2,2.86,1.0,53.0,0.2167,276928.0,High Risk
V4765,Vendor_487_Ltd,Office Supplies,4,2817,1857,1221,1209,140,1,,9.0,54.0,0.248,318462.0,1
V1987,Vendor_317_Corp,Machinery,15,1696,1423,159,153,1012,27,3.16,8.0,14.0,0.1021,427768.0,Low Risk
V8088,TBD,Packaging,29,2999,222,198,105,55,26,2.19,,59.0,0.2647,457190.0,high
V8185,Vendor_284_Inc,Electronics,11,2057,232,19,14,32,12,3.81,4.0,38.0,0.0389,209571.0,low
V3403,Vendor_198_Ltd,Electronics,27,3703,1838,67,1310,1324,24,2.81,1.0,15.0,0.2457,179786.0,NO
V4985,Vendor_635_LLC,Machinery,20,3944,3336,1236,1495,1476,1,3.68,,64.0,0.2245,330977.0,low
V3229,Vendor_469_Corp,Food & Beverage,10,3849,127,112,36,101,7,2.37,7.0,8.0,0.0653,195895.0,0
V9645,Vendor_412_Inc,Machinery,30,4007,1717,1689,779,984,7,2.87,4.0,32.0,0.1052,407979.0,low
V3476,Vendor_196_Co,Raw Materials,23,4447,1789,151,1696,469,13,4.41,1.0,39.0,0.2477,55493.0,
V7980,Vendor_363_Corp,IT Hardware,23,619,316,113,113,23,17,2.07,9.0,64.0,0.1437,441879.0,Low 
V7850,Vendor_975_Inc,Packaging,18,4605,1875,1418,1052,1078,20,3.86,2.0,27.0,0.2527,158003.0,high
V4760,Vendor_390_LLC,Machinery,13,4569,1031,311,343,730,27,2.93,5.0,54.0,0.2968,404343.0,0
V6886,Vendor_181_Ltd,Office Supplies,17,4895,1902,472,1407,53,28,3.81,6.0,24.0,0.2556,258659.0,low
V5887,Vendor_987_Inc,IT Hardware,6,2572,650,115,131,180,24,2.24,7.0,42.0,0.248,278605.0,0
V4268,Vendor_206_Corp,Office Supplies,9,3296,550,323,68,399,23,4.95,2.0,48.0,0.2732,447581.0,High Risk
V5875,Vendor_740_Corp,Automotive,23,1695,559,417,470,356,24,2.44,7.0,70.0,0.1515,24411.0,1
V3910,Vendor_132_Co,Food & Beverage,1,2505,381,87,53,345,6,2.6,7.0,37.0,0.0618,,YES
V3276,Vendor_339_Co,Packaging,21,3850,870,25,851,863,19,4.5,,18.0,0.1778,81770.0,0
V4694,Vendor_412_Inc,Office Supplies,9,1234,466,85,253,73,3,4.7,7.0,8.0,0.1547,292606.0,High Risk
V7287,Vendor_404_LLC,Office Supplies,10,3860,542,33,445,335,30,2.03,10.0,20.0,0.0167,96761.0,1
V5672,Vendor_641_Co,Machinery,22,4101,2560,275,428,2557,7,4.15,7.0,27.0,,429166.0,high
V6626,Vendor_332_Corp,Office Supplies,30,1525,1151,192,638,429,15,3.79,4.0,29.0,0.2252,326289.0,
V5398,Vendor_272_Inc,Automotive,28,781,557,102,317,297,28,2.81,1.0,21.0,0.2079,129267.0,
V7157,Vendor_392_Corp,Automotive,25,2309,2127,1125,1670,1999,29,,8.0,59.0,0.174,191264.0,1 
V4829,Vendor_310_Co,Electronics,20,3630,325,137,201,241,5,2.37,8.0,6.0,0.0338,112346.0,0
V4417,Vendor_985_Corp,Chemicals,20,1155,603,96,188,379,29,,1.0,19.0,0.0288,361991.0,low
V1301,Vendor_455_Inc,Packaging,21,2742,2006,805,1524,321,10,2.71,,36.0,0.2436,329095.0,High
V3466,Vendor_300_LLC,Packaging,15,1915,214,137,18,172,22,3.27,8.0,7.0,0.1345,116259.0,1
V6896,Vendor_557_Ltd,Machinery,10,4381,2080,1813,1290,1363,22,3.94,3.0,72.0,0.0541,464181.0,Low Risk
V6157,Vendor_660_Ltd,IT Hardware,26,2849,1299,36,634,223,30,2.08,5.0,65.0,0.2415,473098.0,high
V1800,Vendor_809_Inc,Food & Beverage,29,613,105,19,75,92,23,2.51,8.0,2.0,0.004,363989.0,YES
V4467,Vendor_175_LLC,Raw Materials,23,1828,395,41,307,320,2,3.67,2.0,6.0,0.0651,257427.0,
V8284,Vendor_464_Corp,Packaging,29,2750,1759,904,201,245,6,4.93,3.0,21.0,0.0007,48077.0,Low
V7907,Vendor_122_Inc,Electronics,8,1751,984,722,334,24,8,4.87,6.0,13.0,0.2695,413494.0,Low 
V8738,Vendor_342_LLC,Food & Beverage,16,1056,378,46,34,367,6,3.28,5.0,69.0,,384520.0,1
V8443,Vendor_172_Corp,Automotive,3,1276,104,96,24,1,29,4.29,10.0,22.0,0.2819,108514.0,NO
V2732,Vendor_815_Co,Chemicals,2,4020,3154,3014,833,1917,6,4.24,8.0,15.0,0.0535,438316.0,low
V5575,Vendor_960_LLC,Food & Beverage,17,306,265,112,188,138,17,3.06,9.0,66.0,0.0375,91169.0,0
V5225,Vendor_847_Ltd,Office Supplies,21,1157,114,31,22,57,14,4.82,8.0,27.0,0.2786,365874.0,
V1968,Vendor_368_LLC,IT Hardware,11,961,406,208,22,365,25,4.57,8.0,14.0,0.2156,14428.0,YES
V2250,Vendor_209_Inc,Machinery,6,209,44,18,18,3,25,2.14,5.0,68.0,0.1541,496094.0,1
V9201,Vendor_769_Inc,Packaging,3,4114,987,657,593,498,15,3.79,6.0,37.0,0.2618,211085.0,Low Risk
V6394,Vendor_888_Corp,Food & Beverage,25,1801,811,729,533,172,2,3.91,5.0,N/A,0.1968,195090.0,YES
V8261,Vendor_300_LLC,Machinery,3,283,141,16,64,61,6,10.0,10.0,27.0,0.2092,200768.0,NO
V3759,Vendor_708_Corp,Office Supplies,27,4064,2447,553,2207,977,999,3.51,2.0,11.0,0.1968,258068.0,High
V2273,Vendor_562_Inc,IT Hardware,2,221,74,9,32,43,14,2.79,7.0,26.0,0.1058,386014.0,NO
V8335,Vendor_745_Co,Office Supplies,22,3597,1416,415,1269,1285,2,2.27,9.0,19.0,0.2988,321813.0,0
V3225,Vendor_297_Ltd,Electronics,22,1746,224,130,195,57,24,3.61,5.0,33.0,0.1164,490068.0,YES
V7007,Vendor_913_Ltd,Electronics,23,4967,4610,193,3588,4064,17,4.69,6.0,70.0,0.0319,,0
V3085,Vendor_418_Inc,IT Hardware,2,1343,1266,887,1034,303,19,2.8,3.0,14.0,0.2668,447574.0,NO
V7849,Vendor_978_Co,Raw Materials,4,1684,346,298,243,332,29,2.73,9.0,69.0,0.074,201043.0,Low
V5379,Vendor_486_LLC,Raw Materials,14,2729,97,64,66,17,11,3.89,1.0,7.0,,110364.0,1
V9820,Vendor_319_Inc,Raw Materials,7,483,232,32,34,136,8,4.4,2.0,25.0,0.1836,40012.0,High
V5589,Vendor_588_Inc,IT Hardware,1,2814,558,533,496,554,9,2.77,5.0,12.0,0.1328,164675.0,1
V5381,Vendor_194_Inc,Automotive,13,3696,1713,1229,1312,18,8,,6.0,7.0,0.0736,261487.0,
V7615,Vendor_306_Inc,Chemicals,11,4385,3057,2938,2361,831,13,4.84,2.0,67.0,0.2399,13490.0,high
V5315,Vendor_451_LLC,Automotive,26,1238,495,381,148,369,11,3.96,7.0,47.0,0.0738,95525.0,1
V1558,Vendor_973_Co,Machinery,19,1394,1310,41,750,979,22,2.39,3.0,54.0,0.0726,381735.0,0
V2002,Vendor_852_Ltd,Food & Beverage,12,3291,2536,2018,2452,588,26,4.59,10.0,29.0,0.1866,161315.0,1
V1135,Vendor_370_LLC,Food & Beverage,14,4489,10,2,7,3,7,3.27,9.0,14.0,0.079,136876.0,YES
V7853,Vendor_106_Co,Chemicals,27,3605,963,67,679,857,2,2.74,6.0,68.0,0.1589,184070.0,NO
V6127,Vendor_635_Inc,IT Hardware,18,2413,2187,1822,572,2008,17,2.63,2.0,6.0,0.0711,99604.0,0
V2260,Vendor_406_LLC,IT Hardware,8,2586,64,26,18,50,19,4.5,7.0,70.0,0.0995,397156.0,NO
V9413,Vendor_147_Ltd,Electronics,4,1328,196,111,194,141,17,2.47,2.0,43.0,0.1009,138812.0,
V9871,Vendor_523_Co,Machinery,18,514,154,24,21,88,2,4.52,9.0,54.0,0.2897,361221.0,low
V3757,Vendor_215_Corp,Machinery,28,4590,401,25,290,88,18,4.53,9.0,62.0,0.1535,176242.0,1
V6833,Vendor_772_Ltd,Machinery,27,3093,2477,1413,1336,1028,7,2.96,6.0,24.0,0.1263,167250.0,Low Risk
V1820,Vendor_873_Inc,Automotive,17,4066,3056,987,2943,2707,14,3.6,1.0,21.0,0.0992,50555.0,0
V8290,Vendor_876_Inc,Chemicals,2,3381,2061,1472,1014,56,4,4.07,4.0,52.0,0.1269,134064.0,
V9318,Vendor_274_LLC,Machinery,27,1697,383,231,289,58,4,3.23,2.0,54.0,0.2962,314411.0,Low Risk
V7427,Vendor_417_Inc,Raw Materials,14,3358,711,590,115,485,1,2.7,3.0,70.0,0.167,4475.0,
V4117,Vendor_662_LLC,Automotive,30,4623,948,836,613,89,22,3.69,2.0,66.0,0.2522,111502.0,1 
V6060,Vendor_864_Inc,Electronics,17,3777,1877,1552,336,1580,22,4.1,4.0,54.0,0.206,-10000.0,High Risk
V4413,Vendor_625_Co,Food & Beverage,2,216,122,120,17,23,18,4.82,10.0,44.0,0.0429,437010.0,0
V9267,Vendor_852_Ltd,Electronics,7,4534,4496,2447,4229,1883,17,2.93,5.0,12.0,0.0724,474860.0,low
V3105,Vendor_732_Ltd,IT Hardware,10,2015,299,226,188,97,28,3.5,7.0,25.0,0.2618,347243.0,0
V6215,Vendor_811_Corp,Raw Materials,6,4717,2733,2132,290,2223,1,3.57,9.0,22.0,0.0294,36805.0,high
V6727,Vendor_194_LLC,Chemicals,3,2491,1883,108,1180,911,21,4.52,10.0,40.0,0.0532,151682.0,Low
V1863,Vendor_795_Ltd,Machinery,3,301,182,178,121,37,3,3.08,7.0,63.0,0.2586,217288.0,YES
V7202,Vendor_632_Ltd,Automotive,11,3706,1288,1213,77,449,25,3.91,1.0,46.0,0.2781,297033.0,low
V6512,Vendor_403_Corp,Raw Materials,29,4909,2776,2346,168,1907,18,4.32,,37.0,0.0343,488270.0,NO
V4588,Vendor_756_LLC,Food & Beverage,26,1153,853,717,546,160,5,99.0,5.0,6.0,0.1944,434639.0,YES
V9758,Vendor_687_Corp,Machinery,1,875,120,109,71,22,27,4.1,2.0,3.0,0.0465,46024.0,
V7597,Vendor_296_Inc,Machinery,22,1935,1319,484,1235,447,16,3.55,5.0,41.0,0.0744,157444.0,High Risk
V3278,Vendor_249_Ltd,Raw Materials,25,3463,3010,2095,199,421,25,3.26,3.0,27.0,0.257,319373.0,YES
V9819,Vendor_972_Ltd,Packaging,5,1044,454,54,202,4,27,99.0,4.0,64.0,0.204,78293.0,
V9832,Vendor_276_Corp,Electronics,9,3617,2076,1531,1792,47,18,2.14,8.0,41.0,0.142,50124.0,0
V7847,Vendor_840_LLC,Machinery,21,3105,2375,1895,1027,1971,16,2.07,9.0,45.0,0.1954,147333.0,low
V7068,Vendor_420_Ltd,Raw Materials,1,1345,1169,350,58,810,25,3.43,7.0,10.0,0.2719,154310.0,Low Risk
V8118,Vendor_613_Ltd,Automotive,12,290,66,64,51,52,27,,5.0,Fast,0.0209,202960.0,0
V3106,Vendor_392_Ltd,Raw Materials,3,3626,979,257,349,275,12,4.63,9.0,24.0,0.2572,498356.0,1
V4725,Vendor_908_Inc,Machinery,14,4080,1073,665,278,957,10,2.48,4.0,45.0,0.2987,10120.0,0
V6785,Vendor_628_Co,Electronics,23,1815,1386,470,646,844,27,2.79,5.0,12.0,0.1197,393580.0,Low
V4135,Vendor_553_Co,Chemicals,24,2727,1593,894,706,179,15,3.33,10.0,68.0,0.2767,283982.0,RISK
V2632,Vendor_887_Corp,Food & Beverage,7,2169,1907,1688,721,1836,19,2.13,7.0,54.0,0.0973,386990.0,high
V7842,Vendor_429_Corp,Raw Materials,24,4259,3938,522,3626,2013,10,2.1,1.0,3.0,0.2204,344925.0,
V4018,Vendor_653_Ltd,Food & Beverage,3,2214,939,715,138,577,11,2.94,3.0,44.0,0.2019,484981.0,Low 
V9248,Vendor_630_Co,Food & Beverage,19,3481,1826,1770,1718,876,18,3.57,8.0,43.0,0.088,173694.0,High Risk
V8487,Vendor_700_Co,Chemicals,2,1621,401,381,138,332,24,4.1,2.0,60.0,0.0984,91037.0,High
V2541,Vendor_150_LLC,IT Hardware,3,3942,2795,1488,2487,775,5,2.3,4.0,61.0,0.1872,496296.0,0
V6371,Vendor_390_Co,Packaging,7,1658,1637,7,813,411,19,4.81,2.0,2.0,0.0872,270973.0,
V8593,Vendor_823_LLC,Raw Materials,13,1750,967,684,385,851,5,2.96,3.0,52.0,0.232,471821.0,High
V4197,Vendor_647_Co,Chemicals,3,4395,3211,2970,714,926,25,4.59,1.0,10.0,0.299,300419.0,Low
V4931,Vendor_323_Inc,IT Hardware,22,1942,1762,958,940,740,23,2.77,,41.0,0.2988,344069.0,YES
V6548,Vendor_437_Ltd,Electronics,21,1284,1189,1181,1085,441,17,4.66,8.0,34.0,0.1358,474946.0,Low
V4424,Vendor_857_Co,Machinery,7,2509,1843,964,46,679,18,,5.0,71.0,0.1449,383690.0,0
V8375,Vendor_954_Ltd,Office Supplies,2,4408,245,45,228,22,15,2.85,5.0,62.0,0.0391,344883.0,NO
V8077,Vendor_708_Ltd,Packaging,9,3877,1874,176,118,1116,2,3.19,1.0,7.0,0.0437,194926.0,high
V8732,Vendor_528_Corp,Food & Beverage,16,786,43,35,19,19,20,3.53,10.0,68.0,0.1689,359785.0,0
V1250,Vendor_760_Inc,Office Supplies,13,2729,2165,652,120,1951,30,4.47,7.0,13.0,0.2036,129281.0,RISK
V4433,Vendor_747_LLC,Textiles,29,3650,265,71,51,73,30,3.3,1.0,12.0,0.2749,299649.0,1
V4565,Vendor_254_LLC,Machinery,10,4280,3315,43,3041,991,19,4.34,3.0,58.0,0.2641,300468.0,0
V6053,Vendor_711_Co,Office Supplies,9,3278,1783,16,1572,388,26,4.82,9.0,53.0,0.1449,25102.0,1
V1675,Vendor_254_LLC,Textiles,1,2173,1763,1361,608,905,15,TBD,8.0,8.0,0.2353,7686.0,0
V6143,Vendor_973_Inc,Food & Beverage,24,4360,2387,89,575,278,29,2.64,6.0,60.0,0.0683,190899.0,Low
V7837,Vendor_706_Ltd,Textiles,24,3529,1918,1864,50,140,24,2.8,6.0,24.0,0.2542,224670.0,low
V8726,Vendor_570_Ltd,Packaging,2,674,203,28,8,13,15,4.74,6.0,47.0,0.0181,408937.0,High Risk
V5920,Vendor_986_LLC,Automotive,9,4424,4265,1587,1087,1178,19,3.32,9.0,50.0,0.1257,34671.0,high
V3101,Vendor_654_Ltd,Machinery,25,2381,1430,1028,525,1208,13,2.08,5.0,28.0,0.0129,239225.0,Low
V4749,Vendor_839_Corp,Automotive,5,247,92,21,69,42,4,2.03,10.0,9.0,0.2053,266287.0,low
V6612,Vendor_515_Corp,Automotive,13,4694,2390,351,995,2330,15,3.05,7.0,24.0,0.0373,273763.0,NO
V5232,Vendor_935_Ltd,Office Supplies,8,469,40,11,14,37,1,,3.0,6.0,0.0381,156191.0,low
V1835,Vendor_476_LLC,IT Hardware,18,4518,1167,19,543,786,20,3.21,4.0,23.0,0.1799,-10000.0,0
V3028,Vendor_716_LLC,IT Hardware,29,364,33,19,0,6,7,2.55,6.0,4.0,0.0272,444475.0,NO
V6653,Vendor_350_Co,IT Hardware,2,69,54,44,34,47,20,3.35,3.0,68.0,0.2711,92652.0,1
V4325,Vendor_649_Ltd,Raw Materials,14,2807,1832,1814,1691,336,24,2.14,9.0,55.0,0.021,57640.0,1
V5149,Vendor_752_Ltd,Textiles,16,4659,2003,592,1913,429,13,,9.0,60.0,0.0609,,High
V2939,Vendor_986_Corp,Textiles,4,3513,3167,1355,1466,1380,3,3.3,9.0,Fast,0.247,142212.0,Low Risk
V3010,Vendor_253_Corp,Food & Beverage,30,451,201,128,51,22,19,Excellent,3.0,71.0,0.0446,434061.0,0
V7750,Vendor_176_Co,Packaging,3,2125,1554,313,574,696,16,2.93,5.0,53.0,0.0068,150503.0,Low
V6554,Vendor_178_Inc,Packaging,24,1143,571,328,462,54,16,4.56,3.0,52.0,0.0577,286168.0,0
V3898,Vendor_608_Inc,Chemicals,24,2007,1376,477,313,518,29,3.16,3.0,47.0,0.2114,249038.0,Low Risk
V7258,Vendor_205_Inc,Textiles,20,2484,2141,173,1594,1476,5,3.97,2.0,10.0,0.2543,117562.0,YES
V7868,Vendor_812_Ltd,Raw Materials,9,1596,389,57,93,188,29,2.46,,17.0,0.0338,404060.0,0
V2392,Vendor_823_LLC,Office Supplies,27,4161,2562,1770,1217,1153,6,4.18,1.0,62.0,0.0214,285256.0,
V8099,Vendor_729_Ltd,IT Hardware,14,975,35,6,24,11,30,3.44,8.0,65.0,0.209,437639.0,1
V7672,Vendor_637_Co,Food & Beverage,22,4196,1798,487,761,53,21,2.84,5.0,55.0,0.2497,351871.0,
V1634,Vendor_287_Ltd,Machinery,4,4228,4117,2990,3785,3519,14,2.06,6.0,7.0,0.0461,-1000.0,Low
V2038,Vendor_486_Ltd,Electronics,9,298,9,5,4,3,2,2.79,10.0,19.0,0.0499,87126.0,High
V9951,Vendor_150_Co,Food & Beverage,11,4520,2895,2802,201,2155,13,4.22,6.0,4.0,0.2242,178428.0,High 
V6368,Vendor_835_Corp,Raw Materials,16,340,173,130,59,82,29,2.49,3.0,59.0,0.1924,233097.0,
V6460,Vendor_907_Corp,Office Supplies,3,2840,1695,293,386,1190,29,2.23,2.0,66.0,0.1415,360909.0,0
V8135,Vendor_472_Ltd,Office Supplies,15,4491,775,243,324,348,5,3.65,9.0,15.0,0.1972,265333.0,
V9973,Vendor_634_Inc,Raw Materials,2,1826,4,2,2,2,29,2.49,3.0,53.0,0.0321,321262.0,1
V6857,Vendor_302_Corp,Food & Beverage,24,773,189,65,111,167,26,2.46,3.0,47.0,0.1007,77628.0,1
V7128,Vendor_449_LLC,IT Hardware,19,2657,1730,1124,1113,941,4,2.1,7.0,18.0,,36123.0,high
V3549,Vendor_993_Inc,Electronics,11,4707,2386,1600,1596,618,18,3.99,1.0,57.0,0.0723,222333.0,Low
V4019,Vendor_892_Ltd,Office Supplies,30,2339,1007,218,689,158,5,3.48,8.0,60.0,0.0655,493428.0,1
V4682,Vendor_895_Inc,Packaging,7,1425,966,757,373,69,23,4.88,1.0,38.0,0.2691,79982.0,0
V6168,Vendor_254_Co,Automotive,2,3746,2198,1517,706,787,1,4.36,4.0,38.0,0.2275,117761.0,
V3321,Vendor_540_Ltd,Automotive,24,2319,936,53,238,301,25,2.8,6.0,51.0,0.1303,455344.0,1
V6952,Vendor_262_Ltd,IT Hardware,16,4842,1189,808,739,588,4,4.05,4.0,23.0,0.0091,107013.0,1
V6376,Vendor_732_LLC,Textiles,23,3594,3320,2467,1452,2595,22,3.19,5.0,46.0,0.0968,409723.0,0
V2352,Vendor_430_Ltd,Packaging,18,1915,1720,566,1077,818,17,4.89,10.0,25.0,0.0876,17243.0,YES
V1046,Vendor_623_Inc,Automotive,21,2395,2199,1973,137,617,22,4.51,3.0,57.0,0.1802,141217.0,high
V5926,Vendor_684_Inc,Raw Materials,7,3698,3107,1590,1654,1996,9,,9.0,44.0,0.239,281364.0,0
V1951,Vendor_195_Inc,Raw Materials,2,3016,2905,2236,2573,360,24,2.09,3.0,45.0,0.2763,334164.0,RISK
V5201,Vendor_923_Inc,Textiles,23,4124,3856,1141,1453,3237,22,4.13,1.0,25.0,0.1991,341280.0,YES
V1243,Vendor_436_LLC,Machinery,25,4092,2335,1803,938,131,2,,10.0,21.0,0.0989,445563.0,High Risk
V7265,Vendor_286_Corp,Automotive,21,3585,2454,1948,670,469,7,4.06,4.0,10.0,0.2222,83602.0,Low Risk
V9958,Vendor_832_Co,Electronics,9,3765,723,435,702,510,9,2.51,1.0,57.0,0.2301,295409.0,High Risk
V6314,Vendor_349_Inc,Chemicals,27,1227,265,198,154,60,7,2.37,8.0,2.0,0.1939,340595.0,Low
V2599,Vendor_548_Ltd,Packaging,3,1704,1067,989,713,975,10,2.13,2.0,3.0,0.2548,340722.0,1
V2130,Vendor_296_Inc,Automotive,6,4460,2701,786,1493,2416,22,3.28,8.0,37.0,0.134,482563.0,High Risk
V9654,Vendor_481_Inc,Electronics,6,3512,1155,917,40,529,7,2.25,8.0,38.0,0.2128,440781.0,low
V2661,Vendor_714_Ltd,Raw Materials,5,1344,1143,748,35,1004,19,2.66,3.0,10.0,,147511.0,Low Risk
V7694,Vendor_212_Corp,Packaging,19,277,80,71,47,15,10,2.12,3.0,16.0,0.1114,197324.0,High
V2471,Vendor_253_Inc,Raw Materials,7,4074,393,69,373,338,19,2.73,7.0,52.0,0.1388,298024.0,YES
V6771,Vendor_947_LLC,Machinery,5,2026,704,130,382,630,6,2.45,8.0,30.0,0.2098,100669.0,High Risk
V7478,Vendor_617_Inc,Automotive,1,1268,635,338,546,173,11,2.84,4.0,46.0,0.219,46092.0,Low
V8305,Vendor_943_LLC,IT Hardware,2,1648,731,43,496,514,8,3.5,10.0,57.0,0.2781,398055.0,High Risk
V3360,Vendor_405_Inc,Electronics,18,1127,800,558,302,649,28,3.67,2.0,6.0,0.0015,313818.0,high
V1074,Vendor_671_LLC,Machinery,4,731,642,308,356,428,17,4.93,10.0,47.0,0.2588,283970.0,
V5085,Vendor_328_Inc,Electronics,10,2737,187,132,172,180,6,3.05,6.0,27.0,0.1887,347675.0,High Risk
V3929,Vendor_639_Ltd,Chemicals,11,46,1,1,0,0,22,2.24,1.0,19.0,0.2043,384056.0,NO
V1967,Vendor_607_LLC,Electronics,10,3779,2635,1175,2567,2133,28,3.24,4.0,62.0,0.0921,183133.0,1
V1571,Vendor_627_Corp,Machinery,27,4238,4170,645,2253,2235,26,3.01,7.0,22.0,0.085,24662.0,high risk
V5113,Vendor_352_Ltd,Chemicals,18,2242,178,142,153,168,22,4.29,2.0,18.0,0.2683,271179.0,1
V4075,Vendor_759_Inc,Food & Beverage,9,1727,1361,262,42,573,7,4.17,5.0,40.0,0.0389,23747.0,high
V5065,Vendor_146_LLC,Automotive,29,2823,2329,427,911,391,18,4.58,10.0,53.0,0.099,315828.0,Low Risk
V1053,Vendor_546_Co,Automotive,27,3948,154,53,137,115,30,2.47,9.0,46.0,0.1882,464912.0,high
V7160,Vendor_905_Ltd,Chemicals,3,1533,1518,1373,911,1268,27,2.02,1.0,10.0,0.0402,123294.0,NO
V9561,Vendor_206_Co,Textiles,21,3511,2471,1371,433,268,4,-5.0,8.0,47.0,0.1965,183586.0,Low
V9087,Vendor_138_Inc,Machinery,21,3431,2667,968,1845,181,22,3.42,8.0,48.0,0.0243,124735.0,Low
V8216,Vendor_632_LLC,IT Hardware,14,3752,792,748,136,732,25,4.24,3.0,11.0,0.2475,181728.0,1
V9676,Vendor_166_Co,Food & Beverage,12,3501,3150,56,1938,3123,10,3.93,8.0,26.0,0.2065,145501.0,low
V4347,Vendor_264_LLC,Electronics,14,1620,13,0,11,13,10,3.21,1.0,54.0,0.1953,256911.0,0
V9099,Vendor_549_Corp,Machinery,28,4904,470,396,419,89,22,4.79,9.0,37.0,0.0584,412020.0,Low Risk
V5400,Vendor_611_Inc,Food & Beverage,13,3039,1912,1594,1490,799,19,4.14,5.0,43.0,0.2841,190001.0,1
V9908,Vendor_903_Corp,Packaging,22,3965,1303,540,1011,279,15,2.08,7.0,55.0,0.0534,416080.0,NO
V5245,Vendor_363_Ltd,Chemicals,18,629,124,45,53,25,23,4.09,8.0,50.0,0.0268,132559.0,0
V8192,Vendor_859_Inc,Office Supplies,24,168,68,28,50,11,7,3.66,1.0,69.0,0.1307,463899.0,1
V1387,Vendor_429_Ltd,Textiles,11,1718,1355,524,603,764,18,3.68,4.0,28.0,0.1853,231740.0,High
V7494,Vendor_646_Co,Packaging,30,2028,1346,967,862,296,16,4.04,2.0,41.0,0.1769,321443.0,YES
V6415,Vendor_802_Corp,Packaging,16,3598,2734,1158,715,37,18,4.9,7.0,23.0,,37528.0,high
V7875,Vendor_871_Inc,Raw Materials,5,787,244,119,35,195,11,2.94,6.0,61.0,0.1856,73944.0,Low
V4954,Vendor_923_LLC,Food & Beverage,19,2057,603,550,602,318,26,3.14,9.0,63.0,0.1387,,0
V1115,Vendor_782_Inc,Textiles,16,381,317,150,304,257,-5,TBD,9.0,43.0,0.1513,216495.0,High
V1549,Vendor_581_LLC,Chemicals,27,4248,2399,1581,1810,1218,25,3.59,1.0,14.0,0.1541,328184.0,Low Risk
V2399,Vendor_182_Inc,Packaging,1,2293,2131,950,1225,786,13,2.93,,28.0,0.0899,452884.0,Low Risk
V9157,Vendor_214_Ltd,IT Hardware,26,358,59,29,24,16,28,4.09,5.0,,0.0156,496295.0,Low Risk
V2841,Vendor_587_Ltd,Textiles,28,2866,912,94,429,67,29,3.61,3.0,1.0,0.0934,247146.0,High
V3041,Vendor_428_Ltd,Machinery,29,3234,1755,1289,1023,1452,1,3.9,8.0,47.0,0.172,180071.0,
V1828,Vendor_767_Co,Electronics,3,2056,308,226,281,50,30,4.26,4.0,22.0,0.1219,253370.0,1
V5742,Vendor_997_Corp,Electronics,10,307,203,201,126,47,19,3.81,6.0,37.0,0.1363,337232.0,High Risk
V7347,TBD,Food & Beverage,13,3084,2124,1311,58,551,3,2.36,7.0,50.0,0.0411,378047.0,High Risk
V6364,Vendor_691_Inc,Machinery,25,3156,2520,1712,1016,654,6,3.49,9.0,60.0,0.1496,162764.0,low
V7046,Vendor_448_Co,Office Supplies,10,2390,173,47,103,58,7,4.88,1.0,11.0,0.1409,162338.0,high
V4015,Vendor_432_Inc,Textiles,13,1450,1012,11,512,501,5,2.5,1.0,70.0,0.1543,411924.0,1
V6858,Vendor_635_Inc,IT Hardware,3,2932,2231,1246,295,1660,29,2.84,2.0,49.0,0.1579,474730.0,high
V8137,Vendor_612_Corp,Food & Beverage,14,2978,2223,2149,1851,1990,18,3.48,1.0,23.0,0.0838,220533.0,High
V6087,Vendor_301_Inc,Chemicals,16,1427,388,349,255,176,16,3.67,1.0,16.0,0.0958,227000.0,YES
V9539,Vendor_965_Ltd,Automotive,10,3918,672,107,503,568,10,2.23,6.0,7.0,0.1098,293423.0,NO
V9810,Vendor_723_Corp,Food & Beverage,10,1394,383,281,328,308,19,3.75,6.0,69.0,0.0319,170585.0,Low
V2734,Vendor_534_Ltd,Chemicals,29,2891,183,12,126,91,26,4.17,7.0,61.0,0.0567,284818.0,1
V7824,Vendor_838_LLC,Packaging,29,4989,4012,502,1934,2141,21,4.92,2.0,48.0,0.1223,222643.0,High Risk
V6174,Vendor_173_Ltd,Food & Beverage,2,427,227,4,68,2,20,3.88,2.0,67.0,0.2295,243238.0,High Risk
V7843,Vendor_131_Ltd,Office Supplies,24,3884,634,407,120,468,7,2.93,4.0,67.0,0.182,-10000.0,YES
V1457,Vendor_175_Co,IT Hardware,15,4198,3958,1052,753,2022,24,,4.0,65.0,0.2768,359865.0,Low
V6909,Vendor_596_Co,Textiles,2,1072,1062,401,837,1059,24,2.27,9.0,2.0,,326564.0,
V7504,Vendor_642_Ltd,Packaging,27,901,552,299,231,236,1,3.76,7.0,25.0,0.0512,380036.0,0
V1765,Vendor_890_Corp,Raw Materials,4,2794,2770,812,2440,1491,30,2.99,3.0,42.0,0.0958,360568.0,high
V9466,Vendor_646_Co,Machinery,23,2514,1965,799,1427,1942,17,3.25,7.0,12.0,0.2102,277008.0,YES
V3059,Vendor_518_Corp,Automotive,27,3583,2143,2102,23,424,22,2.01,10.0,5.0,0.258,232193.0,low
V4995,Vendor_738_Corp,Food & Beverage,1,1503,260,45,38,132,12,4.08,8.0,32.0,0.1264,400645.0,1
V6854,Vendor_979_Ltd,Packaging,18,4352,2129,1676,1733,1786,9,2.1,3.0,11.0,0.1934,113734.0,low
V2950,Vendor_868_LLC,Automotive,25,3467,1932,1677,1249,1643,1,4.48,2.0,,0.0888,272507.0,
V9506,Vendor_358_Ltd,Packaging,10,3200,1289,313,1053,3,30,3.94,,61.0,0.0538,115414.0,low
V9725,Vendor_985_Corp,Chemicals,29,1462,183,104,123,49,15,3.23,8.0,70.0,0.1948,320002.0,0
V1454,Vendor_933_LLC,Machinery,14,700,658,78,220,374,14,3.56,10.0,37.0,0.2457,152005.0,Low Risk
V3474,Vendor_203_Inc,Automotive,22,430,324,10,32,168,23,4.35,5.0,12.0,0.0118,465133.0,Low Risk
V6463,Vendor_556_Corp,Automotive,18,2155,437,308,237,103,28,4.73,3.0,67.0,0.1113,123915.0,0
V9086,Vendor_424_Co,Office Supplies,2,4413,4083,1406,1471,2455,9,4.17,6.0,42.0,0.0491,414853.0,High Risk
V1719,Vendor_886_LLC,Packaging,19,4201,1309,775,1127,779,28,3.98,3.0,21.0,0.2606,94777.0,
V6530,Vendor_603_Corp,Food & Beverage,15,2315,1512,8,471,455,5,4.97,7.0,13.0,0.1176,148757.0,high
V6070,Vendor_279_Corp,IT Hardware,29,254,9,7,6,7,2,3.97,5.0,37.0,0.2157,107272.0,
V8707,Vendor_621_LLC,Electronics,4,4702,2018,96,1687,1948,13,2.52,9.0,67.0,0.0984,240100.0,low
V4656,Vendor_545_Co,IT Hardware,12,210,107,12,14,82,30,2.47,8.0,37.0,0.2943,409414.0,
V9429,Vendor_445_Inc,Office Supplies,9,2162,1801,241,1525,572,11,4.42,8.0,71.0,0.1369,51595.0,YES
V1930,Vendor_185_LLC,Office Supplies,28,98,64,48,20,63,4,Unknown,7.0,55.0,0.1346,34042.0,
V2939,Vendor_469_Corp,Electronics,20,843,288,182,39,170,5,2.53,9.0,43.0,0.1799,357218.0,high
V3164,Vendor_599_Ltd,Machinery,1,2881,933,360,630,429,2,4.21,8.0,49.0,0.2293,488733.0,
V8395,Vendor_457_LLC,Automotive,10,1559,1136,1051,590,884,15,4.97,7.0,44.0,0.1708,90833.0,
V5051,Vendor_134_Inc,Raw Materials,27,208,58,40,49,44,26,3.13,7.0,17.0,0.2455,460602.0,High
V9958,Vendor_859_Co,Automotive,1,2827,1769,1525,353,631,28,4.4,10.0,64.0,0.013,216902.0,High
V9317,Vendor_605_LLC,Machinery,23,1555,413,6,293,190,18,2.65,9.0,2.0,0.1279,418134.0,1
V3744,Vendor_581_Inc,Machinery,4,2804,1110,342,724,73,25,4.8,,30.0,0.173,22010.0,High Risk
V8532,Vendor_824_LLC,Textiles,6,874,443,185,325,424,24,3.57,5.0,69.0,0.2324,244727.0,high
V6218,Vendor_594_Ltd,Office Supplies,3,1774,1463,719,827,333,2,4.94,10.0,5.0,0.0427,14548.0,Low
V8438,Vendor_444_LLC,Office Supplies,27,3736,1291,112,941,1183,3,3.37,1.0,53.0,0.1228,233726.0,High
V2066,Vendor_836_Corp,Machinery,8,2603,1876,1269,1790,571,5,4.81,4.0,35.0,0.1664,58558.0,0
V9928,Vendor_208_Corp,Machinery,20,1179,43,14,1,3,3,2.21,5.0,2.0,0.1475,196930.0,Low Risk
V6930,Vendor_129_Co,Electronics ,20,2058,189,85,28,154,29,4.13,1.0,43.0,0.1239,232198.0,
V2526,Vendor_239_Corp,Office Supplies,12,4478,1216,283,555,421,12,4.83,9.0,67.0,0.0586,324354.0,0
V1016,Vendor_106_Co,Textiles,20,342,15,5,15,7,13,4.72,7.0,9.0,0.2995,62228.0,
V9255,Vendor_655_Inc,Raw Materials,25,2838,2754,543,2662,728,12,3.69,10.0,54.0,0.2023,469643.0,
V1848,Vendor_347_Inc,IT Hardware,5,901,377,58,234,178,21,4.66,7.0,70.0,0.0311,80011.0,0
V5217,Vendor_658_Ltd,Food & Beverage,2,1833,1111,130,793,138,15,3.95,10.0,69.0,0.2249,444933.0,High
V7333,Vendor_104_LLC,Packaging,1,4312,1960,212,1354,1167,20,,3.0,64.0,0.0048,4023.0,0
V7708,Vendor_154_Ltd,Textiles,6,949,853,567,107,103,24,2.3,10.0,52.0,0.1831,,NO
V6506,Vendor_435_Inc,Automotive,24,2875,1583,752,1096,290,8,3.52,9.0,49.0,0.0265,105188.0,YES
V3334,Vendor_646_Inc,Textiles,27,3129,914,357,351,301,17,4.45,,70.0,0.1332,28563.0,1
V1421,Vendor_243_Co,Raw Materials,7,4186,4093,1131,1262,3845,7,2.41,8.0,55.0,0.2571,452642.0,1
V4274,Vendor_529_Corp,Machinery,13,3606,153,54,43,1,27,2.42,4.0,70.0,0.0705,493267.0,High Risk
V3749,Vendor_773_Ltd,Chemicals,28,3159,1095,1025,976,1075,17,3.42,4.0,6.0,0.0154,93144.0,
V4568,Vendor_463_Ltd,IT/IS,4,2043,1294,262,595,1106,13,4.17,2.0,,0.0665,340884.0,High Risk
V1158,Vendor_688_Inc,Machinery,4,3256,366,283,290,52,30,2.13,2.0,59.0,0.1806,440831.0,0
V5579,Vendor_239_Inc,Automotive,9,3042,308,303,259,134,24,2.42,8.0,41.0,0.1532,364816.0,High
V6138,Vendor_856_Corp,Automotive,1,2525,2406,2339,2223,710,2,4.9,7.0,25.0,0.1055,282943.0,0
V6520,Vendor_934_Ltd,Food & Beverage,16,42,29,20,9,25,30,2.87,5.0,54.0,0.2465,393310.0,
V1466,Vendor_581_Corp,Office Supplies,30,2640,116,100,3,42,14,2.14,7.0,68.0,0.0509,53489.0,0
V4179,Vendor_878_LLC,Chemicals,13,1003,942,143,452,250,18,3.64,1.0,27.0,0.1979,324583.0,Low Risk
V5413,Vendor_415_Co,Food & Beverage,28,4963,1692,1378,1520,153,24,4.09,10.0,40.0,0.1403,205717.0,Low Risk
V8436,Vendor_262_Inc,Food & Beverage,12,2092,1480,83,508,1063,10,3.58,10.0,23.0,0.2087,202805.0,1
V5443,Vendor_844_Co,Food & Beverage,13,1051,463,11,241,75,9,2.28,3.0,53.0,0.0296,115069.0,YES
V6715,Vendor_246_Corp,Textiles,28,276,265,165,208,223,29,2.65,5.0,68.0,0.1428,429762.0,high
V3263,Vendor_271_Ltd,Packaging,12,3609,1004,534,896,863,30,4.01,10.0,27.0,0.0631,56420.0,0
V3542,Vendor_350_Co,Chemicals,13,1532,386,380,359,306,21,2.73,1.0,69.0,0.2783,268765.0,YES
V5414,Vendor_525_LLC,IT Hardware,24,3096,1735,375,314,511,22,3.35,2.0,43.0,0.0353,380782.0,High
V1877,Vendor_415_LLC,IT Hardware,16,3889,1973,1631,323,1556,28,2.36,9.0,71.0,0.2037,75300.0,low
V1341,Vendor_782_Ltd,Textiles,24,2930,578,93,171,270,14,3.45,7.0,13.0,0.1842,204890.0,
V1148,Vendor_766_Co,Chemicals,4,3719,1479,753,22,525,23,2.59,9.0,30.0,0.2342,301788.0,0
V6564,Vendor_671_Co,Raw Materials,30,528,427,310,48,127,14,3.23,10.0,70.0,0.0268,155529.0,
V2598,Vendor_234_Co,Packaging,9,3811,1079,965,187,645,12,4.26,9.0,31.0,0.219,287359.0,Low
V2305,Vendor_138_Ltd,Chemicals,20,1546,1239,146,489,1134,999,3.97,7.0,16.0,0.2347,151086.0,0
V2084,Vendor_190_Co,Textiles,23,1236,453,154,33,322,29,2.49,10.0,22.0,0.1591,164006.0,
V1993,Vendor_109_Ltd,Chemicals,8,3817,3545,2732,1784,3513,10,2.97,10.0,59.0,0.2029,351379.0,1
V6888,Vendor_259_Corp,Food & Beverage,29,4471,3015,1071,1649,12,7,2.41,4.0,28.0,0.0009,175205.0,High Risk
V9693,Vendor_139_Inc,Automotive,12,1887,1695,1588,1087,1138,28,4.81,5.0,20.0,0.0172,194618.0,Low Risk
V2468,Vendor_332_Corp,Electronics,13,3978,3973,398,2942,1335,7,2.89,10.0,54.0,0.2399,51620.0,0
V1873,Vendor_710_Ltd,Packaging,1,2864,684,641,582,464,3,3.39,3.0,63.0,0.0717,277551.0,NO
V6374,Vendor_724_LLC,Raw Materials,21,897,691,239,482,25,27,3.39,,53.0,0.035,24774.0,0
V9538,Vendor_716_LLC,Machinery,7,373,21,9,3,10,12,2.39,9.0,54.0,0.2144,347820.0,high
V7842,Vendor_825_Inc,Office Supplies,1,2668,1695,32,6,1302,20,2.52,3.0,47.0,0.1704,425114.0,1
V2022,Vendor_491_Ltd,Packaging,2,2659,1054,331,151,567,9,4.87,5.0,23.0,0.1322,258803.0,1
V7980,Vendor_513_Ltd,Machinery,4,4342,2570,1582,1017,1584,30,4.77,10.0,52.0,0.2246,362679.0,High Risk
V5566,Vendor_686_Corp,Food & Beverage,4,2341,681,313,315,72,16,,4.0,31.0,0.1952,375554.0,1
V1615,Vendor_731_Ltd,Food & Beverage,19,2922,789,84,624,273,29,2.82,6.0,29.0,0.1208,387625.0,0
V6348,Vendor_146_Ltd,IT Hardware,30,473,400,48,62,86,21,3.22,2.0,,0.1337,13360.0,YES
V6181,Vendor_613_Ltd,Automotive,9,3899,727,226,680,425,13,3.4,,14.0,0.0727,17411.0,High Risk
V4661,Vendor_445_Co,Office Supplies,23,996,78,26,56,43,4,2.07,3.0,72.0,0.1585,455677.0,low
V4390,Vendor_274_Inc,Raw Materials,16,4926,3934,817,397,105,28,TBD,7.0,61.0,0.1467,347575.0,High
V9856,Vendor_438_Corp,Machinery,27,836,120,63,29,6,10,4.77,5.0,50.0,0.211,36626.0,0
V8031,Vendor_647_Corp,Chemicals,8,653,449,334,5,22,14,3.08,8.0,20.0,0.2015,119295.0,
V1232,Vendor_256_Inc,Chemicals,30,1558,430,371,162,22,6,3.05,4.0,8.0,0.1174,81267.0,High
V8713,Vendor_173_LLC,Textiles,7,4315,1408,27,898,320,7,2.92,3.0,,0.1466,491889.0,1
V7425,Vendor_940_LLC,IT Hardware,10,549,248,12,225,144,6,4.35,7.0,38.0,0.1929,262202.0,
V7423,Vendor_217_Ltd,Raw Materials,3,2005,784,366,348,520,2,3.27,7.0,59.0,0.1712,315139.0,1
V1979,Vendor_252_Ltd,Food & Beverage,30,723,531,381,529,34,23,2.5,2.0,2.0,0.2331,162515.0,Low
V7128,Vendor_265_LLC,IT Hardware,4,4261,2482,2312,1667,1402,16,4.33,1.0,28.0,0.2181,189844.0,1
V1670,Vendor_713_Ltd,Automotive,8,3587,1184,240,736,1002,1,2.38,9.0,3.0,0.2554,13441.0,High
V3587,Vendor_689_Co,Machinery,27,4331,2235,1836,1254,670,26,4.89,6.0,54.0,0.2053,,
V8135,Vendor_918_Ltd,Textiles,14,4508,435,294,105,363,4,3.37,3.0,8.0,0.1888,13422.0,0
V7124,Vendor_779_Co,Chemicals,24,4405,3397,2772,1828,775,4,4.51,10.0,33.0,0.2444,79148.0,YES
V4746,Vendor_238_LLC,Electronics,9,1761,1259,603,1099,261,3,2.83,8.0,36.0,0.1965,384329.0,0
V1660,Vendor_567_Corp,Textiles,20,1002,236,180,27,58,12,2.49,6.0,51.0,0.2059,468928.0,Low
V7853,Vendor_290_Corp,Raw Materials,28,902,81,73,53,64,29,2.71,,55.0,0.0846,283949.0,low
V5320,Vendor_299_Corp,Packaging,27,2157,1622,530,81,684,1,3.16,10.0,38.0,0.2212,155859.0,NO
V9569,Vendor_858_Corp,Food & Beverage,12,3441,907,227,594,101,23,3.88,7.0,36.0,0.0863,108056.0,YES
V5728,Vendor_639_Corp,IT Hardware,30,4255,959,283,252,793,11,2.78,2.0,43.0,0.1242,364794.0,
V5284,Vendor_300_LLC,Automotive,12,4567,3591,2954,2961,2323,9,4.88,10.0,42.0,0.098,244843.0,Low Risk
V5534,Vendor_888_Co,Office Supplies,30,1233,813,383,56,386,7,4.02,Good,49.0,0.0284,453737.0,NO
V7941,Vendor_192_Ltd,Textiles,22,1879,948,177,204,277,5,4.57,2.0,27.0,0.2949,465550.0,1
V4723,Vendor_241_Corp,Electronics,19,3833,1482,203,1072,1418,17,3.98,7.0,25.0,0.1211,277510.0,YES
V8197,Vendor_443_LLC,Food & Beverage,21,2433,115,78,100,21,13,2.25,4.0,20.0,0.075,253539.0,high
V8750,Vendor_640_Co,Machinery,28,3673,3531,2684,1520,1104,11,2.07,6.0,24.0,0.123,98375.0,
V9695,Vendor_940_Inc,Textiles,15,2458,2348,257,438,627,24,3.88,3.0,65.0,0.1093,23320.0,0
V1539,Vendor_781_Ltd,Chemicals,6,1425,299,295,100,96,29,2.57,9.0,32.0,0.0267,366748.0,0
V4046,Vendor_885_Co,Chemicals,5,829,312,52,160,295,15,4.64,7.0,63.0,0.2464,240454.0,High
V1567,Vendor_377_Co,Textiles,18,4304,4035,615,1666,1735,14,4.96,1.0,13.0,0.2901,326899.0,NO
V3609,Vendor_336_Corp,Textiles,16,3547,3275,2752,3228,3199,18,2.09,10.0,36.0,0.1157,20612.0,
V6286,Vendor_826_LLC,Packaging,17,4254,1253,622,337,331,29,2.85,2.0,33.0,0.0589,289799.0,High
V8286,Vendor_542_LLC,Textiles,1,3246,992,81,691,504,4,4.76,4.0,47.0,0.2378,425006.0,High Risk
V5348,Vendor_997_Inc,Textiles,4,1531,956,43,910,361,15,2.67,4.0,52.0,0.0168,371341.0,High Risk
V1839,Vendor_606_LLC,Food & Beverage,21,2484,1582,1395,498,473,7,4.73,3.0,44.0,0.13,453251.0,
V8232,Vendor_300_LLC,Chemicals,14,1989,1427,240,500,660,25,3.76,7.0,41.0,0.1469,388689.0,
V5446,Vendor_,Office ,1,46,37,6,28,18,30,3.58,4.0,4.0,0.238,461298.0,
V7247,Vendor_309_Ltd,Raw Materials,18,273,71,19,42,50,13,2.57,2.0,43.0,0.1709,237734.0,SAFE
V7185,Vendor_199_Ltd,Machinery,1,4273,4177,3918,1106,2538,7,4.4,5.0,32.0,,405984.0,YES
V7442,Vendor_637_Inc,Electronics,21,1783,169,123,72,167,11,2.48,7.0,34.0,0.0175,169007.0,
V4106,Vendor_983_Inc,Office Supplies,26,910,400,320,364,56,22,3.16,5.0,20.0,0.2672,322532.0,1
V4710,Vendor_164_LLC,Automotive,26,681,303,172,261,93,10,2.49,8.0,26.0,0.0689,12277.0,low
V1015,Vendor_721_LLC,Electronics,1,2677,2541,1195,2399,1765,22,2.56,10.0,7.0,0.2226,306387.0,
V8634,Vendor_576_Ltd,Raw Materials,29,475,226,166,171,25,30,4.06,4.0,41.0,0.1973,337550.0,YES
V2380,Vendor_899_LLC,Office Supplies,21,419,277,167,59,183,28,3.53,,6.0,0.0065,301174.0,Low Risk
V4293,Vendor_332_Co,Office Supplies,25,1269,1003,766,312,47,3,2.7,9.0,,0.2507,455780.0,YES
V8482,Vendor_355_LLC,Textiles,18,136,80,72,61,44,25,3.96,3.0,65.0,0.2547,199257.0,Low
V7804,Vendor_165_Ltd,Electronics,6,4232,3477,2809,1557,1765,16,4.94,8.0,45.0,0.2228,41498.0,1
V7444,Vendor_948_Corp,IT Hardware,14,4562,3206,789,2524,2639,5,4.82,,23.0,0.1209,167789.0,High Risk
V1478,Vendor_533_Corp,Automotive,4,4688,782,449,669,710,5,3.03,1.0,51.0,0.0092,365944.0,Low Risk
V6503,Vendor_773_Ltd,Electronics,28,4151,521,230,188,199,15,2.21,,68.0,0.0863,85461.0,0
V4764,Vendor_683_LLC,Automotive,8,3976,2478,943,1838,1715,25,4.73,10.0,18.0,0.1817,418257.0,0 
V6845,Vendor_530_Corp,Machinery,6,4192,3937,718,796,2193,21,4.53,1.0,16.0,0.084,19319.0,High Risk
V6839,Vendor_694_Inc,IT Hardware,15,4342,2423,459,1889,487,7,2.78,10.0,27.0,0.011,122303.0,low
V2984,Vendor_853_Co,Office Supplies,15,3765,1034,462,211,298,5,3.05,7.0,59.0,0.0668,156589.0,YES
V2991,Vendor_962_Ltd,Food & Beverage,26,2152,301,133,92,291,22,2.72,5.0,40.0,0.2414,155756.0,0
V2665,Vendor_434_Co,Packaging,1,1582,903,744,524,163,28,3.4,2.0,55.0,0.0376,265097.0,
V9187,Vendor_281_Inc,Chemicals,25,3331,2951,1358,2056,2178,10,3.17,4.0,11.0,0.0427,278832.0,YES
V7667,Vendor_223_Ltd,Automotive,5,3001,1837,1081,1262,996,19,3.22,10.0,72.0,0.2387,296893.0,0
V5476,Vendor_416_Inc,Automotive,8,1053,938,931,381,40,3,3.49,5.0,28.0,0.2977,5762.0,
V2908,Vendor_284_Ltd,IT Hardware,27,4741,4080,2503,2930,2969,28,4.58,8.0,1.0,0.056,92399.0,low
V7276,Vendor_495_Co,IT Hardware,23,2335,1242,582,1064,1074,16,2.43,4.0,55.0,0.1347,335140.0,
V1505,Vendor_476_Ltd,Machinery,11,648,394,16,134,269,18,3.5,5.0,45.0,0.0795,65885.0,0
V8718,Vendor_379_Co,Food & Beverage,23,1771,1154,142,33,322,4,2.04,5.0,65.0,0.2171,215215.0,0
V1032,Vendor_752_Co,Textiles,6,1366,604,580,300,145,11,3.4,8.0,32.0,0.0999,453524.0,0
V4637,Vendor_754_Co,Chemicals,12,636,479,415,131,293,21,2.49,8.0,13.0,0.1552,6649.0,Low
V4874,Vendor_123_Ltd,Food & Beverage,20,3347,3301,1612,1493,426,25,2.24,4.0,30.0,0.1673,498959.0,1
V6799,Vendor_544_Corp,Office Supplies,26,4459,1340,1198,866,1334,2,4.34,7.0,37.0,,378934.0,high
V7349,Vendor_526_Inc,Automotive,2,1956,1046,589,96,781,1,4.23,4.0,57.0,0.249,478881.0,YES
V8340,Vendor_136_LLC,Chemicals,7,4328,2774,1438,472,1397,10,4.38,2.0,57.0,Low,41216.0,YES
V4700,Vendor_473_Co,Packaging,3,1916,1305,733,322,854,16,4.4,4.0,47.0,0.0546,58371.0,1
V7978,Vendor_794_Corp,Textiles,27,4896,445,10,319,256,30,3.57,5.0,40.0,0.258,225866.0,YES
V9843,Vendor_858_Ltd,Electronics,2,3956,3147,1222,658,194,6,2.3,2.0,20.0,0.2048,433290.0,
V3504,Vendor_879_LLC,Office Supplies,4,3938,2676,2046,597,810,13,4.24,9.0,63.0,0.2259,397208.0,low
V4698,Vendor_529_Corp,IT Hardware,25,1399,150,127,89,15,22,2.54,1.0,19.0,0.2085,,Low Risk
V7582,Vendor_536_Corp,Chemicals,24,2617,2057,880,1834,1133,10,3.41,7.0,12.0,0.1532,401616.0,YES
V5285,Vendor_699_Co,Electronics,3,3390,1028,1022,320,152,1,4.59,9.0,51.0,0.0292,490563.0,high
V4571,Vendor_235_Inc,Chemicals,8,4585,101,88,93,52,21,5.0,1.0,62.0,TBD,85831.0,NO
V4562,Vendor_956_Inc,Packaging,6,748,643,365,539,567,9,4.51,5.0,53.0,TBD,256261.0,Low
V9772,Vendor_665_Inc,Electronics,26,1469,1351,558,1244,321,24,4.38,7.0,,0.095,117856.0,High Risk
V7112,Vendor_883_Co,Food & Beverage,19,3509,1068,656,538,918,19,4.32,8.0,34.0,0.0399,385644.0,High
V1232,Vendor_859_Corp,IT Hardware,6,2074,542,287,281,263,30,3.78,3.0,58.0,0.1109,92959.0,High
V5494,Vendor_411_LLC,Textiles,13,2186,2066,1912,1301,2050,22,4.27,5.0,21.0,0.098,61626.0,
V9666,Vendor_457_Co,Chemicals,18,1449,1078,627,1002,195,9,3.82,1.0,22.0,0.0954,395197.0,
V7873,Vendor_261_Inc,Textiles,21,155,115,96,37,43,15,2.01,4.0,21.0,0.1343,493460.0,High Risk
V5371,Vendor_611_Ltd,IT Hardware,18,3175,923,310,906,861,15,2.7,2.0,11.0,0.1722,463727.0,Low
V8079,Vendor_929_Co,IT Hardware,2,1823,698,656,530,673,21,2.55,,31.0,0.2999,51967.0,high
V4160,Vendor_688_Co,Machinery,7,3454,416,91,369,206,12,2.18,10.0,29.0,,234538.0,low
V6964,Vendor_769_Ltd,Automotive,12,782,743,183,603,600,18,3.84,1.0,,0.2049,222087.0,low
V2303,Vendor_280_LLC,Chemicals,5,511,453,94,259,3,29,3.63,4.0,16.0,0.2109,40730.0,1
V2456,Vendor_369_Co,Machinery,21,1735,1055,412,460,464,5,3.07,5.0,66.0,0.0974,304019.0,YES
V9162,Vendor_521_Co,Food & Beverage,1,4277,2437,419,848,1017,11,4.75,9.0,2.0,0.1468,35675.0,
V4630,Vendor_594_Ltd,Raw Materials,2,3469,1096,983,557,622,19,4.33,6.0,36.0,0.0858,83205.0,High Risk
V9492,Vendor_763_Co,IT Hardware,1,1372,846,699,503,206,21,3.35,7.0,15.0,0.0746,332526.0,NO
V5727,Vendor_792_Inc,Food & Beverage,10,4198,1757,1688,1623,687,19,3.52,,55.0,0.2657,105960.0,
V2336,Vendor_447_Ltd,Raw Materials,17,3298,821,232,359,662,9,2.06,10.0,8.0,0.2946,32009.0,YES
V2317,Vendor_509_LLC,Food & Beverage,29,3815,3618,3110,79,884,25,2.12,6.0,2.0,0.2824,153675.0,Low Risk
V4754,Vendor_443_LLC,Office Supplies,24,533,154,85,149,85,10,2.36,7.0,54.0,0.1209,94232.0,YES
V2011,Vendor_369_Ltd,Electronics,1,1131,999,419,878,196,17,2.53,4.0,52.0,0.1697,378944.0,YES
V4247,Vendor_297_Corp,Raw Materials,9,3119,2186,1409,1733,1096,27,-5.0,10.0,28.0,0.173,75480.0,NO
V6010,Vendor_321_Corp,Automotive,29,4425,1764,1121,117,1291,28,2.73,9.0,50.0,0.0906,37826.0,High
V7004,Vendor_571_Inc,Electronics,11,4369,3829,1678,468,2556,13,2.24,6.0,46.0,0.1091,51791.0,0
V6777,Vendor_408_Inc,Automotive,25,3995,1038,746,939,27,22,4.57,10.0,62.0,0.0338,360548.0,High Risk
V2873,Vendor_689_Ltd,Electronics,7,2926,1295,230,433,1270,30,2.93,3.0,31.0,0.1285,285510.0,High Risk
V5409,Vendor_529_Inc,Electronics,25,1949,1050,31,712,454,30,2.61,5.0,4.0,0.2557,489198.0,1
V1911,Vendor_589_Corp,Electronics,25,3863,1631,1309,1197,1437,22,,1.0,71.0,0.1722,244725.0,High
V1805,Vendor_644_Corp,Electronics,13,2731,1860,1267,354,993,10,4.82,10.0,41.0,0.1842,176236.0,1
V2890,Vendor_809_LLC,Food & Beverage,24,2975,945,466,322,766,29,3.23,2.0,46.0,0.1681,41078.0,Low
V4784,Vendor_331_Co,IT Hardware,9,4210,2132,1400,756,1596,16,4.19,7.0,62.0,0.0148,433870.0,NO
V7459,Vendor_855_Ltd,Machinery,17,13,10,4,3,0,29,2.2,8.0,70.0,0.0189,472587.0,0
V5230,Vendor_567_Corp,Textiles,23,3530,1843,1206,1103,1251,4,3.37,1.0,56.0,0.1753,45566.0,High
V9293,Vendor_659_Inc,Electronics,3,3452,147,134,147,132,2,3.11,9.0,26.0,0.1792,49672.0,1
V7109,Vendor_778_Co,IT Hardware,15,1295,1221,674,137,1115,13,3.54,2.0,49.0,0.2108,185343.0,0
V8370,Vendor_382_Corp,IT Hardware,27,3417,3244,1938,1508,2672,6,2.79,6.0,34.0,0.0189,41359.0,High Risk
V9166,Vendor_291_Co,Office Supplies,14,2860,2647,1787,1925,816,17,4.32,8.0,50.0,0.0215,377806.0,0
V4368,Vendor_740_LLC,Textiles,1,2759,1262,196,955,1022,27,4.9,7.0,66.0,0.1021,267540.0,High Risk
V5409,Vendor_475_Inc,Food & Beverage,6,742,447,130,178,117,6,2.66,10.0,67.0,0.1797,425747.0,1
V5067,Vendor_671_Inc,Textiles,20,3552,831,607,806,398,2,3.09,4.0,49.0,0.0462,217739.0,YES
V9185,Vendor_297_Inc,Raw Materials,8,2404,1815,7,1182,1188,12,3.95,1.0,44.0,0.0835,4303.0,low
V5493,Vendor_563_Corp,Machinery,3,3421,1694,324,1224,1218,8,2.44,9.0,18.0,0.1904,459855.0,Low Risk
V1828,Vendor_741_Corp,Electronics,19,2441,513,300,482,428,10,2.03,2.0,54.0,0.2097,254193.0,1
V9374,Vendor_201_Inc,Raw Materials,9,451,434,246,96,29,6,4.85,8.0,46.0,0.1315,145547.0,NO
V6986,,Office Supplies,3,1972,436,3,198,206,5,3.14,4.0,60.0,0.0251,159574.0,0
V8726,Vendor_464_LLC,Packaging,16,4095,1858,56,101,705,12,4.78,9.0,25.0,0.114,149782.0,Low Risk
V2094,Vendor_509_Co,Electronics,27,3700,406,199,131,152,5,4.58,1.0,6.0,0.2377,109937.0,1
V6319,Vendor_450_Ltd,Chemicals,23,18,5,0,4,2,14,2.59,10.0,3.0,0.2291,153579.0,
V5927,Vendor_511_LLC,IT Hardware,25,962,812,150,654,131,10,3.58,2.0,72.0,0.0881,265285.0,high
V2268,Vendor_199_Co,Food & Beverage,26,2103,1711,719,932,268,30,2.44,9.0,34.0,0.0614,174866.0,Low Risk
V2028,Vendor_605_Inc,Electronics,20,2071,1152,330,132,126,25,4.45,2.0,58.0,0.0036,391211.0,YES
V7536,Vendor_995_Co,Raw Materials,8,2338,1751,513,1596,1422,15,N/A,6.0,51.0,0.0913,388922.0,high
V4113,Vendor_990_Corp,Electronics,18,4434,1668,1159,133,964,13,4.17,8.0,70.0,0.1392,258927.0,
V1483,Vendor_188_Inc,Packaging,28,2125,479,187,168,337,15,2.04,5.0,3.0,0.2581,255358.0,1
V5622,Vendor_103_Inc,Textiles,13,4425,4093,2838,1556,677,3,2.08,Bad,5.0,0.1304,360885.0,NO
V3596,Vendor_859_Co,Packaging,27,684,255,92,61,242,5,4.06,9.0,53.0,0.1292,272127.0,0
V2212,Vendor_939_LLC,Chemicals,17,4792,3790,2994,2206,2495,18,2.56,10.0,58.0,0.2696,243285.0,0
V5199,Vendor_504_Inc,Machinery,8,874,439,133,426,185,20,4.02,10.0,10.0,0.2564,15318.0,1
V3839,Vendor_217_Ltd,Electronics,16,4687,3649,528,250,2831,11,2.9,9.0,Fast,0.0578,331457.0,NO
V7362,Vendor_933_Co,Packaging,20,1710,970,66,122,786,10,2.26,3.0,57.0,0.2175,27005.0,Low Risk
V3301,Vendor_226_Co,Food & Beverage,2,3784,1056,969,524,905,12,4.58,7.0,53.0,0.2571,481845.0,YES
V8144,Vendor_450_Co,Textiles,7,4968,1103,137,1014,52,5,3.23,5.0,56.0,0.2375,228146.0,0
V1868,Vendor_193_Inc,Raw Materials,11,30,7,5,1,1,6,2.02,4.0,66.0,0.1513,299686.0,0
V1767,Vendor_919_Corp,Food & Beverage,17,864,840,219,610,577,12,2.97,7.0,43.0,0.1367,20145.0,0
V3427,Vendor_282_Inc,Chemicals,12,4009,770,147,62,633,2,4.42,1.0,50.0,0.1843,10616.0,Low Risk
V8974,Vendor_562_Inc,Chemicals,13,189,179,160,166,135,22,4.09,10.0,49.0,0.1787,115568.0,High
V8233,Vendor_276_Corp,Textiles,26,1216,686,584,114,212,15,3.32,4.0,8.0,0.2831,355621.0,low
V2859,Vendor_349_Corp,Machinery,15,4190,155,65,114,10,14,4.58,5.0,14.0,0.1759,52428.0,NO
V1494,Vendor_364_Corp,Packaging,6,1192,487,422,299,3,10,4.62,9.0,49.0,0.1487,192615.0,Low
V4051,Vendor_783_LLC,Food & Beverage,13,3861,870,467,418,573,14,3.02,7.0,62.0,0.2553,248124.0,YES
V2834,Vendor_185_Ltd,Electronics,24,4692,4202,4132,3674,1200,27,3.61,10.0,38.0,0.2783,267452.0,0
V3111,Vendor_312_LLC,Automotive,4,4023,2750,2420,195,1143,1,3.21,9.0,10.0,0.221,258459.0,0
V1204,Vendor_343_Corp,IT Hardware,6,19,6,4,1,2,5,4.88,9.0,29.0,0.2346,106571.0,high
V5839,Vendor_264_Corp,Automotive,16,4295,1652,733,1440,839,30,2.62,8.0,43.0,0.0704,7684.0,YES
V5764,Vendor_969_Ltd,Raw Materials,14,919,805,228,424,477,4,3.29,1.0,41.0,0.0818,119760.0,low
V7389,Vendor_128_Corp,Automotive,24,3626,2132,1235,895,1848,7,2.56,6.0,62.0,0.2038,99999999.0,1
V6639,Vendor_109_Co,Automotive,27,261,38,2,29,19,12,2.78,10.0,12.0,0.1079,248290.0,Low Risk
V9050,Vendor_299_Inc,Packaging,23,3565,1655,1514,1100,48,23,4.23,8.0,16.0,0.007,55805.0,low
V3546,Vendor_891_Inc,IT Hardware,17,4010,3932,685,1116,3212,16,3.25,1.0,TBD,0.2265,207963.0,Low Risk
V4906,Vendor_892_Corp,Electronics,24,3651,1513,840,92,305,14,2.94,1.0,57.0,0.2306,319382.0,
V4197,Vendor_396_Ltd,Textiles,6,4630,1388,353,1264,1377,20,3.35,6.0,38.0,0.1661,186050.0,Low 
V3743,Vendor_620_Ltd,Automotive,12,3865,3239,2717,2518,265,16,3.56,3.0,42.0,0.2137,276500.0,NO
V7159,Vendor_684_Corp,Packaging,29,4386,3801,3335,2639,686,20,,8.0,13.0,,101892.0,Low Risk
V1384,Vendor_554_Corp,Office Supplies,9,3005,782,352,585,384,29,4.8,1.0,71.0,0.2975,352853.0,low
V6748,Vendor_775_Inc,Electronics,12,3848,2988,2882,1605,1120,14,2.13,3.0,8.0,0.2804,351351.0,1
V5776,Vendor_475_LLC,Raw Materials,3,308,145,130,80,139,6,,,36.0,0.0616,182460.0,High
V4409,Vendor_640_LLC,Chemicals,25,3341,534,282,533,180,29,2.67,9.0,29.0,0.1244,419614.0,1
V6016,Vendor_778_Corp,Raw Materials,2,703,314,183,172,122,19,3.73,7.0,54.0,0.1959,392219.0,High
V8859,Vendor_919_LLC,Machinery,19,978,440,307,59,367,29,3.61,4.0,22.0,0.1036,29054.0,1
V6636,Vendor_597_Co,Chemicals,27,3064,1431,1131,36,1380,16,3.09,9.0,13.0,0.1961,212000.0,0
V2181,Vendor_181_Corp,Food & Beverage,13,3250,386,99,312,213,25,4.31,5.0,,0.0679,17887.0,YES
V4120,Vendor_297_Ltd,Raw Materials,3,4940,985,42,600,934,18,3.86,5.0,61.0,0.2969,106905.0,High Risk
V2052,Vendor_220_Ltd,Electronics,24,3784,293,46,127,95,11,3.74,5.0,50.0,0.1129,205446.0,1
V6512,Vendor_276_LLC,IT Hardware,19,1789,1156,381,59,667,30,3.84,7.0,22.0,0.2866,385200.0,high
V8422,Vendor_464_LLC,Electronics,1,1506,54,10,1,49,27,4.08,6.0,46.0,0.1179,112096.0,1
V5683,Vendor_221_Ltd,Chemicals,1,4075,2578,2330,1966,966,9,3.49,6.0,18.0,0.1706,74160.0,NO
V5519,Vendor_158_LLC,Office Supplies,16,1581,1108,161,638,678,23,2.82,6.0,33.0,0.1299,96999.0,0
V9665,Vendor_747_Corp,Machinery,29,981,850,838,265,427,18,4.54,10.0,30.0,0.0731,111967.0,High Risk
V9409,Vendor_226_Co,Textiles,24,2782,2423,168,998,219,24,4.56,10.0,43.0,0.2535,138259.0,NO
V5961,Vendor_390_LLC,Machinery,3,3786,2331,2142,1847,1681,23,2.5,5.0,63.0,0.2024,200533.0,0
V2417,Vendor_480_Co,Textiles,25,1864,1105,558,675,947,14,4.07,10.0,11.0,0.2488,308638.0,High Risk
V1878,Vendor_387_Corp,Chemicals,13,1723,62,19,32,2,23,4.56,8.0,8.0,0.031,299907.0,0
V2358,Vendor_958_Ltd,Office Supplies,8,1043,3,2,2,2,12,10.0,8.0,3.0,0.185,440726.0,
V9587,Vendor_333_LLC,Packaging,22,109,107,95,104,100,2,3.2,2.0,43.0,0.1522,143330.0,High Risk
V3927,Vendor_575_Ltd,Textiles,17,962,937,766,201,470,12,3.43,7.0,5.0,0.1266,364093.0,1
V1483,Vendor_816_Ltd,Machinery,25,1916,376,16,358,52,27,4.02,6.0,66.0,0.0586,398360.0,1
V8199,Vendor_315_Corp,IT Hardware,1,1757,1613,1590,1386,241,3,4.13,2.0,29.0,0.2485,431167.0,high
V4539,Vendor_556_LLC,IT Hardware,20,4255,792,664,221,580,18,2.35,8.0,51.0,0.0749,454514.0,0
V6340,Vendor_369_Co,Automotive,3,2161,1449,1081,1161,862,18,4.92,5.0,2.0,0.1783,127779.0,High Risk
V7516,Vendor_744_Inc,Packaging,7,2785,2142,2045,1232,391,16,2.95,4.0,33.0,0.041,199183.0,high
V8052,Vendor_800_Corp,Electronics ,4,2273,2188,803,2138,16,26,2.76,10.0,28.0,0.2706,480493.0,
V7283,Vendor_963_Corp,Electronics,17,4863,992,225,40,643,12,2.95,8.0,8.0,0.0838,304438.0,1
V1460,Vendor_687_Inc,Food & Beverage,17,248,154,15,97,102,7,4.92,7.0,19.0,0.2766,224183.0,High
V2123,Unknown,Office Supplies,16,2562,1915,239,1642,348,12,3.36,4.0,31.0,0.2707,97505.0,0
V6567,Vendor_245_LLC,Food & Beverage,7,925,739,173,375,422,365,2.29,2.0,59.0,0.2698,258727.0,
V5476,Vendor_956_Corp,Packaging,25,1084,587,23,549,507,28,3.97,6.0,3.0,0.1361,258882.0,high
V3620,Vendor_601_Ltd,Office Supplies,18,193,88,5,78,21,13,4.91,4.0,37.0,0.1058,336042.0,1
V5625,Vendor_946_Ltd,Office Supplies,12,3830,3138,933,1438,1189,20,3.35,5.0,3.0,0.0362,166232.0,1
V8132,Vendor_824_Ltd,Packaging,22,2272,1615,1267,1550,1056,18,4.45,8.0,8.0,0.0279,173873.0,NO
V7824,Vendor_262_Co,Machinery,18,4231,554,89,138,192,27,4.67,3.0,65.0,0.1592,235344.0,low
V3442,Vendor_819_Corp,Food & Beverage,14,4863,4126,2069,4033,628,13,3.02,10.0,40.0,0.1058,85498.0,1
V1887,Vendor_352_LLC,Packaging,2,2291,259,118,151,122,24,4.27,8.0,33.0,0.1801,427814.0,0
V7558,Vendor_288_Corp,Packaging,1,3948,3008,1357,1539,840,3,3.07,9.0,15.0,0.0427,231900.0,1
V8319,Vendor_984_Co,Machinery,15,3135,2624,859,1716,1427,23,2.22,6.0,14.0,0.2895,28580.0,High
V3671,Vendor_371_Inc,Automotive,3,2777,1384,83,659,880,18,4.23,9.0,69.0,0.1978,480505.0,high
V2049,Vendor_637_LLC,Office Supplies,23,3588,3371,609,323,1446,28,3.43,,8.0,0.2939,212279.0,high
V2415,Vendor_594_Co,Chemicals,29,2788,1323,761,984,1130,13,2.58,10.0,45.0,0.0351,147381.0,YES
V3725,Vendor_364_LLC,Automotive,13,1113,1049,80,300,114,20,4.91,1.0,,0.2842,114557.0,
V6902,Vendor_250_Corp,Food & Beverage,9,4387,2202,210,18,549,27,2.58,5.0,56.0,0.0815,431112.0,High Risk
V5846,Vendor_718_Inc,Food & Beverage,23,1562,1102,682,380,181,22,4.26,6.0,62.0,0.2565,259665.0,high
V3460,Vendor_308_Ltd,Packaging,29,3368,1870,633,931,112,13,4.63,2.0,6.0,0.2988,97344.0,High
V8725,Vendor_469_LLC,IT Hardware,6,2648,1925,744,1220,1560,27,3.71,2.0,69.0,0.1585,328866.0,YES
V2765,Vendor_443_Co,Textiles,12,4516,1696,1689,822,389,25,3.53,7.0,68.0,0.2161,56931.0,High
V7824,Vendor_125_Inc,Chemicals,14,4147,214,10,79,155,19,2.07,1.0,65.0,0.0902,338412.0,Low Risk
V9281,Vendor_300_LLC,Automotive,15,1843,1547,1255,415,503,27,3.29,9.0,27.0,0.1655,418578.0,high
V9177,Vendor_543_Ltd,Office Supplies,16,2284,932,194,498,621,22,2.18,2.0,9.0,0.2859,371159.0,low
V3208,Vendor_758_Inc,Textiles,3,3709,81,51,6,33,6,2.07,8.0,12.0,0.1375,499960.0,Low Risk
V6971,NA,Electronics,11,3024,2877,1345,2834,1208,24,4.38,10.0,53.0,0.1329,234264.0,low
V7672,Vendor_959_Corp,Textiles,8,4478,385,153,352,203,17,4.11,3.0,65.0,,376403.0,
V1822,Vendor_866_Inc,Food & Beverage,22,575,164,23,60,56,3,4.93,6.0,14.0,0.1799,190518.0,Low Risk
V2028,Vendor_508_Inc,Raw Materials,5,3556,574,33,431,330,13,2.96,5.0,61.0,0.2524,253957.0,0
V2153,Vendor_420_Inc,Packaging,28,615,424,99,32,354,8,2.15,5.0,50.0,0.2269,33503.0,0
V1579,Vendor_764_Inc,Raw Materials,26,4159,163,90,81,43,19,4.36,10.0,64.0,,245894.0,high
V8158,Vendor_794_Co,IT Hardware,21,2950,1300,1191,864,178,3,2.8,10.0,6.0,0.2079,291306.0,Low Risk
V4700,Vendor_384_Inc,Food & Beverage,30,2171,933,659,932,330,3,3.22,,,0.2636,338181.0,high
V9002,Vendor_724_Co,Raw Materials,28,3309,413,75,322,180,23,2.5,4.0,16.0,0.2054,16210.0,1
V7947,Vendor_597_Co,Food & Beverage,14,417,345,41,139,226,9,2.65,9.0,15.0,0.1036,59138.0,High
V5450,Vendor_621_Inc,Textiles,3,4958,2853,1738,719,19,25,4.19,1.0,20.0,0.1579,79010.0,
V9462,Vendor_901_LLC,Chemicals,2,4143,2707,744,1836,1972,27,2.86,7.0,54.0,0.1055,151124.0,high
V2573,Vendor_184_Corp,Chemicals,10,2734,1247,714,1044,912,20,4.45,8.0,69.0,0.25,483551.0,Low Risk
V8413,Vendor_713_Co,Electronics,12,978,816,658,607,490,23,2.64,5.0,30.0,0.2773,14701.0,High
V9631,Vendor_627_Ltd,Food & Beverage,12,3948,1079,72,890,776,3,,6.0,63.0,,45040.0,high
V7425,Vendor_433_LLC,Chemicals,29,4495,1575,909,504,1216,6,4.45,7.0,1.0,N/A,255721.0,High
V3479,Vendor_158_Inc,Electronics,24,777,327,116,313,46,18,2.13,4.0,58.0,0.1179,38115.0,Low
V6782,Vendor_313_Ltd,Textiles,29,4445,1859,823,256,1720,14,3.38,8.0,57.0,0.2857,244016.0,Low
V7242,Vendor_113_Ltd,Textiles,21,2359,1655,1259,756,566,24,3.6,4.0,14.0,0.1913,153737.0,
V1530,Vendor_600_Co,IT Hardware,18,2797,2124,1072,1941,1617,23,4.31,4.0,,0.2816,407824.0,High
V6042,Vendor_738_LLC,Packaging,14,3337,2337,152,1574,1270,21,3.04,9.0,6.0,0.2761,119103.0,
V2482,Vendor_257_Corp,Food & Beverage,24,1424,123,82,54,15,1,2.81,4.0,61.0,0.1722,400894.0,Low
V4312,Vendor_776_Corp,Machinery,9,1430,743,173,343,330,24,2.28,7.0,24.0,0.2982,287255.0,0
V6325,Vendor_992_Corp,Electronics,1,4317,2447,2290,471,2368,4,4.31,N/A,50.0,0.179,109603.0,YES
V8741,Vendor_769_Ltd,Packaging,25,4160,3254,2248,1981,264,365,2.55,5.0,65.0,0.0581,309764.0,1
V5316,Vendor_581_LLC,Electronics,22,713,194,86,3,102,21,4.82,6.0,69.0,0.1407,7319.0,YES
V1116,Vendor_370_LLC,Packaging,17,2164,2088,461,1045,651,19,2.31,10.0,49.0,0.0961,174405.0,YES
V2456,Vendor_211_Co,Packaging,27,2485,2050,1567,1261,1685,5,2.81,4.0,51.0,0.2097,4366.0,0
V4248,Vendor_782_Ltd,Raw Materials,25,179,117,50,52,82,15,4.19,4.0,19.0,0.2226,247639.0,1
V2501,Vendor_417_Inc,Chemicals,1,2779,1939,1266,1622,808,2,2.99,10.0,63.0,0.1814,159791.0,1
V5325,Vendor_862_Co,IT Hardware,17,3739,3448,3281,2418,2656,8,2.02,2.0,67.0,0.2282,224123.0,0
V4719,Vendor_333_Ltd,Packaging,16,880,208,37,69,208,3,3.19,8.0,28.0,0.0113,125209.0,0
V3657,Vendor_806_Co,Automotive,15,1753,1178,959,1149,483,14,2.07,1.0,23.0,0.2497,234154.0,Low
V9767,Vendor_241_LLC,Raw Materials,15,588,559,408,266,311,29,4.65,9.0,66.0,0.2212,123231.0,Low Risk
V9437,Vendor_675_Corp,Packaging,8,2625,1414,816,267,758,15,2.37,8.0,,0.0423,27531.0,High
V3254,Vendor_346_Corp,Textiles,21,659,598,469,580,97,12,4.15,4.0,26.0,0.1059,236173.0,High
V4304,Vendor_306_Co,Textiles,30,3879,3821,1212,20,588,18,4.99,1.0,66.0,0.2327,439565.0,Low
V7242,Vendor_531_Ltd,Office Supplies,27,3503,1106,765,948,533,19,2.2,6.0,47.0,0.084,251113.0,0
V5043,Vendor_441_LLC,Textiles,29,3429,2498,43,1406,1088,18,4.36,2.0,39.0,0.2131,44810.0,Low Risk
V8237,Vendor_459_Corp,Packaging,6,2114,1406,1293,572,1367,8,4.32,6.0,72.0,0.1725,80152.0,Low
V6109,,IT Hardware,3,2058,1885,1441,1240,37,11,4.94,8.0,29.0,0.1591,484465.0,0
V1242,Vendor_781_Co,Food & Beverage,14,4487,494,2,64,90,9,3.17,4.0,9.0,0.2124,261928.0,YES
V3780,Vendor_655_Co,IT/IS,11,420,104,101,39,19,23,4.85,9.0,21.0,0.2472,118753.0,0
V9311,Vendor_168_Ltd,IT Hardware,13,991,130,124,0,129,9,2.21,10.0,17.0,0.0148,167844.0,1
V5127,Vendor_963_LLC,Chemicals,13,1568,1082,642,689,246,18,2.45,10.0,,0.2549,143554.0,YES
V9574,Vendor_493_Inc,IT Hardware,18,4040,959,286,779,375,19,4.93,10.0,23.0,,288083.0,Low
V7448,Vendor_246_Inc,Packaging,17,3993,1698,1173,316,60,2,4.02,10.0,64.0,0.0949,121504.0,YES
V1236,Vendor_292_Corp,Textiles,26,4304,1480,549,650,680,8,4.48,8.0,31.0,0.0623,312416.0,NO
V7621,Vendor_451_Co,IT Hardware,12,139,95,91,17,47,1,,10.0,9.0,0.0829,87020.0,NO
V8124,Vendor_812_Co,Machinery,21,1163,1049,305,325,203,12,4.82,8.0,45.0,0.205,250582.0,
V8475,Vendor_228_Inc,Automotive,14,1962,691,215,264,579,17,3.86,9.0,25.0,0.0498,471719.0,Low
V9069,Vendor_652_Ltd,Packaging,22,4582,1283,613,56,974,7,3.66,7.0,31.0,0.2582,-10000.0,Low
V6567,Vendor_564_Co,Textiles,29,1256,676,74,186,663,1,3.2,5.0,1.0,0.1871,205444.0,0
V1998,Vendor_413_Inc,Food & Beverage,19,3496,2401,2161,2107,634,23,2.4,8.0,14.0,0.0823,236622.0,YES
V8670,Vendor_871_Ltd,Office Supplies,4,2199,104,29,78,89,4,3.58,9.0,3.0,0.131,20392.0,High
V9297,Vendor_599_Ltd,Chemicals,16,1414,1078,893,906,339,26,3.62,10.0,11.0,0.0156,10443.0,low
V8173,Vendor_138_Co,Electronics,22,3348,529,513,286,423,6,3.72,10.0,56.0,0.1491,221011.0,0
V1721,Vendor_606_Co,Machinery,6,4769,3469,460,1452,1749,16,2.85,9.0,72.0,0.0672,379989.0,high
V2004,Vendor_188_Co,Packaging,6,338,301,71,23,122,26,4.98,9.0,44.0,0.3,384186.0,NO
V5185,Vendor_853_Corp,Office Supplies,19,670,260,233,162,182,30,4.4,9.0,22.0,0.0878,398639.0,Low Risk
V8775,Vendor_320_Corp,Office Supplies,14,3728,1662,74,1159,1071,16,4.68,4.0,11.0,0.2394,404959.0,0
V5676,Vendor_903_Ltd,Electronics,1,3124,624,279,191,300,5,4.92,6.0,15.0,,21859.0,high
V8909,Vendor_207_Inc,Textiles,30,4831,4099,1234,2825,201,3,2.35,3.0,45.0,0.0936,239725.0,Low 
V6741,Vendor_345_Inc,Textiles,3,4525,992,261,680,427,27,3.87,3.0,33.0,0.2532,2316.0,1
V1018,Vendor_275_LLC,,3,1941,536,298,70,117,8,3.69,2.0,53.0,0.0075,463166.0,Low Risk
V4826,Vendor_882_Corp,Machinery,16,3865,1351,780,792,234,17,4.56,4.0,24.0,0.2594,28300.0,0
V5371,Vendor_961_Inc,Electronics,20,2030,860,370,760,39,1,3.02,1.0,56.0,,459080.0,0
V4524,Vendor_325_Corp,Raw Materials,6,399,114,65,30,82,19,4.91,10.0,60.0,0.1937,438246.0,High
V1900,Vendor_581_LLC,Machinery,4,3558,1987,458,862,684,-1,2.76,1.0,61.0,0.0771,497931.0,
V7915,Vendor_607_Ltd,Textiles,30,2926,1714,574,775,1351,15,4.41,10.0,12.0,0.0659,369374.0,High Risk
V7949,Vendor_858_Inc,Raw Materials,20,4315,389,139,216,143,13,2.24,8.0,21.0,0.1145,20434.0,low
V7986,Vendor_595_LLC,Electronics,27,2012,250,140,152,234,4,2.55,6.0,3.0,0.2693,498329.0,1
V4287,Vendor_454_LLC,Packaging,12,2356,360,146,105,75,21,3.33,6.0,14.0,0.2682,390039.0,0
V1058,Vendor_809_Corp,Electronics,6,4214,2797,919,297,1158,8,4.41,7.0,62.0,0.0639,16092.0,Low
V3130,Vendor_438_Corp,Machinery,18,3661,509,153,490,17,11,4.61,8.0,55.0,0.2234,397136.0,high
V9656,Vendor_774_LLC,Packaging,2,4976,831,545,81,296,27,4.31,7.0,46.0,0.0463,278791.0,low
V6662,Vendor_970_Co,Machinery,28,377,128,0,67,90,4,,3.0,18.0,0.1359,495802.0,1
V7789,Vendor_216_LLC,Raw Materials,14,3701,1090,941,1004,21,17,4.5,TBD,32.0,0.0477,229215.0,high
V4738,Vendor_233_LLC,Chemicals,17,3542,1745,1209,45,844,21,4.84,2.0,44.0,0.0958,454013.0,0
V8796,Vendor_978_Co,Office Supplies,17,4257,1398,1255,599,85,13,2.56,6.0,67.0,0.1322,95214.0,Low Risk
V6540,Vendor_342_Co,Food & Beverage,5,1265,260,203,170,41,17,2.18,2.0,46.0,0.1713,406090.0,1
V7652,Vendor_334_Ltd,Textiles,17,646,310,134,285,273,2,,6.0,48.0,0.0804,286543.0,Low
V7351,Vendor_223_Corp,Food & Beverage,26,3126,2589,832,2153,616,30,3.98,3.0,18.0,0.0195,290885.0,YES
V3992,Vendor_812_Ltd,Food & Beverage,3,2239,631,90,484,566,27,2.17,6.0,4.0,0.2518,42627.0,NO
V5264,Vendor_409_Corp,Raw Materials,28,3379,1863,1383,355,892,20,,9.0,23.0,0.2116,268457.0,Low Risk
V3867,Vendor_142_Co,Automotive,30,2904,1096,170,1037,429,19,3.78,7.0,42.0,0.1774,166571.0,0
V5003,Vendor_724_Co,Machinery,10,1083,581,397,307,219,20,4.41,3.0,43.0,0.2412,282780.0,High Risk
V1313,Vendor_121_Co,Machinery,15,1792,318,45,295,276,8,3.52,1.0,31.0,0.0734,293732.0,
V9105,Vendor_566_Ltd,Automotive,10,4233,3965,852,3370,1210,5,3.14,N/A,60.0,0.1805,457687.0,
V5976,Vendor_246_Co,Raw Materials,17,793,626,412,232,95,11,2.22,9.0,50.0,0.0465,481736.0,0
V4060,Vendor_780_LLC,Machinery ,22,1001,24,5,2,18,18,3.12,5.0,62.0,0.02,415186.0,YES
V7158,Vendor_821_LLC,Office Supplies,2,4246,4210,1017,59,3841,3,3.79,1.0,28.0,0.0069,-1000.0,
V2134,Vendor_764_LLC,Electronics,2,271,263,55,188,34,3,10.0,6.0,71.0,0.1887,383726.0,Low Risk
V8430,Vendor_212_Inc,Office Supplies,3,2491,341,152,17,241,23,4.97,6.0,40.0,0.0735,390670.0,
V6964,Vendor_215_LLC,Electronics,28,3927,3276,1727,2657,3264,6,2.31,10.0,62.0,0.2407,356673.0,low
V2598,Vendor_916_Co,Packaging,3,2305,1173,156,224,1066,7,TBD,8.0,25.0,0.1534,10589.0,YES
V7095,Vendor_788_Ltd,Electronics,10,1912,1039,699,34,342,9,4.7,6.0,,0.0761,293555.0,Yes
V3296,Vendor_325_Ltd,Packaging,14,252,183,94,119,4,5,2.17,,4.0,0.0747,269507.0,Low 
V6750,Vendor_919_LLC,Electronics,12,1184,920,104,427,466,19,2.73,6.0,34.0,0.0235,442764.0,low
V9002,Vendor_252_Inc,Textiles,4,1909,909,665,479,266,9,4.63,2.0,50.0,0.2601,486345.0,low
V7028,Vendor_152_Co,IT Hardware,4,3780,1421,1273,668,583,29,3.32,8.0,56.0,0.2291,19956.0,YES
V6258,Vendor_862_Inc,IT Hardware,30,209,43,0,30,38,4,2.78,,67.0,0.1371,93923.0,
V5703,Vendor_167_Corp,Raw Materials,12,1674,978,540,72,99,4,3.54,5.0,7.0,0.1139,491863.0,1
V5630,Vendor_864_Ltd,Office Supplies,8,604,216,48,29,112,26,3.59,7.0,27.0,0.1228,448993.0,
V1847,Vendor_797_LLC,Office Supplies,28,1406,528,107,99,60,12,3.76,2.0,54.0,0.0674,446214.0,NO
V6359,Vendor_800_Co,Automotive,28,666,238,117,167,21,25,2.09,4.0,19.0,TBD,64984.0,High
V5399,Vendor_666_Co,Machinery,3,302,234,165,34,145,17,2.19,1.0,63.0,0.2014,462158.0,
V3907,Vendor_463_Inc,Food & Beverage,21,2775,2728,2597,361,1599,365,4.9,3.0,27.0,0.0394,324979.0,Low Risk
V3565,Vendor_455_Corp,Packaging,16,3919,549,26,373,424,30,3.1,3.0,15.0,0.0783,252086.0,High
V3178,Vendor_252_Corp,Packaging,2,2600,2189,1037,1462,2043,4,4.06,7.0,3.0,0.0067,,high
V8100,Vendor_985_Corp,Food & Beverage,1,4162,4162,3494,557,3316,20,4.38,2.0,42.0,0.2952,261007.0,0
V5788,Vendor_481_Inc,Food & Beverage,1,4125,1939,851,697,1179,3,4.85,8.0,22.0,0.1415,436771.0,Low
V1486,Vendor_744_Corp,IT Hardware,18,3339,1074,712,779,298,7,3.9,8.0,25.0,0.13,193981.0,0
V4768,Vendor_759_Ltd,Food & Beverage,24,753,344,226,327,152,22,2.34,3.0,67.0,0.221,337649.0,0
V1835,Vendor_582_Corp,Machinery,1,389,223,152,92,123,24,3.51,3.0,66.0,0.1436,168839.0,0
V5462,Vendor_742_LLC,Chemicals,10,2906,1096,349,736,102,5,3.27,3.0,3.0,0.0818,48566.0,NO
V8468,Vendor_204_Ltd,Food & Beverage,3,4532,3470,1802,173,2813,21,2.8,10.0,46.0,0.1381,74894.0,Low
V4935,Vendor_131_Corp,Packaging,6,4619,2675,1731,1503,2529,24,,4.0,31.0,0.1572,337728.0,High
V9850,Vendor_482_LLC,Office Supplies,27,1682,573,148,164,507,28,2.37,1.0,9.0,0.2136,,Low Risk
V9916,Vendor_140_Corp,Machinery,24,1111,262,68,112,137,15,4.92,9.0,29.0,0.2673,256969.0,Low
V9486,Vendor_624_LLC,Machinery,28,1589,1241,60,1097,47,12,2.34,4.0,4.0,0.0983,116218.0,1
V5673,Vendor_775_Inc,Machinery,26,1994,321,167,237,24,25,2.09,4.0,18.0,0.0924,198241.0,YES
V5140,Vendor_327_Corp,Packaging,8,3170,2158,355,303,936,27,2.55,4.0,13.0,0.0778,122810.0,Low Risk
V5886,Vendor_269_Ltd,Packaging,22,2543,1222,153,1140,591,9,3.74,6.0,29.0,0.132,22065.0,Low
V7297,Vendor_264_Inc,Office Supplies,21,1922,284,179,95,230,28,2.13,3.0,12.0,0.0661,52761.0,high
V4782,Vendor_788_Ltd,IT Hardware,19,1110,930,404,190,207,-1,2.15,10.0,,0.1824,281145.0,
V5582,Vendor_342_Corp,Chemicals,29,127,91,88,17,66,10,2.73,5.0,20.0,0.0826,140053.0,
V2264,Vendor_252_Ltd,Textiles,28,3005,16,12,1,1,10,4.57,1.0,56.0,0.0226,318125.0,
V5710,Vendor_313_Co,Electronics,21,383,129,102,12,118,13,4.48,9.0,33.0,0.144,260486.0,1
V9957,Vendor_496_Ltd,Food & Beverage,9,3520,3376,2242,240,301,2,4.33,4.0,62.0,0.1503,365059.0,YES
V4879,Vendor_736_LLC,Machinery,24,1540,528,169,449,484,18,4.6,3.0,6.0,0.041,360667.0,0
V6051,Vendor_163_Ltd,Raw Materials,28,422,293,135,34,194,12,3.45,4.0,55.0,0.0713,217481.0,1
V5537,Vendor_858_Corp,IT Hardware,1,1566,486,295,277,299,999,3.04,5.0,31.0,0.2183,51773.0,Low
V3924,Vendor_192_Inc,Office Supplies,19,3174,327,325,268,113,30,2.14,8.0,38.0,High,388105.0,high
V7630,Vendor_390_Ltd,Food & Beverage,1,2952,2097,911,958,878,27,2.75,4.0,2.0,0.1815,327468.0,1
V7866,Vendor_717_Ltd,IT Hardware,21,2289,764,589,754,0,2,4.07,6.0,20.0,0.1559,420956.0,High Risk
V7765,Vendor_156_Ltd,Food & Beverage,11,2477,1051,703,411,961,11,4.37,3.0,23.0,0.2591,93936.0,1
V3281,Vendor_935_Corp,Automotive,23,1317,666,606,515,162,20,3.61,1.0,15.0,0.1296,82752.0,YES
V5933,Vendor_121_Ltd,Machinery,12,3233,332,108,72,297,16,2.55,8.0,52.0,0.2545,315267.0,High Risk
V2094,Vendor_679_Corp,Office Supplies,13,1698,903,901,212,371,14,2.11,4.0,70.0,0.2267,344873.0,high
V1279,Vendor_515_LLC,Automotive,1,1854,1744,995,1235,290,16,4.43,10.0,53.0,0.1873,261808.0,0
V4439,Vendor_561_LLC,IT Hardware,7,2188,117,82,22,89,30,2.16,5.0,48.0,0.214,364463.0,low
V4379,Vendor_345_Corp,Raw Materials,7,2667,692,294,263,186,6,3.36,8.0,27.0,0.0832,64262.0,low
V2097,Vendor_764_Inc,Food & Beverage,28,4217,3323,1119,736,1995,2,6.0,4.0,38.0,0.066,206897.0,high
V1460,Vendor_440_Co,Machinery,12,3400,268,243,21,164,7,2.77,9.0,9.0,0.1764,222240.0,Low
V9911,Vendor_194_Ltd,Textiles,30,2987,1449,101,707,194,28,2.28,3.0,50.0,0.2374,73640.0,High
V4025,Vendor_991_Inc,Packaging,21,1087,727,100,516,351,15,4.06,9.0,68.0,0.1984,42558.0,Low
V4723,Vendor_210_Corp,Raw Materials,22,1759,22,11,13,3,21,,8.0,18.0,0.2826,,high
V1205,Vendor_481_LLC,Packaging,21,3277,2910,834,709,2302,15,2.45,3.0,26.0,0.1521,61667.0,
V4426,Vendor_303_Inc,Electronics,18,2007,1722,278,1310,615,30,,6.0,12.0,0.2609,67624.0,low
V5676,Vendor_761_Corp,Raw Materials,21,3921,2664,816,1176,1315,19,,1.0,23.0,0.1254,440146.0,0
V3630,Vendor_514_Co,Textiles,2,3220,327,249,284,264,6,3.17,8.0,51.0,0.0672,384492.0,NO
V2007,Vendor_390_Ltd,Textiles,22,4395,301,45,138,31,29,2.8,3.0,22.0,0.0091,,Low
V8493,Vendor_125_LLC,IT Hardware,28,3541,1533,429,908,794,24,4.76,,39.0,0.1862,313198.0,1
V5346,Vendor_150_Inc,IT Hardware,13,3661,1723,1320,1039,53,10,3.45,4.0,26.0,0.1273,140794.0,0
V8593,Vendor_187_LLC,Raw Materials,20,2784,1702,1535,15,645,17,3.68,2.0,Slow,0.142,291238.0,High Risk
V8222,Vendor_607_Ltd,Textiles,4,124,74,41,36,31,17,2.58,9.0,48.0,0.1506,32339.0,1
V4278,Vendor_524_Ltd,Chemicals,20,4144,2456,1773,2211,1283,17,3.36,9.0,24.0,0.2643,330171.0,NO
V2688,Vendor_703_Corp,Chemicals,7,1237,189,3,135,46,26,4.04,1.0,23.0,0.0076,279749.0,Low Risk
V6523,Vendor_824_Co,Chemicals,7,3151,2763,327,615,28,17,4.44,8.0,56.0,0.0146,148699.0,0
V9965,Vendor_374_Ltd,IT Hardware,24,3070,2606,1727,2048,100,1,2.0,,72.0,0.0334,410152.0,1
V1379,Vendor_243_Corp,Textiles,14,1640,1387,530,522,1236,13,4.42,1.0,68.0,0.0181,269572.0,Low
V2435,Vendor_925_Corp,Raw Materials,21,3593,2597,1160,2541,406,1,3.85,,14.0,0.1489,395121.0,1 
V5813,Vendor_899_Inc,IT Hardware,13,2709,1993,1544,426,980,13,3.13,1.0,57.0,0.0405,,high
V6808,Vendor_439_Inc,Machinery,21,3546,2539,41,223,1370,16,3.89,5.0,65.0,0.1997,491323.0,
V4273,Vendor_430_LLC,Chemicals,3,1445,967,959,729,943,29,2.09,10.0,60.0,0.1378,359440.0,Low Risk
V2058,Vendor_765_Corp,Packaging,20,3667,382,167,132,52,5,3.15,8.0,21.0,0.1796,41967.0,YES
V1975,Vendor_988_LLC,IT/IS,11,3201,913,644,89,523,23,3.09,5.0,61.0,0.0036,471630.0,0
V9997,Vendor_207_Ltd,Raw Materials,27,4811,1076,759,411,755,19,4.3,1.0,25.0,0.1257,293405.0,High
V5678,Vendor_850_Co,Automotive,29,754,174,110,138,103,14,2.77,9.0,55.0,,477211.0,High Risk
V3877,Vendor_893_Corp,Electronics,14,2031,146,87,50,27,18,2.93,7.0,44.0,0.1504,356820.0,low
V7777,Vendor_,Raw Materials,8,999,283,239,226,254,13,4.18,7.0,46.0,0.1321,440953.0,Low
V1821,Vendor_681_Inc,Food & Beverage,30,4840,643,204,255,499,29,4.54,7.0,18.0,0.033,204184.0,1
V8288,Vendor_578_Inc,Raw Materials,12,3092,2861,1002,1165,2015,28,2.9,7.0,26.0,0.1877,115242.0,High
V9680,Vendor_539_LLC,Food & Beverage,26,3544,2138,1723,1517,177,25,3.14,10.0,13.0,0.1276,134440.0,low
V1639,Vendor_843_Co,Chemicals,15,2444,130,0,69,23,20,Unknown,4.0,48.0,0.267,54361.0,NO
V4322,Vendor_954_LLC,IT Hardware,12,1992,1787,543,423,469,5,4.34,2.0,11.0,0.2027,348825.0,low
V7330,Vendor_833_Inc,Packaging,1,3249,1645,1444,1012,625,12,3.35,2.0,35.0,0.0697,68071.0,Low
V1728,Vendor_218_Ltd,Food & Beverage,25,406,391,384,242,349,30,4.72,5.0,,0.0059,116893.0,High
V2165,Vendor_851_LLC,IT Hardware,11,229,131,5,106,55,20,3.95,4.0,42.0,0.2799,284050.0,NO
V4714,Vendor_952_Corp,Chemicals,26,4893,1521,504,138,1066,6,4.56,7.0,5.0,0.0575,51925.0,NO
V4072,Vendor_791_LLC,Automotive,4,409,290,19,37,122,25,4.14,9.0,6.0,0.098,469043.0,NO
V6824,Vendor_661_Inc,Automotive,6,3570,1970,483,112,1529,3,3.86,5.0,44.0,0.1808,322266.0,high
V4521,Vendor_128_Ltd,Textiles,12,4702,864,286,563,56,28,4.41,,26.0,0.0059,15200.0,NO
V3704,Vendor_666_Co,Automotive,6,4820,1517,819,1420,632,29,2.27,5.0,37.0,0.1858,99999999.0,Low Risk
V1220,Vendor_982_Corp,Chemicals,15,1076,842,440,32,646,1,4.57,10.0,11.0,0.021,386672.0,1
V7631,Vendor_969_Corp,Raw Materials,6,1196,343,327,172,215,11,2.68,6.0,38.0,0.2131,,YES
V4480,Vendor_677_Co,Food & Beverage,18,2632,290,103,158,8,7,3.6,5.0,38.0,,343085.0,1
V4339,Vendor_811_Inc,Machinery,6,1970,1031,743,343,773,12,3.3,6.0,70.0,0.2337,297635.0,Low Risk
V9283,Vendor_969_Ltd,Food & Beverage,28,1227,1143,111,23,321,6,2.22,8.0,42.0,0.0723,146834.0,0
V5401,Vendor_759_Corp,IT Hardware,12,956,530,335,407,458,6,,6.0,46.0,0.0098,184553.0,low
V4392,Vendor_876_Inc,Office Supplies,2,4552,3683,2741,3360,809,4,3.56,Good,59.0,0.1184,48121.0,1
V8750,Vendor_942_Corp,Office Supplies,15,855,484,76,260,154,4,3.83,10.0,20.0,0.1467,414565.0,High
V3822,Vendor_854_Corp,Automotive,5,3545,1964,1802,1889,805,6,2.94,10.0,24.0,,260016.0,high
V5353,Vendor_648_Inc,Packaging,2,2963,2205,271,535,2079,29,2.98,4.0,48.0,0.2566,371341.0,1
V7049,Vendor_527_Inc,Machinery,2,4250,193,138,5,123,1,2.15,3.0,63.0,0.2996,8088.0,High 
V2098,Vendor_,Machinery,16,579,470,161,76,133,13,4.66,3.0,66.0,0.069,322533.0,1
V3854,Vendor_625_LLC,IT Hardware,28,3536,1013,42,34,569,11,3.68,4.0,2.0,0.2224,167563.0,0
V6949,Vendor_524_Ltd,Raw Materials,6,2197,1848,396,868,613,27,2.24,3.0,39.0,0.1825,383080.0,low
V7261,Vendor_898_LLC,Office Supplies,13,4878,2486,1152,1849,1043,26,3.86,TBD,5.0,,128077.0,High Risk
V2169,Vendor_849_Inc,IT Hardware,6,515,449,86,357,98,1,2.85,10.0,27.0,0.0049,218185.0,High
V7657,Vendor_629_Inc,Textiles,30,3095,2677,1550,1496,2407,8,3.55,6.0,45.0,0.1461,253764.0,Low Risk
V5499,Vendor_991_Ltd,Automotive,25,4605,1475,948,1082,1296,22,4.37,2.0,70.0,,323796.0,1
V4415,Vendor_584_Ltd,Chemicals,30,3785,3011,384,2134,2727,11,2.48,1.0,71.0,0.1563,133808.0,low risk
V2807,Vendor_728_Co,Packaging,5,4699,1364,1097,422,1280,20,3.62,1.0,49.0,0.0271,370481.0,Low
V6159,Vendor_649_LLC,Textiles,17,1902,561,496,222,487,8,3.9,3.0,1.0,0.2462,66582.0,Low
V9441,Vendor_639_Inc,Chemicals,7,298,130,117,115,103,9,4.37,7.0,36.0,0.0975,82572.0,Low Risk
V8950,Vendor_347_LLC,Machinery,18,1498,939,638,10,559,21,2.25,7.0,62.0,0.2034,32263.0,low
V4489,Vendor_493_Co,Office Supplies,26,1337,1294,1189,118,621,16,2.98,9.0,33.0,0.1756,260389.0,YES
V9588,Vendor_551_Ltd,IT Hardware,19,4286,925,317,609,63,4,4.43,8.0,36.0,0.1663,494846.0,0
V3863,Vendor_939_Ltd,Textiles,15,3716,3036,577,2676,1354,12,4.67,4.0,11.0,0.2861,42856.0,0
V4799,Vendor_303_Inc,Automotive,8,3015,1131,1053,21,289,25,3.51,5.0,25.0,0.2047,326875.0,YES
V6772,Vendor_324_LLC,IT Hardware,9,411,310,254,146,117,22,4.27,3.0,13.0,0.271,339868.0,0
V4278,Vendor_956_Inc,Electronics,16,247,201,168,75,96,16,2.7,2.0,71.0,0.2469,178139.0,Low Risk
V3872,Vendor_521_Inc,IT Hardware,30,1236,942,870,171,139,17,4.64,9.0,28.0,0.002,474385.0,YES
V4885,Vendor_886_Corp,Automotive,29,3857,2622,1186,2204,1386,5,2.9,7.0,61.0,0.0181,240618.0,High Risk
V6260,Vendor_905_Ltd,Automotive,13,2030,1092,398,726,119,22,2.79,2.0,4.0,0.1445,409703.0,low
V4878,Vendor_450_Ltd,Office Supplies,7,3140,1157,895,423,417,2,,10.0,60.0,0.09,446647.0,0
V3727,Vendor_252_LLC,Electronics,1,4429,4095,2636,3629,2161,29,3.92,5.0,34.0,0.264,201218.0,High Risk
V6859,Vendor_207_Co,Packaging,6,1005,385,19,306,123,16,3.61,6.0,8.0,0.0837,315106.0,1
V1931,Vendor_323_LLC,IT Hardware,19,3983,3688,1542,965,2656,25,3.49,3.0,32.0,0.1242,20513.0,high
V9416,Vendor_815_LLC,Raw Materials,24,4876,2274,2157,395,658,18,2.06,4.0,56.0,0.1267,11976.0,NO
V6931,Vendor_238_Co,Machinery,27,3126,1032,59,666,505,6,2.4,8.0,52.0,0.1761,255646.0,1
V4085,Vendor_469_LLC,Automotive,10,396,365,354,185,195,28,3.43,7.0,23.0,0.0639,75048.0,0
V7527,TBD,Food & Beverage,1,3402,2973,2073,2866,138,30,4.41,1.0,27.0,0.1676,28451.0,1
V5538,Vendor_792_Inc,Packaging,2,4321,2537,2043,1089,1689,15,4.05,9.0,32.0,0.0308,6142.0,1
V1144,Vendor_421_LLC,Packaging,14,4893,3681,1757,1054,3180,15,2.17,8.0,65.0,0.1786,243941.0,low
V3320,Vendor_798_Ltd,Food & Beverage,12,105,3,2,0,3,2,2.28,5.0,56.0,0.1559,340940.0,1
V7969,Vendor_583_LLC,Office Supplies,11,3300,369,5,150,18,26,3.56,7.0,65.0,0.2884,273962.0,1
V1315,Vendor_215_Inc,Packaging,25,723,690,243,334,309,19,3.83,7.0,58.0,0.008,200429.0,Low Risk
V3291,Vendor_314_LLC,IT Hardware,16,1463,1206,1041,660,1189,12,4.24,1.0,18.0,0.177,438814.0,1
V4214,Vendor_118_Corp,Raw Materials,24,1918,1315,34,289,1207,29,2.45,1.0,9.0,0.1931,206219.0,YES
V3387,Vendor_529_LLC,Packaging,13,284,28,26,12,28,2,2.29,4.0,2.0,0.1701,372334.0,high
V6085,Vendor_276_Inc,IT Hardware,13,1120,767,518,576,228,6,4.31,8.0,38.0,0.0309,361720.0,1
V5504,Vendor_757_Ltd,Textiles,2,4128,106,77,34,4,23,4.11,5.0,8.0,0.2913,432659.0,0
V9151,Vendor_245_Inc,Automotive,26,2375,103,35,70,83,16,3.52,7.0,54.0,0.2289,165899.0,0
V6742,Vendor_236_Ltd,Electronics,4,452,206,178,89,25,21,2.46,8.0,36.0,0.0004,60954.0,0
V5100,Vendor_208_LLC,Electronics,1,3027,2438,2258,2016,1776,17,4.4,8.0,12.0,0.0159,77964.0,1
V5472,Vendor_585_LLC,Raw Materials,15,3229,2899,1688,2474,2037,4,4.25,3.0,38.0,0.2304,194070.0,high
V8037,Vendor_498_Corp,Machinery,7,249,188,157,50,115,9,,2.0,14.0,0.2399,282484.0,0
V3263,Vendor_267_Ltd,Textiles,10,3782,1518,39,529,155,25,2.72,6.0,1.0,0.1716,440511.0,Low
V5078,Vendor_600_Inc,Textiles,11,1509,572,323,353,225,30,4.25,10.0,61.0,0.2932,137408.0,High Risk
V7374,Vendor_923_LLC,Office Supplies,3,1384,1195,339,963,1148,3,4.48,9.0,43.0,0.021,430065.0,YES
V3047,Vendor_822_Inc,Electronics,9,3149,2552,2138,1608,458,26,N/A,1.0,34.0,0.0232,232357.0,Low
V7841,Vendor_581_Inc,Electronics,10,4377,682,668,523,440,10,3.26,5.0,27.0,0.2128,259826.0,low
V8586,Vendor_854_Ltd,Machinery,6,2195,1711,250,1001,1484,26,3.18,4.0,3.0,0.1713,137859.0,High
V4922,Vendor_918_Inc,Textiles,20,3317,1341,428,714,567,20,4.02,,2.0,,255802.0,1
V2730,Vendor_647_Ltd,IT Hardware,13,1046,633,535,72,524,20,2.42,5.0,33.0,0.269,30230.0,Low
V2901,Vendor_172_LLC,Food & Beverage,19,1450,323,14,248,263,19,2.98,4.0,42.0,0.069,58741.0,Low
V8203,Vendor_535_Ltd,Packaging,10,2658,318,26,70,261,17,4.28,4.0,72.0,0.118,406756.0,high
V3763,Vendor_758_Corp,Textiles,26,1440,1279,926,61,1103,18,2.1,7.0,28.0,0.1172,224916.0,0
V9043,Vendor_126_LLC,Chemicals,30,1787,350,319,247,179,29,2.09,8.0,16.0,0.2188,453058.0,High Risk
V7509,Vendor_469_LLC,Raw Materials,10,1263,1005,151,695,494,27,3.1,2.0,26.0,0.0829,261275.0,YES
V8293,Vendor_636_LLC,Packaging,23,209,135,127,2,54,30,4.52,8.0,14.0,0.038,386326.0,
V5899,Vendor_340_Corp,Machinery,17,4856,882,556,399,138,21,3.35,3.0,13.0,0.2351,249207.0,
V1638,Vendor_175_Co,Office Supplies,6,1736,1222,475,382,759,16,3.98,2.0,55.0,0.2687,248285.0,YES
V9861,Vendor_106_Inc,Automotive,22,3599,966,50,518,832,1,3.59,3.0,63.0,,68280.0,low
V8275,Vendor_904_Corp,Chemicals,15,658,177,147,152,91,5,4.98,7.0,34.0,0.2558,335807.0,
V4068,Vendor_184_Corp,Textiles,21,460,347,71,32,145,4,2.37,5.0,9.0,0.2943,392957.0,high
V4745,Vendor_222_Inc,Food & Beverage,2,1495,55,18,45,53,29,4.63,5.0,19.0,0.0436,231924.0,High Risk
V5857,Vendor_498_Corp,Electronics,29,3197,3030,836,2206,1546,24,3.37,2.0,22.0,0.1354,446502.0,Low Risk
V9090,Vendor_391_LLC,IT Hardware,30,2672,307,161,127,132,5,3.49,9.0,14.0,0.0512,241225.0,High Risk
V4757,Vendor_778_Ltd,Food & Beverage,14,4984,427,89,233,411,16,4.41,9.0,53.0,0.284,489621.0,YES
V7873,Vendor_699_Corp,Chemicals,4,1805,1073,743,371,1063,7,4.71,8.0,4.0,0.0912,399936.0,
V4180,Vendor_245_LLC,Automotive,15,4926,3523,1968,170,2177,18,4.85,6.0,Slow,0.1643,356952.0,High
V6558,Vendor_570_LLC,Chemicals,26,4212,514,178,155,360,25,3.98,,9.0,0.2748,,low
V8426,Vendor_662_LLC,Textiles,9,837,582,237,572,51,20,3.26,2.0,23.0,0.1685,,High Risk
V8789,Vendor_812_Corp,Automotive,13,4919,1944,513,1354,270,13,4.86,10.0,20.0,0.1086,67135.0,Low Risk
V6060,Vendor_163_Co,IT Hardware,11,1608,369,126,257,278,12,3.02,7.0,21.0,0.1457,293114.0,1
V2651,Vendor_655_Inc,Chemicals,2,4060,2186,69,1463,614,19,2.07,3.0,44.0,0.2414,488026.0,High Risk
V2856,Vendor_492_LLC,Chemicals,7,4947,3357,1826,2576,148,16,4.07,7.0,6.0,0.2725,420894.0,Low
V6394,Vendor_946_Inc,IT Hardware,16,1822,1445,222,379,1281,2,3.49,2.0,38.0,0.1696,418947.0,low
V1250,Vendor_208_Co,Textiles,30,2790,180,159,5,48,21,2.42,3.0,68.0,0.0885,281805.0,Low
V6511,Vendor_237_Inc,Packaging,28,3156,929,548,333,752,6,4.8,2.0,N/A,0.03,337834.0,1
V9483,Vendor_158_Ltd,Raw Materials,18,2212,538,395,124,214,22,,7.0,6.0,0.2747,227766.0,Low Risk
V4305,Vendor_838_Ltd,Raw Materials,25,118,28,3,0,10,17,2.1,10.0,68.0,,459515.0,Low
V7901,Vendor_235_Inc,Raw Materials,2,233,28,12,22,5,10,4.53,10.0,35.0,0.1134,63661.0,low
V9946,Vendor_146_LLC,Automotive,23,1296,578,178,272,170,13,2.29,8.0,,0.2692,,1
V8382,Vendor_901_Inc,Packaging,8,3639,1392,1100,59,1169,7,4.34,10.0,4.0,0.1275,128148.0,
V7291,Vendor_102_Corp,Chemicals,14,1869,1213,565,528,29,24,2.34,3.0,2.0,0.103,291041.0,High
V9561,Vendor_148_LLC,Office Supplies,25,4914,1250,1029,184,543,20,3.54,6.0,66.0,0.1393,239340.0,High
V6924,Vendor_546_Inc,Textiles,6,2176,1251,1140,308,431,11,2.92,4.0,36.0,0.2282,,NO
V4582,Vendor_179_Corp,Office Supplies,20,4518,3567,778,763,1877,18,2.48,10.0,71.0,0.1558,267936.0,0
V5241,Vendor_718_Co,Packaging,30,1709,1203,468,331,828,19,2.01,4.0,51.0,0.1383,481678.0,YES
V5997,Vendor_375_Inc,Textiles,28,1461,634,235,517,126,27,4.96,2.0,35.0,0.1778,238183.0,Low
V8284,Vendor_386_Ltd,Textiles,25,849,443,172,123,398,15,3.67,7.0,27.0,0.2052,54125.0,high
V2973,Vendor_355_Co,Electronics,6,2274,2099,463,1282,553,6,3.01,2.0,63.0,0.1071,26638.0,Low Risk
V5701,Vendor_878_Ltd,Automotive,24,1307,882,27,487,247,10,2.72,7.0,60.0,0.2865,462717.0,High Risk
V9755,Vendor_645_Ltd,Raw Materials,21,1149,721,405,359,95,4,4.52,5.0,68.0,0.1286,30403.0,YES
V8950,Vendor_165_Corp,Food & Beverage,2,619,102,96,23,61,19,4.35,8.0,14.0,0.0861,456506.0,0
V5500,Vendor_456_Inc,Food & Beverage,7,449,149,120,106,49,30,3.63,5.0,N/A,0.2676,61987.0,low
V3297,Vendor_310_Inc,Food & Beverage,25,2965,1293,70,164,558,20,3.69,2.0,69.0,0.0808,175727.0,YES
V1921,Vendor_323_Co,Packaging,21,516,361,200,100,209,11,2.48,9.0,24.0,0.0569,494119.0,1
V2023,Vendor_652_Corp,Packaging,11,1153,1052,308,905,495,12,2.09,,55.0,0.0288,376963.0,1
V5530,Vendor_887_Inc,Office Supplies,24,2105,659,192,102,268,4,2.51,9.0,56.0,0.0136,73848.0,YES
V5033,Vendor_786_Ltd,Machinery,14,3854,523,272,442,335,7,3.26,5.0,1.0,0.1377,169333.0,0
V4049,Vendor_856_Corp,Office Supplies,9,2255,530,193,512,57,11,4.41,9.0,20.0,0.0788,409767.0,low
V8644,Vendor_561_Co,Office Supplies,29,4942,2074,563,1363,1469,2,3.03,3.0,44.0,0.1621,437214.0,NO
V2895,Vendor_593_Co,Machinery,8,2478,2247,1912,688,1827,7,6.0,2.0,14.0,0.1305,376267.0,
V7067,Vendor_774_LLC,Automotive,23,993,146,113,16,0,18,2.61,10.0,70.0,0.1338,353469.0,low
V4858,Vendor_817_Corp,Automotive,21,4693,3761,610,538,3210,15,4.93,9.0,53.0,0.2826,127264.0,1
V3038,Vendor_361_Corp,Chemicals,17,2892,114,59,100,51,14,3.52,2.0,56.0,0.1788,253294.0,
V7812,Vendor_152_LLC,Office Supplies,29,3820,1521,419,948,267,21,4.77,5.0,48.0,0.0159,244840.0,high
V9391,Vendor_270_Inc,IT Hardware,23,2216,1641,1214,58,335,17,,10.0,18.0,0.039,175665.0,
V2781,Vendor_881_LLC,Machinery,10,2815,2612,2206,748,792,17,2.92,9.0,61.0,0.0309,158318.0,Low Risk
V3740,Vendor_184_Co,Electronics,26,4038,1702,1454,909,1000,25,2.66,1.0,36.0,0.0675,152346.0,0
V2821,Vendor_894_Inc,Machinery,10,165,65,27,19,54,4,2.14,7.0,59.0,0.0188,439665.0,low
V5181,Vendor_963_Corp,Packaging,26,1010,857,591,243,548,27,2.74,2.0,9.0,0.212,271605.0,Low Risk
V8845,Vendor_772_LLC,Chemicals,1,245,122,88,17,15,23,Poor,5.0,17.0,0.1951,339867.0,0
V5002,Vendor_621_Ltd,Packaging,28,1455,331,168,6,176,7,2.28,4.0,41.0,0.1678,273081.0,NO
V3238,Vendor_645_Inc,Raw Materials,21,1554,1267,878,848,738,9,2.32,1.0,66.0,0.2272,483525.0,0
V6824,Vendor_290_Corp,Chem,24,478,117,80,64,77,17,4.76,3.0,54.0,0.2206,123601.0,
V2237,Vendor_370_LLC,Packaging,28,734,129,32,50,42,6,4.42,2.0,14.0,0.1757,415039.0,YES
V9264,Vendor_754_Co,Food & Beverage,1,1961,1819,1570,1107,1041,11,2.4,7.0,65.0,0.0597,329478.0,1
V4034,Vendor_112_Co,Office Supplies,8,875,617,467,107,197,25,4.32,3.0,53.0,0.1466,249313.0,
V2396,Vendor_818_Co,Packaging,23,3488,590,159,418,12,23,4.67,9.0,47.0,0.0324,494142.0,high
V7423,Vendor_854_LLC,Office Supplies,12,2804,291,132,46,120,29,2.95,7.0,14.0,0.0706,386102.0,1
V8962,Vendor_331_Co,Electronics,24,4314,2845,317,576,1649,17,4.54,,33.0,0.1999,341861.0,High Risk
V5473,Vendor_485_LLC,Machinery,28,3518,211,63,160,76,7,4.33,10.0,20.0,0.0733,327981.0,Low
V3708,Vendor_279_Inc,IT Hardware,22,4043,3285,1078,3163,1041,28,3.36,1.0,28.0,0.1475,271066.0,
V7054,Vendor_964_Inc,Chemicals,10,3169,2213,67,1581,1211,24,4.5,3.0,13.0,0.1103,350012.0,NO
V1083,Vendor_540_Inc,Electronics,2,4868,1011,54,500,313,9,2.41,5.0,65.0,0.1996,404117.0,High Risk
V5652,Vendor_240_Ltd,Automotive,28,1387,1212,401,805,1099,12,4.51,8.0,59.0,0.0574,253385.0,Low Risk
V7232,Vendor_398_Ltd,Food & Beverage,9,3712,2587,2381,1768,843,21,3.28,7.0,56.0,N/A,130834.0,1
V7068,Vendor_221_Inc,Machinery,16,1271,848,484,31,341,29,Unknown,7.0,28.0,0.1216,446356.0,1
V8018,Vendor_860_Inc,Packaging,22,1846,411,287,98,389,10,4.1,9.0,20.0,0.1331,332391.0,Low Risk
V3303,Vendor_499_Corp,Textiles,23,3505,3382,2615,403,572,4,2.86,3.0,33.0,,228073.0,High
V9425,Vendor_137_LLC,IT Hardware,19,4451,841,367,790,645,17,2.09,N/A,17.0,0.1797,159326.0,Low
V6930,Vendor_383_Inc,Raw Materials,28,4644,891,830,531,307,22,4.42,9.0,29.0,0.2945,480451.0,
V4407,Vendor_874_Corp,Raw Materials,1,1823,1512,117,1459,476,5,3.15,5.0,26.0,0.2866,58335.0,low
V6049,Vendor_897_Inc,Electronics,29,1284,905,169,304,649,8,3.51,4.0,39.0,0.1444,343752.0,High
V7280,Vendor_985_Corp,Automotive,30,622,514,367,48,328,7,Unknown,10.0,13.0,TBD,215116.0,0
V4673,Vendor_241_Co,IT Hardware,17,3371,773,651,29,633,3,3.8,7.0,3.0,0.0975,132040.0,0
V7013,Vendor_284_Corp,Electronics,21,3168,880,98,513,782,5,,2.0,47.0,0.0456,39375.0,1
V9028,,Packaging,11,455,404,158,295,385,25,2.14,5.0,36.0,0.0658,52579.0,1
V1757,Vendor_836_Corp,IT Hardware,4,1750,1516,412,648,989,14,2.96,10.0,18.0,0.1797,462045.0,YES
V3509,Vendor_510_Co,Packaging,1,22,17,3,10,8,1,4.5,10.0,56.0,0.1542,453660.0,high
V6915,Vendor_667_Ltd,Raw Materials,14,4603,2048,1365,1611,1151,27,4.59,5.0,65.0,0.0823,115994.0,
V1024,Vendor_878_Inc,Office Supplies,15,4570,3241,84,2690,2732,9,3.86,9.0,53.0,0.0272,335144.0,1
V1509,Vendor_585_Corp,IT Hardware,1,1782,722,429,478,150,4,2.81,8.0,29.0,0.2199,389829.0,0
V4554,Vendor_908_Inc,Textiles,9,1261,352,292,187,325,14,2.18,6.0,56.0,0.2536,154220.0,1
V3213,Vendor_116_LLC,Food & Beverage,16,1842,375,199,194,111,8,2.86,6.0,69.0,0.0799,,0
V5490,Vendor_918_Ltd,Textiles,4,3435,1266,543,738,1154,25,2.48,9.0,32.0,0.2782,314034.0,1
V5153,Vendor_367_LLC,Machinery,15,1586,289,209,46,95,10,4.53,6.0,54.0,0.1519,420817.0,Low Risk
V3501,Vendor_442_LLC,Textiles,4,1367,1194,1162,50,384,10,2.84,9.0,2.0,0.1033,99999999.0,Low
V2113,Vendor_940_Co,Chemicals,19,2161,966,556,786,964,1,2.95,2.0,41.0,0.2353,23175.0,High
V3103,Vendor_624_Co,Food & Beverage,12,4912,813,724,415,689,2,3.99,7.0,46.0,0.2034,21991.0,
V4311,Vendor_188_Co,Food & Beverage,7,4680,2142,444,489,1617,5,3.55,1.0,61.0,0.1436,59409.0,1
V2954,Vendor_301_Corp,Office Supplies,26,2382,946,942,155,25,27,4.38,3.0,26.0,0.171,336014.0,1
V4171,Vendor_768_LLC,Textiles,2,969,190,49,82,76,13,2.46,4.0,64.0,0.2932,30417.0,
V4953,Vendor_990_Ltd,Textiles,14,854,90,77,76,46,2,3.91,5.0,36.0,0.2714,99999999.0,High Risk
V6255,Vendor_943_Inc,Electronics,19,3371,3036,899,14,1139,26,4.61,,69.0,0.1957,200143.0,NO
V3081,Vendor_223_Co,Machinery,28,4512,1266,246,370,1103,999,3.51,9.0,22.0,0.1442,415258.0,High
V7792,Vendor_655_Ltd,Chemicals,30,4570,1534,781,214,1523,17,3.74,8.0,47.0,0.1973,232413.0,NO
V4717,Vendor_100_LLC,Chemicals,14,216,130,119,8,61,16,4.77,7.0,54.0,0.1661,291955.0,low
V3612,Vendor_641_Ltd,Automotive,28,4925,129,64,61,21,14,3.28,8.0,45.0,0.115,210390.0,Low Risk
V4815,Vendor_794_Corp,Machinery,23,4030,1931,1335,101,499,22,4.72,7.0,34.0,0.1746,423222.0,1
V9793,Vendor_880_Corp,IT Hardware,26,4446,3353,1381,2311,482,28,3.59,6.0,24.0,0.159,108561.0,
V6049,Vendor_367_Ltd,Automotive,7,635,331,143,20,79,1,4.65,8.0,43.0,0.0044,210652.0,1
V8839,Vendor_198_Ltd,IT Hardware,14,3924,1865,820,441,517,24,4.12,1.0,28.0,0.0174,92480.0,high
V6783,Vendor_520_Corp,Raw Materials,7,3265,1852,1762,1175,1592,20,2.57,6.0,31.0,0.0131,306193.0,1
V3167,Vendor_910_Co,Electronics,30,1391,823,595,1,461,16,3.81,5.0,38.0,0.2377,226272.0,Low Risk
V6944,Vendor_957_Inc,Chemicals,3,3545,732,147,536,280,10,4.25,9.0,43.0,0.1361,480088.0,high
V6909,Vendor_694_Co,Textiles,27,817,589,97,120,244,13,4.15,1.0,45.0,0.1941,231815.0,low
V9888,Vendor_486_Co,Chemicals,27,1536,538,387,502,309,12,2.76,9.0,31.0,0.1644,296342.0,low
V8118,Vendor_458_Ltd,Electronics ,25,3899,443,192,186,363,15,3.22,1.0,49.0,0.1572,123960.0,1
V9571,Vendor_637_Co,Office Supplies,24,1318,624,359,168,399,3,4.44,6.0,39.0,0.1888,123395.0,low
V5864,Vendor_673_Corp,Machinery,3,1175,286,37,266,257,5,4.92,6.0,32.0,0.0168,301903.0,
V1528,Vendor_832_Ltd,Textiles,24,1683,1248,202,757,1172,5,4.38,5.0,49.0,0.0747,235797.0,low
V5780,Vendor_102_LLC,Automotive,27,3377,853,782,165,603,24,4.87,5.0,28.0,0.1473,48200.0,YES
V4368,Vendor_862_Corp,Raw Materials,30,3929,2191,1572,688,1263,9,TBD,1.0,55.0,0.1262,390779.0,Low Risk
V7527,Vendor_480_Corp,Raw Materials,18,802,78,65,58,10,23,2.7,8.0,42.0,0.0778,3482.0,low
V2744,Vendor_540_Corp,Food & Beverage,13,4605,765,193,156,11,5,3.15,1.0,55.0,0.0937,419774.0,
V7038,Vendor_242_Corp,Food & Beverage,12,130,77,10,70,0,11,3.53,2.0,59.0,0.146,153456.0,NO
V3449,Vendor_908_Inc,Food & Beverage,30,372,321,245,253,96,13,3.12,6.0,25.0,0.2576,446812.0,high
V3087,Vendor_168_Inc,Raw Materials,13,540,362,189,224,10,23,3.21,Good,72.0,,317743.0,High Risk
V3730,Vendor_457_Corp,IT Hardware,22,259,202,201,164,153,30,2.37,6.0,48.0,0.1286,417946.0,
V5996,Vendor_197_Corp,Machinery,3,3951,174,53,141,60,29,2.3,6.0,46.0,0.1454,335314.0,low
V7544,Vendor_605_Ltd,IT/IS,26,3025,601,321,436,218,13,3.48,2.0,34.0,0.1557,122989.0,1
V3511,Vendor_645_Ltd,Food & Beverage,9,3445,2028,634,122,117,24,2.29,1.0,59.0,0.0717,48349.0,Low Risk
V6976,Vendor_442_Inc,Automotive,3,3290,1898,1668,1599,262,10,3.68,1.0,6.0,0.0304,92069.0,Low Risk
V9643,Vendor_839_Ltd,Machinery,3,1743,774,485,87,240,10,2.06,4.0,10.0,0.1707,443226.0,1
V5485,Vendor_114_Inc,Electronics,24,4863,2859,2831,2678,481,3,3.66,4.0,50.0,0.0225,461660.0,0
V3792,Vendor_949_Inc,Packaging,24,2898,2783,1823,2621,2120,21,3.21,4.0,56.0,0.0643,189069.0,1
V2516,Vendor_559_Co,Packaging,13,1399,1130,458,434,963,17,N/A,7.0,57.0,0.1125,186915.0,Low Risk
V2384,Vendor_267_Inc,Office Supplies,4,4491,1198,1109,1060,853,30,3.25,6.0,47.0,0.02,,NO
V6030,Vendor_859_Inc,Food & Beverage,23,4453,1142,961,1002,401,28,2.6,5.0,55.0,0.2016,77602.0,NO
V3465,Vendor_530_Ltd,IT Hardware,22,1447,390,371,238,24,4,4.6,2.0,47.0,0.146,205704.0,Low
V1794,Unknown,Machinery,20,3438,2352,491,914,1582,7,2.81,3.0,28.0,0.0016,207734.0,low
V4108,Vendor_974_Corp,Automotive,21,3820,2239,2066,1931,503,9,4.45,,27.0,0.1809,69717.0,0
V6906,Vendor_871_Inc,IT Hardware,25,4302,2748,901,258,2280,17,4.06,5.0,65.0,0.0428,150651.0,Low 
V4598,Vendor_325_Ltd,Electronics,23,714,178,80,16,32,15,3.85,1.0,5.0,0.0629,83484.0,0
V9925,Vendor_638_Inc,Electronics,3,4358,1775,837,483,885,24,3.96,3.0,59.0,0.2773,91123.0,Low Risk
V9393,Vendor_324_Corp,Office Supplies,24,1573,1192,1156,327,523,21,2.3,9.0,58.0,0.1547,2017.0,High
V8931,Vendor_954_Co,Textiles,7,3085,1897,727,1253,644,8,3.42,2.0,26.0,0.0958,455701.0,low
V7025,Vendor_483_Ltd,Food & Beverage,29,2359,622,136,504,40,21,4.43,3.0,,0.266,462388.0,0
V9812,Vendor_968_LLC,Office Supplies,24,4262,3842,1360,1529,2018,6,4.44,1.0,4.0,0.2754,170705.0,Low Risk
V5967,Vendor_927_LLC,Machinery,16,2313,1465,392,184,1256,12,2.11,8.0,27.0,0.0021,431505.0,YES
V8081,Vendor_267_Ltd,Textiles,30,521,61,28,25,34,8,4.57,3.0,72.0,0.2979,109427.0,High Risk
V4154,Vendor_895_Inc,Food & Beverage,5,3422,3140,2864,2426,1025,19,4.03,10.0,29.0,0.0472,55368.0,Low
V9597,Vendor_194_Corp,Automotive,13,1484,1313,1300,1119,337,6,2.8,4.0,69.0,0.0065,472609.0,
V1090,Vendor_816_Ltd,Food & Beverage,2,3360,1954,1732,1735,1284,6,4.33,5.0,62.0,0.2723,136968.0,
V9206,Vendor_763_Ltd,IT Hardware,3,547,38,15,34,0,-5,2.59,5.0,16.0,0.0684,396285.0,No
V6102,Vendor_964_LLC,Electronics,3,2662,2461,307,1478,1397,6,2.24,10.0,47.0,0.2896,221727.0,low
V6152,Vendor_713_Ltd,IT Hardware,6,2610,1526,846,1014,869,19,3.13,7.0,30.0,0.0492,250491.0,1
V4639,Vendor_919_Ltd,Textiles,30,1158,222,156,212,132,19,4.34,5.0,49.0,0.217,99408.0,Low
V3094,Vendor_156_Inc,Machinery,5,43,2,2,0,0,24,2.5,9.0,31.0,0.1728,189408.0,
V1302,Vendor_291_Corp,Food & Beverage,15,1097,215,144,134,146,16,2.58,9.0,65.0,0.2637,173867.0,1
V6905,Vendor_321_Corp,Packaging,23,652,76,17,3,39,30,4.84,1.0,25.0,,123269.0,Low Risk
V4909,Vendor_264_Corp,IT Hardware,11,3607,697,382,34,56,13,4.16,10.0,25.0,0.2368,32042.0,Low
V1317,Vendor_517_Co,Textiles,16,4869,4133,3356,1085,1042,8,3.23,5.0,31.0,0.188,313700.0,High
V8679,Vendor_205_Ltd,Textiles,7,14,7,1,2,7,24,4.87,1.0,53.0,0.262,,High
V7849,Vendor_464_Corp,Raw Materials,13,474,373,148,333,181,8,3.65,6.0,61.0,0.0747,321539.0,YES
V7870,Vendor_110_LLC,Food & Beverage,18,2417,858,157,189,737,9,4.69,3.0,37.0,0.2572,197889.0,NO
V1831,,Raw Materials,11,1303,855,777,831,716,7,4.59,3.0,45.0,0.29,344238.0,YES
V8398,Vendor_436_Ltd,Packaging,28,1895,1554,1414,792,1269,26,3.09,7.0,3.0,0.1154,100896.0,High
V2964,Vendor_511_Inc,Raw Materials,9,1685,1174,360,403,1088,5,3.89,4.0,19.0,0.1816,483883.0,0
V9234,Vendor_474_LLC,Automotive,3,118,14,1,10,0,19,4.2,5.0,50.0,0.191,316313.0,High
V3948,Vendor_105_Co,Food & Beverage,26,1026,424,337,60,92,11,2.37,3.0,27.0,0.1958,47043.0,High Risk
V2057,Vendor_545_LLC,IT Hardware,11,4394,2073,1074,1081,1598,6,3.02,5.0,62.0,0.143,146577.0,1 
V6292,Vendor_311_Corp,Office ,5,270,249,105,6,162,23,2.14,4.0,,0.0087,99999999.0,1
V1348,Vendor_201_Corp,Machinery,12,4413,32,23,28,7,8,4.68,5.0,68.0,0.0774,215757.0,Low Risk
V9489,Vendor_560_LLC,Packaging,13,3830,1636,1275,1332,968,22,3.77,5.0,10.0,0.0191,183274.0,0
V7771,Vendor_219_Corp,Machinery,7,4668,3035,1284,489,2849,19,3.0,4.0,24.0,0.0395,476161.0,Low
V3593,Vendor_484_Ltd,IT Hardware,3,1580,316,172,186,42,16,3.94,3.0,57.0,0.0472,241426.0,0
V9398,Vendor_903_Co,Chemicals,19,1986,725,36,241,123,15,4.49,2.0,50.0,0.0671,87512.0,High Risk
V2028,Vendor_462_LLC,Packaging,12,510,97,21,90,13,1,2.95,5.0,27.0,0.2159,74176.0,1
V5830,Vendor_357_Co,Packaging,30,4723,4485,4440,3392,3806,20,3.44,8.0,72.0,0.1278,89069.0,high
V5019,Vendor_710_Inc,IT Hardware,14,1003,534,285,355,184,25,2.11,4.0,27.0,0.0226,172889.0,
V7574,Vendor_200_Ltd,Food & Beverage,6,4496,2113,878,1387,26,7,4.69,3.0,5.0,0.1368,38944.0,1
V3557,Vendor_299_Co,Electronics,3,2663,263,115,203,86,7,3.99,1.0,23.0,0.009,297581.0,YES
V9593,Vendor_572_Ltd,Textiles,18,663,441,336,378,25,14,4.53,6.0,40.0,0.1515,217483.0,0
V4756,Vendor_536_Co,IT Hardware,17,1419,557,114,281,106,30,,1.0,33.0,0.1087,161465.0,high
V9592,Vendor_522_LLC,Electronics,25,1728,1126,318,231,243,11,4.38,1.0,17.0,0.1116,449861.0,Low
V8128,Vendor_286_Inc,Automotive,28,945,720,201,25,17,17,4.03,,55.0,0.211,313559.0,
V9807,Vendor_913_Inc,Machinery,18,869,192,111,4,10,2,4.75,7.0,32.0,0.2162,316943.0,1
V7241,Vendor_584_Ltd,Food & Beverage,6,3654,397,386,20,69,25,2.06,6.0,57.0,0.1755,96333.0,low
V4362,Vendor_808_Corp,Food & Beverage,9,3364,2321,1252,2127,1453,17,3.38,9.0,10.0,0.2411,135398.0,
V5807,Vendor_306_Corp,Machinery,29,1503,276,32,234,18,2,2.95,5.0,66.0,0.1195,428507.0,High Risk
V4417,Vendor_489_Corp,Food & Beverage,15,1018,854,384,26,454,13,99.0,7.0,16.0,0.0279,92801.0,High Risk
V6579,Vendor_711_Corp,Packaging,29,3221,1473,25,287,1060,14,4.09,6.0,71.0,0.035,340107.0,Low Risk
V4828,Vendor_141_Corp,Electronics,12,742,85,32,3,36,4,4.3,10.0,30.0,0.1883,464176.0,0
V4791,Vendor_169_LLC,Electronics,7,407,391,3,211,70,17,3.37,1.0,62.0,0.1978,9247.0,0
V3472,Vendor_865_Corp,IT Hardware,14,608,217,195,76,124,16,4.72,9.0,55.0,0.1162,181803.0,1
V5122,Vendor_421_Inc,Office Supplies,28,2985,2438,259,2327,2100,6,3.8,10.0,57.0,0.1448,18449.0,0
V4109,Vendor_695_Inc,Automotive,23,1314,345,165,8,57,21,3.68,9.0,69.0,0.0534,325256.0,NO
V3997,Vendor_586_Co,IT Hardware,29,4454,3370,2065,1579,1476,10,4.78,2.0,23.0,0.1818,217135.0,High
V8373,Vendor_373_LLC,Raw Materials,20,2745,2711,1981,1387,311,27,2.56,7.0,17.0,0.0236,309108.0,low
V4865,Vendor_182_LLC,Office Supplies,9,172,125,87,72,53,22,2.18,5.0,50.0,0.2449,327273.0,high
V1831,Vendor_915_LLC,IT Hardware,17,416,369,338,25,213,28,4.96,1.0,57.0,0.1734,406689.0,Low
V1106,TBD,Raw Materials,19,4165,2153,254,1507,1900,7,4.43,9.0,60.0,0.0657,123234.0,NO
V7519,Vendor_377_Inc,Electronics,17,4116,3244,1190,2659,411,13,2.43,10.0,42.0,0.057,466403.0,0
V2704,Vendor_259_LLC,Packaging,4,2913,2066,388,1225,1870,11,3.43,4.0,66.0,0.0124,,1
V4293,Vendor_802_Inc,Electronics,26,2845,1234,86,748,476,4,3.25,8.0,70.0,0.2203,349288.0,0
V8201,Vendor_325_Corp,Electronics,14,1675,1105,570,234,356,24,2.58,2.0,43.0,0.0374,408633.0,0
V3918,Vendor_807_Inc,Chemicals,26,1539,326,92,135,299,28,2.79,7.0,56.0,0.2779,475591.0,1
V5607,Vendor_274_LLC,Machinery,9,1004,814,596,367,258,9,2.12,6.0,72.0,0.1958,191088.0,
V4449,Vendor_135_LLC,Textiles,28,2284,1019,227,117,790,19,2.33,10.0,16.0,0.1045,327340.0,Low
V5032,Vendor_782_Inc,Machinery,9,2340,16,15,2,14,13,3.15,1.0,44.0,0.25,136889.0,low
V3627,Vendor_634_Co,Raw Materials ,16,717,64,20,18,43,30,4.27,6.0,4.0,0.1021,205093.0,
V1039,Vendor_582_Ltd,Automotive,8,555,217,187,148,202,18,2.92,3.0,25.0,0.1217,343678.0,1
V4469,Vendor_522_Co,Office Supplies,6,4410,697,312,215,352,6,2.66,5.0,25.0,0.0344,352785.0,
V1131,Vendor_738_Co,IT Hardware,4,728,662,648,439,272,1,4.58,10.0,6.0,0.1777,87459.0,0
V3741,Vendor_215_Inc,Chemicals,3,4845,3828,1550,2652,1603,12,4.55,2.0,72.0,0.0179,2367.0,
V4993,Vendor_577_Corp,Automotive,12,4973,741,584,514,435,22,,7.0,TBD,0.126,79593.0,0
V2650,Vendor_274_LLC,Automotive,13,828,302,224,216,75,13,4.89,6.0,10.0,0.1297,217032.0,high
V2256,Vendor_705_Ltd,IT Hardware,7,2938,2440,2072,957,880,14,3.5,5.0,21.0,0.0353,36484.0,1
V9398,Vendor_501_Ltd,Packaging,27,3309,2261,1893,1462,652,23,2.38,4.0,35.0,0.1897,372598.0,0
V8076,Vendor_749_Ltd,Machinery,11,2113,1987,1170,93,1426,17,2.19,5.0,15.0,0.1294,55828.0,High Risk
V6303,Vendor_731_LLC,Chemicals,12,242,40,24,22,21,18,4.78,3.0,31.0,0.2163,130946.0,1
V1019,Vendor_718_Ltd,Textiles,15,599,252,43,190,235,29,3.94,2.0,55.0,0.0511,357111.0,high
V3928,Vendor_442_Inc,Textiles,30,4461,3991,1513,1638,1592,3,3.54,3.0,14.0,0.097,418484.0,YES
V5317,Vendor_250_Ltd,Electronics,26,2172,144,9,47,87,19,3.54,2.0,66.0,0.2562,495955.0,High Risk
V5604,Vendor_528_LLC,Chemicals,12,2398,178,111,133,33,10,,6.0,11.0,0.0898,268981.0,0
V3390,Vendor_431_LLC,Automotive,30,4572,3264,1951,2685,2853,7,2.33,9.0,57.0,0.2504,400054.0,NO
V4960,Vendor_335_Inc,Electronics,11,1573,1463,939,322,112,30,2.22,1.0,17.0,0.0746,70242.0,Low
V1235,Vendor_360_LLC,Textiles,2,716,187,43,20,153,30,2.95,10.0,8.0,0.0803,125562.0,high
V9794,Vendor_789_Corp,Raw Materials,11,4934,2599,2201,828,1389,12,2.53,1.0,55.0,0.2304,299234.0,1
V3025,Vendor_171_Ltd,Automotive,5,1565,1208,887,1030,55,3,3.62,8.0,33.0,0.0109,204917.0,
V7556,Vendor_884_Ltd,Electronics,13,2219,1297,131,808,999,7,3.22,4.0,18.0,0.2546,411949.0,
V5937,Vendor_526_Co,Chemicals,14,2880,1415,1279,310,827,18,2.74,10.0,64.0,0.2211,104922.0,1
V9901,Vendor_573_Inc,Raw Materials,18,2842,2819,2733,1685,401,12,4.32,10.0,46.0,0.0883,162324.0,high
V3829,Vendor_770_Ltd,Chemicals,10,2525,2160,1397,1272,2012,21,3.55,4.0,72.0,0.2684,120493.0,0
V3297,Vendor_582_Inc,Office Supplies,6,3789,279,42,124,224,27,2.05,2.0,23.0,0.0882,281312.0,NO
V3476,Vendor_159_Corp,IT Hardware,2,1506,1243,252,815,657,9,4.52,10.0,8.0,0.1366,467208.0,YES
V2329,Vendor_348_LLC,IT Hardware,16,3285,1717,1160,678,612,30,3.99,6.0,8.0,,428326.0,high
V5801,Vendor_438_LLC,Machinery,18,1261,1071,628,18,871,10,4.97,3.0,39.0,0.1348,319448.0,
V1686,Vendor_758_Inc,Machinery,7,1788,656,353,525,573,6,2.96,8.0,45.0,0.1828,252608.0,YES
V1592,Vendor_827_LLC,Raw Materials,14,3613,3200,2556,3070,1455,2,4.14,9.0,68.0,0.2816,225991.0,NO
V5304,Vendor_538_LLC,Office Supplies,5,1971,1761,657,719,1519,22,3.61,5.0,59.0,0.2289,213096.0,high
V8545,Vendor_590_LLC,Packaging,10,333,37,12,37,35,30,2.05,4.0,16.0,0.2241,396486.0,low
V3340,Vendor_170_Co,IT Hardware,1,3145,3084,545,2627,2773,20,3.95,8.0,45.0,0.2167,330294.0,NO
V2325,Vendor_313_LLC,Automotive,14,1831,410,245,71,188,25,2.64,10.0,58.0,0.1044,,High Risk
V9284,Vendor_777_Co,Food & Beverage,20,3158,1162,1155,612,906,5,3.16,10.0,10.0,N/A,342839.0,
V2857,Vendor_435_Co,Raw Materials,12,1305,1301,1032,839,1129,14,3.4,1.0,63.0,0.2073,309080.0,High
V7951,Vendor_137_Inc,Office Supplies,13,1816,183,86,126,24,27,2.25,5.0,58.0,0.0263,,Low
V1743,Vendor_857_LLC,Textiles,3,1343,337,229,327,27,14,3.31,6.0,28.0,0.2286,116743.0,0
V2274,Vendor_979_Corp,Automotive,25,1733,754,340,520,523,23,,3.0,58.0,0.1316,173876.0,High
V3535,Vendor_983_Co,Electronics,11,4614,2176,1981,555,1552,5,,9.0,59.0,0.1147,345812.0,High Risk
V3235,Vendor_280_Inc,IT Hardware,8,569,274,255,76,72,21,2.04,6.0,71.0,0.2279,282020.0,1
V3937,Vendor_995_Ltd,Food & Beverage,26,2668,219,188,62,2,5,4.05,,59.0,,427781.0,1
V7139,Vendor_697_Co,Chemicals,16,4706,2605,2217,1678,2052,26,4.68,4.0,5.0,0.0015,396263.0,YES
V1965,Vendor_889_Inc,Raw Materials,9,1113,1005,871,967,873,27,2.3,8.0,10.0,0.1283,383922.0,NO
V6844,Vendor_411_Inc,Chemicals,1,1981,1124,1031,123,374,18,3.25,10.0,12.0,0.2696,254481.0,
V2340,Vendor_728_LLC,Electronics,20,3213,18,17,18,17,29,2.57,,55.0,0.0624,197291.0,Low
V2588,Vendor_421_Ltd,Machinery,18,1731,735,33,55,128,7,3.21,7.0,36.0,0.192,99945.0,high
V3475,Vendor_242_Corp,Office Supplies,28,1941,573,108,363,518,3,4.26,6.0,10.0,0.0311,290220.0,High Risk
V5414,Vendor_527_Inc,Raw Materials,5,1145,533,53,354,322,2,3.2,1.0,56.0,0.0326,,
V3013,Vendor_354_LLC,Packaging,7,1952,467,360,167,289,3,4.72,4.0,46.0,0.1295,374213.0,
V5916,Vendor_655_LLC,Food & Beverage,5,1897,495,461,70,396,4,2.1,9.0,51.0,0.1622,26663.0,High Risk
V6062,Vendor_373_Corp,Electronics,17,4260,1941,1640,70,185,18,2.61,5.0,33.0,0.0454,131104.0,low
V1950,Vendor_722_Inc,Automotive,7,2008,108,63,7,83,26,2.06,3.0,70.0,0.277,206807.0,1
V5499,Vendor_184_Inc,Electronics,23,1495,174,44,161,119,11,3.11,7.0,17.0,0.224,246545.0,low
V4477,Vendor_118_Co,IT Hardware,1,3551,808,88,376,309,7,3.93,5.0,16.0,0.074,187532.0,high
V8173,Vendor_530_Co,Electronics,4,3884,2331,2192,1033,604,15,3.4,7.0,7.0,0.2071,173847.0,1
V3834,Vendor_116_Inc,Food & Beverage,10,3038,1830,181,1585,1631,20,2.39,2.0,29.0,0.192,223725.0,0
V9732,Vendor_318_LLC,Food & Beverage,22,1551,335,118,104,129,12,3.12,8.0,29.0,0.1478,179402.0,1
V5406,Vendor_192_Co,Machinery,9,2374,849,350,716,515,7,3.4,1.0,15.0,0.1551,331885.0,0
V9384,Vendor_844_Corp,Electronics,11,2116,1428,782,1130,1004,10,4.89,5.0,57.0,0.1503,162056.0,YES
V5152,Vendor_258_Ltd,Chemicals,27,3553,2991,1759,1992,94,26,3.43,1.0,48.0,0.1268,4812.0,high
V7706,Vendor_211_Inc,IT Hardware,19,1124,647,434,122,126,23,3.83,5.0,19.0,0.1239,368932.0,1
V4907,Vendor_664_Corp,Packaging,14,3303,2310,815,854,212,19,2.98,1.0,62.0,0.004,387928.0,YES
V2516,Vendor_849_Inc,Packaging,12,4629,1308,376,261,667,16,,6.0,26.0,0.1359,69399.0,1
V6352,Vendor_839_Co,Raw Materials,4,3569,794,167,245,299,16,2.1,2.0,28.0,0.2266,82898.0,High Risk
V8575,Vendor_469_Inc,Textiles,30,2228,1114,642,773,956,29,4.29,3.0,32.0,0.0875,24802.0,1
V8629,Vendor_196_Co,Raw Materials,30,265,35,11,18,22,12,3.68,7.0,12.0,0.1793,319549.0,Low Risk
V7451,Vendor_669_Co,Automotive,16,530,189,103,179,5,3,3.56,10.0,69.0,,415223.0,YES
V2055,Vendor_963_Co,IT Hardware,6,2963,1124,699,753,569,11,3.62,9.0,31.0,0.0257,402511.0,0
V7066,Vendor_449_Ltd,IT Hardware,21,225,187,130,68,139,29,2.58,10.0,29.0,0.25,272436.0,1
V7086,Vendor_922_Co,Raw Materials,2,1504,1205,47,937,91,22,2.08,5.0,10.0,0.2194,461242.0,Low
V6144,Vendor_572_Co,Chemicals,6,4292,3584,711,898,2554,26,4.79,1.0,12.0,0.1221,62284.0,0 
V2048,Vendor_535_Co,IT Hardware,24,2094,1347,587,901,1067,13,4.05,6.0,19.0,0.0118,207493.0,0
V4990,Vendor_734_Corp,Electronics,5,2540,968,755,438,775,12,3.5,4.0,20.0,0.1127,337613.0,0
V8185,Vendor_694_LLC,Machinery,30,3829,916,880,391,200,1,4.21,4.0,58.0,0.1307,286525.0,Low
V6510,Vendor_779_Inc,Raw Materials,3,259,141,10,71,99,6,3.66,4.0,65.0,0.0238,65366.0,0
V4457,Vendor_370_Corp,Office Supplies,8,2511,2329,246,406,851,6,3.66,3.0,1.0,0.1226,362429.0,Low Risk
V2203,Vendor_238_Ltd,Food & Beverage,23,77,12,2,7,7,4,4.74,7.0,65.0,0.2987,103045.0,Low Risk
V2795,Vendor_331_Corp,Machinery,1,3890,2462,1161,1654,1682,24,2.71,6.0,50.0,0.0437,331154.0,0
V7063,Vendor_510_Inc,Food & Beverage,24,641,204,178,185,65,19,3.8,5.0,51.0,0.0074,357226.0,Low
V5524,Vendor_,Chemicals,13,3782,3137,1877,902,1175,12,2.82,3.0,39.0,0.135,329738.0,0
V5126,Vendor_935_Co,Raw Materials,11,339,217,109,158,113,13,3.1,1.0,27.0,0.1314,479055.0,High
V7587,Vendor_243_Ltd,Raw Materials,7,4359,4064,842,1552,3102,23,3.05,10.0,52.0,0.1705,110568.0,Low
V9056,NA,Packaging,17,1537,1232,472,624,1231,11,4.71,1.0,9.0,0.2518,399914.0,1
V5478,Vendor_899_Inc,Automotive,16,3122,1729,1103,1034,1538,19,2.86,4.0,12.0,0.1356,104653.0,0
V1404,Vendor_434_Co,Packaging,11,3417,292,218,144,73,14,4.69,6.0,61.0,0.2827,155173.0,Low Risk
V1844,Vendor_125_Inc,Chemicals,20,3041,2361,738,2320,989,5,2.47,10.0,35.0,0.1238,456350.0,High Risk
V4694,Vendor_422_Corp,Machinery,12,4435,4064,827,507,3978,16,2.77,4.0,44.0,0.265,15056.0,YES
V6676,Vendor_923_Co,Automotive,16,994,253,212,209,179,29,2.08,5.0,27.0,0.0425,451926.0,0
V7712,Vendor_262_Co,Automotive,21,3411,485,272,466,316,16,4.1,5.0,32.0,,349058.0,0
V4432,Vendor_169_Co,Machinery,9,4368,75,69,25,64,14,2.97,1.0,23.0,0.2278,168792.0,High Risk
V7850,Vendor_648_Co,Raw Materials,21,3420,170,126,70,18,3,2.69,5.0,53.0,0.169,144770.0,1
V3761,Vendor_522_Ltd,Automotive,2,2024,1052,356,364,470,18,10.0,4.0,11.0,0.1072,336847.0,low
V7016,Vendor_107_Co,Chemicals,6,4690,111,43,93,78,17,3.92,7.0,70.0,0.0694,80903.0,Low
V3353,Vendor_548_Co,Packaging,16,2728,1660,1424,1440,990,7,2.07,4.0,38.0,0.1673,252694.0,NO
V2230,Vendor_304_Corp,Food & Beverage,2,4222,2922,1090,1035,614,12,4.68,9.0,46.0,0.0662,227959.0,
V5455,Vendor_339_Corp,Machinery,5,3229,2870,1336,1302,1854,25,4.31,2.0,,0.0317,236702.0,low
V8788,Vendor_377_LLC,Food & Beverage,9,4610,1824,1669,1300,160,10,3.59,10.0,71.0,0.162,200901.0,NO
V1819,Vendor_434_Ltd,Chemicals,6,2254,1781,883,1018,840,1,4.46,5.0,41.0,0.1271,191939.0,low
V5177,Vendor_259_Ltd,Automotive,19,4485,531,336,100,228,29,2.28,2.0,21.0,0.1302,442369.0,High Risk
V7409,Vendor_227_Corp,Raw Materials,11,1930,1525,527,41,297,24,3.56,6.0,20.0,0.1143,474351.0,0
V9101,Vendor_932_Corp,IT Hardware,25,4976,398,46,2,67,2,4.04,10.0,41.0,0.2568,389605.0,YES
V1064,Vendor_557_Inc,Electronics,12,2534,2255,1269,2012,578,4,4.4,,60.0,0.0042,99975.0,YES
V1672,Vendor_455_Co,Textiles,22,4928,991,815,579,801,12,2.21,,2.0,0.2549,432138.0,low
V3351,Vendor_441_Ltd,Food & Beverage,21,4648,553,316,235,268,12,Excellent,4.0,67.0,0.2632,336673.0,NO
V8653,Vendor_496_Corp,Raw Materials,4,4736,1098,800,622,525,1,2.91,7.0,33.0,0.2447,416132.0,0
V7500,Vendor_776_Co,Packaging,2,2862,1948,1567,301,1654,1,3.4,9.0,39.0,0.253,267402.0,YES
V4841,Vendor_561_Corp,Chemicals,7,4696,4696,2846,853,2370,29,4.04,3.0,38.0,0.1821,447464.0,
V5157,Vendor_180_Corp,Raw Materials,10,2918,2194,1611,1700,505,25,3.41,4.0,20.0,0.2127,281609.0,NO
V4412,Vendor_704_Co,Automotive,29,3153,1109,71,415,624,3,3.52,4.0,71.0,0.141,342783.0,
V2950,Vendor_439_Corp,Raw Materials,18,3467,3219,343,2954,1622,14,2.06,1.0,31.0,0.0981,18933.0,NO
V5980,Vendor_393_Corp,Food & Beverage,22,831,203,8,84,32,29,3.22,7.0,72.0,0.1718,411515.0,high
V8190,Vendor_440_Inc,Electronics,23,776,121,98,61,55,365,4.37,5.0,25.0,0.2477,178728.0,YES
V3256,Vendor_443_Co,Packaging,4,49,15,0,2,13,12,2.12,3.0,1.0,0.09,181091.0,0
V1964,Vendor_659_Corp,Textiles,10,3171,294,129,83,6,15,3.54,7.0,3.0,0.2726,189510.0,Low
V6686,Vendor_490_LLC,Office Supplies,22,3144,1469,1434,316,59,10,4.28,2.0,69.0,0.0178,335114.0,
V5488,Vendor_239_Co,Automotive,15,47,2,2,2,1,7,4.8,5.0,52.0,,271713.0,
V5637,Vendor_698_Ltd,Machinery,17,1009,118,42,43,68,28,2.91,1.0,67.0,0.0333,435216.0,0
V9592,Vendor_418_Ltd,IT Hardware,15,2157,24,17,19,17,12,3.97,2.0,16.0,0.1088,451106.0,High
V9142,Vendor_750_Co,Office Supplies,4,653,140,93,116,58,2,2.99,8.0,30.0,0.0633,270239.0,0
V1379,Vendor_290_Co,Office Supplies,13,2869,790,524,652,429,5,3.05,3.0,6.0,0.2771,36557.0,
V1223,Vendor_885_LLC,Electronics,22,183,32,9,22,32,27,3.03,10.0,2.0,0.1303,152763.0,High
V3996,Vendor_766_LLC,Chemicals,28,112,56,17,3,53,23,4.4,6.0,19.0,0.1234,63332.0,1
V5991,Vendor_913_Inc,Automotive,4,4051,3366,2801,1814,1436,21,4.23,1.0,57.0,0.0261,258496.0,0
V9567,Vendor_353_LLC,Chemicals,26,4390,650,57,457,580,24,2.55,4.0,30.0,0.2069,240109.0,0
V3525,Vendor_786_Inc,Textiles,25,716,232,51,27,169,23,3.66,10.0,50.0,0.0721,412821.0,High
V1195,Vendor_469_LLC,Raw Materials,20,2778,854,656,23,289,17,2.84,2.0,8.0,0.1994,15401.0,low
V9017,Vendor_640_Corp,Food & Beverage,26,1084,435,54,68,36,999,2.05,3.0,32.0,0.2606,259961.0,Low
V8162,Vendor_299_Corp,Office Supplies,25,4489,2647,2278,2008,105,5,3.64,3.0,29.0,0.2392,188073.0,0
V1783,Vendor_261_LLC,Food & Beverage,30,2475,1287,1209,768,174,20,2.74,7.0,61.0,0.2881,159522.0,High Risk
V3154,Vendor_492_LLC,Packaging,8,308,267,79,147,96,22,3.62,5.0,2.0,0.0705,338224.0,low
V3909,Vendor_294_LLC,Automotive,19,3027,1286,800,11,697,24,2.41,2.0,54.0,0.2712,307397.0,1
V7127,Vendor_885_Co,Automotive,3,1048,770,708,391,435,21,3.59,8.0,1.0,,141416.0,low
V6881,Vendor_967_Inc,IT Hardware,9,2767,418,47,194,49,26,2.13,8.0,69.0,0.0374,484548.0,high
V8628,Vendor_996_Ltd,IT Hardware,25,3987,2097,911,1086,806,18,2.45,,6.0,0.2269,51682.0,1
V8672,Vendor_263_Corp,Chemicals,1,3881,239,182,206,54,17,4.51,10.0,46.0,0.1978,492210.0,High
V1992,Vendor_734_Ltd,Textiles,10,1301,757,252,654,523,4,2.8,6.0,29.0,0.0748,446118.0,Low Risk
V3105,Vendor_897_Corp,Food & Beverage,1,1483,836,667,197,150,13,3.4,3.0,7.0,0.2004,10814.0,low
V2184,Vendor_960_Corp,Office Supplies,20,3441,495,426,421,443,10,3.94,10.0,1.0,0.0889,23054.0,1
V7471,Vendor_923_Inc,Raw Materials,5,2965,2828,2759,2827,2765,5,2.04,2.0,3.0,0.2088,99682.0,0
V3847,Vendor_458_Corp,IT Hardware,4,1602,454,200,47,332,16,2.96,7.0,34.0,0.2032,336661.0,1
V9450,Vendor_330_Inc,Office Supplies,1,2364,153,110,151,140,1,4.05,8.0,70.0,0.252,272210.0,low
V4463,Vendor_144_Inc,Textiles,17,4926,2046,594,374,504,24,2.42,2.0,8.0,0.2683,96555.0,1
V3915,Vendor_956_Ltd,Raw Materials,24,677,414,186,258,395,24,4.35,6.0,52.0,0.1173,412241.0,High Risk
V2303,Vendor_183_Ltd,Electronics,6,4098,4016,2752,3480,1078,17,3.12,10.0,46.0,0.0577,440608.0,High Risk
V8975,Vendor_357_Inc,Chemicals,16,197,57,8,30,24,12,4.17,8.0,14.0,0.2549,36960.0,YES
V1515,Vendor_220_Inc,Packaging,16,93,22,21,18,20,20,3.8,1.0,21.0,0.1565,134431.0,1
V8641,Vendor_836_Inc,Office Supplies,24,4130,2441,1613,1869,1167,20,2.29,9.0,32.0,0.222,339858.0,high
V5325,Vendor_463_Corp,IT Hardware,27,1946,911,280,251,834,13,3.52,10.0,28.0,0.151,208131.0,0
V1069,Vendor_701_Inc,Machinery,2,1625,619,347,551,292,17,3.71,5.0,32.0,0.1919,229357.0,high
V8646,Vendor_573_Inc,Chemicals,1,4243,3233,2592,805,532,28,Unknown,6.0,6.0,0.2976,286447.0,YES
V5828,Vendor_234_Inc,Office Supplies,9,3705,3310,867,1477,1061,23,4.1,8.0,63.0,0.1447,150565.0,
V6161,Vendor_723_Corp,Electronics,24,3746,2081,1501,500,633,16,4.79,1.0,64.0,0.0481,487471.0,High
V4153,Vendor_162_Ltd,Machinery,13,488,45,40,38,44,1,2.57,5.0,68.0,0.038,414933.0,0
V4268,Vendor_759_Ltd,Food & Beverage,3,15,7,6,0,7,11,4.77,7.0,10.0,0.0727,278056.0,0
V5567,Vendor_247_LLC,Chemicals,16,4040,792,94,545,563,18,3.8,1.0,50.0,0.1688,354816.0,0
V3258,Vendor_216_Inc,Food & Beverage,19,1967,1258,200,1130,699,26,2.94,10.0,26.0,0.1641,309591.0,1
V1980,Vendor_643_Inc,Electronics,16,4952,1586,1483,948,1105,-5,4.81,1.0,68.0,0.1898,372039.0,High
V8862,Vendor_887_Ltd,Office ,10,3000,2224,1512,643,1028,5,3.63,9.0,3.0,0.0492,332001.0,High Risk
V7531,Vendor_382_Corp,Food & Beverage,6,3389,2268,941,411,1840,14,3.55,9.0,2.0,0.1551,426898.0,NO
V6990,Vendor_465_Inc,Automotive,28,795,29,15,22,2,16,2.16,10.0,,,99999999.0,SAFE
V9901,Vendor_843_Inc,Raw Materials,15,3876,887,663,103,378,4,4.54,8.0,49.0,0.2879,169150.0,1
V6222,Vendor_966_LLC,Packaging,12,1269,148,92,56,95,6,3.8,7.0,25.0,0.1281,122815.0,YES
V7076,Vendor_323_Ltd,Textiles,17,1416,802,615,763,625,18,4.62,3.0,38.0,0.0163,388987.0,YES
V9023,Vendor_986_LLC,Machinery,12,4109,3650,1509,2973,1914,4,4.09,6.0,50.0,0.2529,413074.0,High
V1104,Vendor_715_Co,Electronics,3,973,207,186,90,105,22,2.78,9.0,2.0,0.1207,38606.0,0
V5556,Vendor_566_Corp,Machinery,7,1228,1094,683,1081,989,12,2.06,3.0,64.0,0.2423,317120.0,YES
V3311,Vendor_541_Co,Textiles,13,232,67,17,48,57,18,2.41,5.0,36.0,0.2965,493910.0,
V2445,Vendor_290_LLC,Packaging,16,4720,2055,1655,1512,135,17,2.44,3.0,26.0,0.192,143503.0,Low Risk
V4809,Vendor_509_LLC,Office Supplies,11,4728,2051,731,1621,1889,29,4.41,2.0,46.0,0.0715,23992.0,NO
V3834,Vendor_169_Ltd,Electronics,9,20,12,11,8,7,27,4.17,7.0,68.0,0.2983,337602.0,
V8356,Vendor_582_Corp,Machinery,4,575,299,296,183,292,23,4.41,1.0,47.0,0.1286,345953.0,NO
V5879,Vendor_134_Ltd,Food & Beverage,24,4179,1313,20,1009,565,13,4.71,2.0,57.0,0.2605,196512.0,1
V1473,Vendor_593_Inc,IT Hardware,29,3219,546,47,180,158,11,4.13,7.0,24.0,0.2223,147096.0,1
V6903,TBD,Packaging,30,2743,2268,166,128,203,29,4.1,4.0,70.0,0.0348,246953.0,Low
V7942,Vendor_100_Co,Raw Materials,27,2168,1642,1421,210,247,1,3.45,6.0,21.0,0.1064,336194.0,High Risk
V2550,Vendor_799_LLC,Automotive,1,1846,1662,1180,396,1056,6,4.57,1.0,59.0,0.2418,144157.0,
V7178,Vendor_189_Inc,Automotive,25,4940,1140,189,114,204,30,2.26,2.0,61.0,0.1198,297149.0,low risk
V4813,Vendor_205_LLC,Electronics,18,1340,773,213,251,577,20,3.43,4.0,58.0,0.2411,388686.0,High Risk
V7308,Vendor_120_Inc,Machinery,12,345,232,166,215,214,14,4.26,7.0,5.0,0.1012,20139.0,1
V1703,Vendor_176_Inc,Food & Beverage,7,1835,1653,1306,927,1307,6,3.24,3.0,49.0,0.2933,370995.0,0
V5462,Vendor_550_Corp,Office Supplies,3,2747,572,259,410,188,22,3.44,8.0,8.0,0.0385,467588.0,1
V2554,Vendor_769_Inc,Food & Beverage,20,1754,484,206,38,415,23,3.76,6.0,44.0,0.1007,354325.0,Low Risk
V7412,Vendor_323_Ltd,Textiles,15,2860,1290,706,4,1136,20,3.16,5.0,9.0,0.0243,109540.0,Low Risk
V3488,Vendor_152_Corp,Food & Beverage,6,1239,1106,877,1008,189,2,2.4,6.0,46.0,0.1998,46885.0,0
V4212,Vendor_931_Co,Chemicals,27,98,36,22,2,34,16,2.54,1.0,60.0,0.1262,192229.0,1
V8151,Vendor_696_Co,Electronics,8,3416,1176,420,180,530,14,3.12,9.0,33.0,0.0858,133849.0,NO
V2335,Vendor_641_Inc,Packaging,15,322,186,38,32,154,29,4.52,5.0,53.0,0.1086,314837.0,0
V3273,Vendor_992_LLC,Electronics,21,2297,354,219,107,153,20,3.35,2.0,15.0,0.2811,390892.0,
V3239,Vendor_596_Corp,IT Hardware,7,3773,3486,2588,1225,1298,14,3.43,9.0,48.0,0.1473,155436.0,high
V1474,Vendor_277_LLC,Machinery,27,4161,3304,555,3196,2147,2,2.75,8.0,7.0,0.2754,370431.0,
V6927,Vendor_919_LLC,Automotive,1,3744,2968,2634,441,1730,17,3.0,1.0,36.0,0.0195,440892.0,Low
V7138,Vendor_894_LLC,Textiles,30,1054,265,244,0,219,13,2.32,2.0,15.0,0.2371,114331.0,low
V4901,Vendor_230_Inc,IT Hardware,15,600,70,40,1,63,999,4.42,6.0,7.0,0.2709,189693.0,
V2854,Vendor_686_Corp,Chemicals,25,3756,2316,2028,2251,2092,18,4.47,6.0,70.0,0.2468,22815.0,
V3481,Vendor_596_LLC,Food & Beverage,10,1813,1379,400,543,962,5,2.6,2.0,67.0,0.2571,393925.0,1
V2788,Vendor_713_Corp,Packaging,3,4640,3123,1153,1745,2987,23,,2.0,4.0,0.2483,353000.0,0
V3466,Vendor_398_Ltd,Textiles,2,3329,878,185,271,864,10,3.46,10.0,33.0,0.1532,81630.0,0
V8219,Vendor_989_Ltd,Machinery,4,4603,1958,1045,1863,1668,29,3.59,10.0,,0.1317,439458.0,1
V5782,Vendor_329_Corp,Electronics,3,204,157,5,3,27,14,3.92,10.0,57.0,0.2182,387626.0,high
V7473,Vendor_156_Inc,Textiles,10,2591,1536,317,865,144,8,2.08,1.0,57.0,0.0481,243764.0,high
V3746,Vendor_495_Co,Raw Materials,26,3499,3279,1545,444,2803,26,4.82,4.0,63.0,0.2819,375315.0,low
V5412,Vendor_711_Corp,Machinery,7,218,62,45,21,7,30,2.7,2.0,32.0,0.1708,465558.0,high
V5756,Vendor_874_Ltd,Office Supplies,20,4888,4128,4011,768,3498,5,3.69,8.0,62.0,0.2256,205256.0,
V3208,Vendor_920_Ltd,Food & Beverage,11,4049,338,210,35,232,8,4.03,10.0,43.0,0.0777,111123.0,YES
V6295,Vendor_319_Co,IT Hardware,17,3632,710,259,451,209,29,3.49,10.0,16.0,0.108,448777.0,0
V6610,Vendor_534_LLC,Chemicals,7,850,162,19,113,142,13,2.21,6.0,47.0,0.2473,45452.0,0
V6199,Vendor_474_Ltd,Food & Beverage,8,698,674,440,342,125,24,2.57,7.0,10.0,0.0145,73286.0,
V3909,Vendor_284_Co,Office Supplies,4,4610,1946,1267,340,1900,21,4.87,1.0,,0.0353,184680.0,Low 
V1231,Vendor_375_Ltd,Textiles,1,3632,1783,33,919,1463,2,3.01,10.0,31.0,0.2218,307142.0,Low Risk
V6911,Vendor_222_Inc,Office Supplies,1,4907,4881,63,3816,3258,28,4.33,6.0,5.0,0.2987,116675.0,
V7456,Vendor_147_Co,Packaging,5,3557,1576,820,515,984,1,3.5,6.0,18.0,0.1758,163975.0,Low
V2859,Vendor_438_Ltd,Chemicals,10,4402,1684,1206,828,1629,8,4.22,3.0,71.0,0.1585,475305.0,0 
V3703,Vendor_721_Ltd,Office Supplies,2,4876,3954,2885,126,1766,4,2.99,4.0,53.0,0.2092,379555.0,NO
V9562,Vendor_650_LLC,Food & Beverage,27,3273,2533,892,225,2097,22,2.1,10.0,9.0,0.2498,353482.0,Low Risk
V2992,Vendor_132_LLC,Electronics,2,4793,968,335,764,503,1,4.5,1.0,16.0,0.1516,486842.0,low
V9653,Vendor_249_LLC,Machinery,27,2399,1621,893,295,562,2,3.93,5.0,17.0,0.2227,418644.0,1
V4638,Vendor_622_Ltd,Electronics,19,4881,2908,2768,1501,1508,16,4.85,2.0,,0.1989,84323.0,0
V9354,Vendor_195_Co,Machinery,29,3231,2962,63,283,2200,27,3.86,8.0,40.0,0.0132,64185.0,1
V9372,Vendor_939_Corp,Electronics,5,3915,2779,2335,2215,1098,26,2.01,4.0,22.0,0.2565,272844.0,low
V6936,Vendor_321_Co,Office Supplies,1,4706,4282,305,3266,3537,21,4.84,2.0,38.0,0.2762,421424.0,0
V1500,Vendor_249_Inc,Automotive,23,4170,335,15,264,110,30,3.6,8.0,54.0,0.0885,203670.0,1
V9315,Vendor_210_LLC,Food & Beverage,15,3388,2847,678,2829,960,12,3.61,4.0,4.0,0.2778,273939.0,High Risk
V9598,Vendor_837_Co,Electronics,18,2640,959,424,796,562,19,3.3,4.0,41.0,0.2739,,1
V5762,Vendor_270_LLC,Office Supplies,14,4630,3264,417,3116,596,4,3.2,4.0,32.0,0.119,216473.0,0
V3686,Vendor_514_Corp,Raw Materials,1,49,21,19,17,18,22,2.89,5.0,63.0,0.2232,217276.0,YES
V4061,Vendor_871_Inc,Textiles,22,1389,486,486,230,418,9,4.31,7.0,2.0,0.0882,399475.0,
V7072,Vendor_486_LLC,Office Supplies,12,1264,722,126,678,0,30,4.85,3.0,32.0,0.0557,307107.0,Low 
V1890,Vendor_802_Co,Machinery,11,3174,994,975,919,980,15,2.4,9.0,4.0,0.2834,50540.0,
V8084,Vendor_910_Ltd,Raw Materials,18,3108,792,752,34,257,21,4.74,1.0,30.0,0.2397,485597.0,0
V5219,Vendor_958_Corp,Packaging,4,3174,894,180,830,723,2,4.41,3.0,53.0,0.1083,121827.0,High Risk
V9345,Vendor_776_Co,Chemicals,30,98,88,53,49,55,7,4.47,2.0,56.0,0.0961,314214.0,High Risk
V4602,Vendor_476_Ltd,Food & Beverage,5,3593,1642,728,1617,395,6,2.87,9.0,27.0,0.1867,494291.0,High Risk
V8586,Vendor_903_Corp,Packaging,5,137,100,25,16,94,28,4.72,2.0,TBD,0.1825,135827.0,
V8319,Vendor_871_Inc,Packaging,10,2042,13,4,6,3,19,4.17,1.0,34.0,0.1961,364210.0,1
V2707,Vendor_729_Co,Automotive,21,489,0,0,0,0,30,3.71,10.0,Slow,0.2085,21818.0,low
V2393,Vendor_516_Inc,Electronics,18,2128,120,99,91,77,4,2.21,7.0,34.0,0.2568,396112.0,
V6114,Vendor_826_LLC,Chemicals,2,1404,1127,705,917,46,25,4.18,3.0,43.0,0.1027,153228.0,high
V9975,Vendor_453_Inc,Office Supplies,1,3214,2134,701,964,1483,3,2.0,2.0,47.0,0.2036,159721.0,
V6469,Vendor_245_Co,Machinery,28,628,161,39,142,103,24,4.18,9.0,21.0,0.0309,26804.0,high
V1806,Vendor_303_Ltd,Automotive,15,1258,464,331,406,165,4,2.97,7.0,69.0,TBD,390889.0,0
V5613,Vendor_219_Co,Machinery,29,3455,55,24,48,54,8,-5.0,8.0,43.0,0.1004,34266.0,Low
V1265,Vendor_664_Corp,Chemicals,22,3376,3118,2187,1215,1883,12,2.11,3.0,28.0,0.2923,374914.0,High Risk
V6848,Vendor_982_Corp,Packaging,9,3888,1037,74,391,585,4,4.4,7.0,52.0,0.223,470047.0,high
V7494,Vendor_686_Inc,Chemicals,12,2964,1156,406,1008,35,28,3.78,6.0,56.0,0.2196,63253.0,High
V6854,Vendor_453_Corp,Packaging,4,4399,1348,1302,482,1139,1,4.33,10.0,32.0,0.2681,212891.0,high
V2906,Vendor_479_Ltd,Food & Beverage,9,2483,1038,681,973,1035,16,4.85,4.0,17.0,0.201,204421.0,Low Risk
V8656,Vendor_374_Co,IT Hardware,28,4238,1528,1181,1022,436,25,4.72,10.0,8.0,0.1567,191984.0,low
V3385,Vendor_118_Co,IT Hardware,3,3142,27,25,6,23,11,4.43,2.0,43.0,0.1728,179387.0,high
V2857,Vendor_280_Ltd,Textiles,12,4453,3488,2142,3133,1375,6,3.66,3.0,70.0,0.1308,150436.0,YES
V6166,Vendor_914_LLC,Chemicals,8,2069,995,295,699,692,27,3.2,1.0,11.0,0.1465,29863.0,High Risk
V3833,Vendor_305_LLC,IT Hardware,23,4014,313,61,228,25,6,2.23,6.0,28.0,0.1414,468790.0,0
V6405,Vendor_142_Co,Packaging,11,3321,482,330,434,389,4,2.28,9.0,3.0,0.2588,103069.0,0
V5704,Vendor_990_LLC,Textiles,10,579,227,110,99,148,7,4.9,6.0,25.0,0.0252,161554.0,NO
V9667,Vendor_489_Ltd,Chemicals,21,4115,2561,733,2105,883,15,2.06,,66.0,0.2444,127106.0,high
V8891,Vendor_906_Corp,Chemicals,1,1777,909,861,95,358,13,3.82,5.0,64.0,0.0361,76053.0,1
V8119,Vendor_605_Corp,Chemicals,30,2673,2413,623,2147,1598,19,2.23,7.0,51.0,0.1671,367015.0,0
V6129,Vendor_966_LLC,Textiles,25,3849,2959,1889,1395,351,23,3.25,8.0,58.0,0.2559,16783.0,Low
V6859,Vendor_108_Corp,Machinery,27,86,86,44,85,43,22,2.58,1.0,19.0,0.2339,255439.0,1
V9308,Vendor_759_LLC,Packaging,20,1562,291,114,211,84,20,2.99,6.0,11.0,0.0289,400172.0,High
V4264,Vendor_160_LLC,IT Hardware,15,1115,526,296,413,213,8,4.49,10.0,44.0,0.1759,330305.0,NO
V6565,Vendor_906_Corp,Office Supplies,21,1802,407,284,121,298,15,3.68,3.0,50.0,0.0605,355451.0,1
V7176,Vendor_724_Co,IT Hardware,22,4789,3343,724,774,1412,27,2.46,10.0,71.0,0.0744,169095.0,
V8734,Vendor_645_Ltd,Chemicals,19,1293,1233,964,21,376,4,2.69,4.0,15.0,0.2328,208449.0,
V1025,Vendor_427_Ltd,Electronics,11,1078,805,425,245,321,19,4.27,8.0,65.0,,,high
V6825,Vendor_885_Co,Textiles,20,3562,3039,104,546,2173,21,4.89,7.0,2.0,0.2564,220752.0,1
V3146,Vendor_223_Ltd,Electronics,30,905,295,232,291,68,21,4.34,10.0,6.0,0.2143,28427.0,0
V8000,Vendor_135_Co,IT Hardware,29,2285,316,131,306,259,11,4.44,1.0,37.0,0.1792,420658.0,YES
V7915,Vendor_101_Inc,Packaging,14,4705,2352,1754,2067,2340,15,,3.0,19.0,0.2323,159588.0,
V8079,Vendor_397_LLC,Automotive,9,4544,2574,552,2426,1962,21,4.58,7.0,71.0,0.0952,310716.0,0
V6737,Vendor_884_Ltd,Raw Materials,5,2370,1594,1108,916,220,6,2.02,7.0,55.0,0.2153,236143.0,1
V5741,Vendor_116_Inc,IT Hardware,25,1213,652,223,161,275,19,4.58,5.0,64.0,0.2665,312063.0,
V8394,Vendor_353_LLC,Office Supplies,29,2043,310,208,240,81,14,2.38,8.0,55.0,0.1317,228759.0,Low Risk
V1002,Vendor_283_Ltd,Textiles,26,968,494,409,40,395,21,2.74,1.0,7.0,0.0334,409622.0,YES
V6119,Vendor_460_Corp,IT Hardware,17,2906,2725,1732,210,1178,7,2.46,8.0,29.0,0.2542,184560.0,High Risk
V3677,Vendor_873_LLC,Textiles,16,1294,177,166,142,7,19,4.91,1.0,53.0,0.1998,216972.0,NO
V3437,Vendor_160_Co,Packaging,21,3781,2691,556,1321,776,19,3.93,3.0,69.0,0.0803,296713.0,High Risk
V9612,Vendor_781_Corp,Food & Beverage,5,1038,527,277,215,367,8,4.34,2.0,64.0,0.1039,133885.0,0
V4462,Vendor_237_Inc,Textiles,16,3687,144,71,59,25,26,3.21,,65.0,0.0243,422457.0,low
V4291,Vendor_498_Inc,Raw Materials,26,32,18,1,15,18,17,6.0,6.0,51.0,0.2359,94550.0,high
V9948,Vendor_302_Corp,Food & Beverage,13,1608,739,534,52,374,27,3.63,1.0,41.0,0.0753,72180.0,high
V3613,Vendor_199_Corp,Packaging,7,10,4,3,3,4,21,2.57,7.0,48.0,,219883.0,YES
V6139,Vendor_528_LLC,Textiles,23,268,56,12,1,28,7,3.23,10.0,61.0,0.2618,386790.0,NO
V2893,Vendor_609_Co,Office Supplies,27,2652,1968,795,1117,22,20,3.92,3.0,55.0,0.152,286018.0,NO
V6099,Vendor_626_LLC,Automotive,27,470,268,10,51,235,7,3.28,3.0,67.0,0.2955,115987.0,0
V4213,Vendor_282_Inc,IT Hardware,14,3560,2506,1569,1527,1560,26,,8.0,56.0,TBD,73800.0,1
V6423,Vendor_496_LLC,Machinery,11,4595,591,213,483,553,-1,4.59,6.0,9.0,0.0488,11032.0,High
V8366,Vendor_856_Corp,Food & Beverage,26,3355,119,43,29,73,23,3.77,7.0,52.0,0.2042,63387.0,low
V6887,Vendor_330_LLC,Automotive,10,790,321,124,114,138,27,2.63,10.0,18.0,0.1252,238872.0,High Risk
V9346,Vendor_325_LLC,Food & Beverage,27,2345,1756,689,618,846,11,4.66,1.0,1.0,0.1863,480910.0,
V9330,Vendor_661_Corp,Chemicals,19,4780,653,605,426,623,28,4.08,2.0,71.0,0.1948,36134.0,low
V3014,Vendor_950_LLC,Automotive,9,4385,572,307,91,404,29,3.3,10.0,65.0,0.2872,167882.0,YES
V1799,Vendor_904_Ltd,Packaging,17,481,283,111,240,16,14,4.07,10.0,24.0,0.0633,385794.0,
V7242,Vendor_830_Co,Electronics,12,1784,835,256,440,188,10,,3.0,N/A,,411179.0,Low Risk
V1922,Vendor_246_Ltd,IT Hardware,19,4907,380,312,166,312,1,,4.0,51.0,0.1814,36651.0,
V9710,Vendor_367_Corp,Electronics,25,355,210,178,190,203,11,2.27,7.0,27.0,0.1713,192922.0,1
V3187,Vendor_760_Inc,Chemicals,12,2763,767,389,286,628,24,Excellent,6.0,18.0,0.0762,201187.0,1
V3099,Vendor_947_LLC,Food & Beverage,9,1107,208,60,51,68,23,2.67,7.0,19.0,0.248,72241.0,1
V2683,Vendor_414_LLC,Automotive,19,2200,867,472,472,18,6,4.17,5.0,38.0,0.1211,168157.0,High Risk
V9929,,Electronics,25,3726,3383,1439,2737,3172,30,10.0,,10.0,0.161,300677.0,Low
V9154,Vendor_505_Corp,Office Supplies,24,3088,313,190,185,4,23,4.78,TBD,32.0,0.2608,115922.0,0
V6769,Vendor_737_Co,Office Supplies,28,1641,923,903,126,490,22,3.47,2.0,10.0,0.271,236906.0,
V6518,Vendor_710_Inc,Electronics,7,1696,1173,849,466,526,18,3.69,6.0,37.0,,229316.0,
V2377,Vendor_482_Inc,Packaging,3,3782,3707,3560,2345,2084,18,2.94,6.0,48.0,0.0502,223390.0,High
V1009,Vendor_662_Co,Packaging,17,2058,1331,213,179,796,19,3.39,,14.0,0.2635,346661.0,0
V5794,Vendor_396_Co,Chemicals,28,4370,2302,2206,689,1325,17,4.96,2.0,18.0,,412928.0,high
V9627,Vendor_763_Ltd,Automotive,8,664,277,49,30,259,30,2.92,2.0,71.0,0.1526,184810.0,0
V1506,Vendor_789_Co,Office Supplies,16,4174,1044,440,441,107,7,2.69,6.0,20.0,0.1675,316134.0,0
V5805,Vendor_446_Co,IT Hardware,9,4423,3880,3254,2007,1802,4,3.5,4.0,49.0,0.1546,379724.0,0
V4845,Vendor_458_Corp,Raw Materials,17,142,90,69,5,76,15,2.34,2.0,31.0,0.0612,300035.0,Low
V6848,Vendor_673_Corp,Electronics,25,1334,530,239,48,294,30,3.64,6.0,67.0,0.1064,97671.0,Low
V3081,Vendor_117_Inc,Food & Beverage,26,838,218,170,135,86,22,3.39,3.0,61.0,,390113.0,low
V5709,Vendor_306_LLC,Machinery,7,276,208,138,167,42,22,4.82,4.0,7.0,0.2363,,Low Risk
V9889,Vendor_663_Ltd,Raw Materials,19,1133,943,231,111,372,2,2.86,3.0,,0.1965,,Low
V5838,Vendor_844_Inc,Automotive,21,642,553,189,24,75,20,3.16,10.0,68.0,0.2097,60678.0,
V8496,Vendor_770_LLC,IT Hardware,5,4764,443,435,363,155,15,4.09,5.0,19.0,0.0629,422715.0,NO
V9373,Vendor_409_LLC,Textiles,7,1729,1107,373,291,729,5,3.63,10.0,26.0,0.176,155084.0,High
V4263,Vendor_742_Co,Machinery,17,177,123,102,92,35,15,2.47,8.0,2.0,0.1426,,Low
V4824,Vendor_685_Corp,Textiles,11,2222,1821,213,1216,1562,29,4.89,8.0,57.0,0.2572,488481.0,1
V8650,Vendor_746_Inc,Raw Materials,3,4756,2776,2314,753,2627,14,3.62,7.0,15.0,0.2158,464763.0,high
V9047,Vendor_304_Corp,Office Supplies,28,2154,1066,913,439,584,3,3.36,8.0,12.0,0.2432,444296.0,Low
V2723,Vendor_875_Corp,Food & Beverage,18,2390,1741,1521,1617,495,20,4.54,1.0,62.0,0.1607,303305.0,YES
V9548,Vendor_879_Inc,Textiles,28,291,150,25,72,30,5,2.71,4.0,69.0,0.2525,354346.0,1
V6762,Vendor_737_Corp,Packaging,4,1865,1846,761,690,1267,13,3.31,7.0,10.0,0.1307,217714.0,0
V7614,Vendor_774_Ltd,Packaging,10,638,589,519,115,288,17,2.26,,63.0,0.1896,303536.0,Low Risk
V8833,Vendor_808_Inc,Textiles,27,1430,660,403,462,626,8,2.28,8.0,62.0,0.0201,212421.0,0
V4792,Vendor_260_Inc,Raw Materials,15,858,319,4,175,43,28,3.76,1.0,40.0,,21212.0,High Risk
V4199,Vendor_941_Corp,Textiles,27,543,204,99,143,179,22,2.01,7.0,37.0,0.167,427174.0,YES
V4319,Vendor_243_Inc,IT Hardware,12,2141,399,290,89,260,27,2.29,1.0,55.0,0.266,440246.0,NO
V4501,Vendor_275_Corp,Raw Materials,3,1811,592,289,430,234,20,4.28,8.0,5.0,0.0203,446481.0,1
V9721,Vendor_601_Co,Chemicals,16,2461,2431,1377,2077,2087,27,2.05,6.0,15.0,0.294,307028.0,High
V8340,Vendor_674_Co,Food & Beverage,26,2554,310,32,70,143,9,3.73,9.0,50.0,0.2874,73453.0,YES
V3984,Vendor_332_Inc,Raw Materials,15,1931,1599,269,639,354,21,3.37,3.0,11.0,0.2875,56177.0,low
V3449,Vendor_243_Co,Machinery,4,4334,3099,2769,2601,2169,5,4.14,5.0,19.0,0.21,32273.0,1
V2930,Vendor_794_Ltd,Machinery,20,1159,215,181,83,177,29,4.11,6.0,11.0,0.2037,420185.0,High Risk
V1442,Vendor_755_LLC,Electronics,13,2122,447,326,34,58,1,3.47,4.0,52.0,0.1949,107903.0,0
V3236,Vendor_984_Corp,Chemicals,25,3152,780,613,520,764,26,4.56,6.0,65.0,0.0802,2344.0,High
V4215,Vendor_817_Corp,Office Supplies,24,4309,898,67,431,368,21,4.2,3.0,5.0,0.1902,27585.0,High
V2110,Vendor_683_Inc,Textiles,11,1190,427,151,413,119,24,4.82,5.0,67.0,0.0203,99999999.0,High
V7737,Vendor_459_Ltd,Electronics,6,2049,356,91,211,217,8,2.6,2.0,,0.2904,179128.0,
V3112,Vendor_396_Corp,IT Hardware,2,4137,179,42,153,70,26,4.92,4.0,51.0,0.1485,280167.0,High Risk
V4729,Vendor_655_LLC,Raw Materials,30,3242,2824,1409,1011,1374,17,2.32,9.0,72.0,0.1225,440558.0,High
V6196,Vendor_871_Inc,Textiles,3,789,425,370,154,140,18,4.32,8.0,7.0,0.118,366144.0,low
V6537,Vendor_775_Inc,Raw Materials,16,4032,2690,1845,525,938,5,3.38,9.0,38.0,0.1366,313005.0,YES
V1506,Vendor_366_Corp,Chemicals,25,3797,110,65,71,88,30,3.09,1.0,52.0,0.2016,120942.0,high
V9022,Vendor_615_Ltd,IT Hardware,14,112,85,59,12,18,8,2.74,9.0,63.0,0.2278,324110.0,YES
V4409,Vendor_383_Corp,Machinery,4,1806,950,788,641,675,26,2.45,8.0,64.0,0.0529,352347.0,0
V4820,Vendor_439_LLC,Machinery,24,2132,1903,1735,326,307,24,3.81,9.0,17.0,0.1571,280655.0,1
V5766,Vendor_285_Inc,Electronics,3,1373,964,813,375,602,29,4.82,6.0,,0.1093,168427.0,low
V7926,Vendor_941_Corp,Office Supplies,1,4963,675,645,660,621,28,4.27,9.0,20.0,0.1686,214392.0,YES
V1471,Vendor_875_Corp,Textiles,26,3896,1671,1502,729,1326,16,3.28,2.0,66.0,0.1486,209733.0,0
V4306,Vendor_124_Co,Electronics,2,2446,958,211,654,485,19,2.1,3.0,11.0,0.2584,119636.0,Low 
V2886,Vendor_476_LLC,Office Supplies,23,49,1,1,1,1,10,2.54,7.0,49.0,0.0059,305262.0,RISK
V1017,Vendor_272_Co,Chemicals,9,4798,4493,369,1149,3540,5,3.95,1.0,30.0,0.2908,186479.0,High Risk
V2284,Vendor_855_Inc,Textiles,16,138,85,79,38,85,4,2.2,8.0,41.0,0.061,,
V1232,Vendor_633_Corp,Packaging,17,4003,3088,2463,1022,33,18,4.42,10.0,2.0,0.0989,344085.0,High Risk
V6183,Vendor_321_Inc,Electronics,19,2266,2242,1774,1125,265,1,4.01,4.0,45.0,0.2205,40791.0,High Risk
V4717,Vendor_735_Ltd,Office Supplies,9,2584,2391,1567,764,686,23,4.84,5.0,28.0,0.1716,380314.0,NO
V9620,Vendor_922_Inc,Raw Materials,23,2895,2016,1397,30,1076,7,3.94,7.0,13.0,0.0157,326753.0,YES
V6449,Vendor_715_Co,Office Supplies,21,4268,929,603,745,509,7,4.19,5.0,53.0,0.1031,391125.0,High Risk
V9487,Vendor_415_Corp,Chemicals,17,4494,4031,9,365,23,6,4.63,10.0,32.0,0.2597,366301.0,
V7165,Vendor_553_Ltd,Electronics,2,3535,487,196,230,161,6,3.67,5.0,22.0,0.1474,71510.0,
V6343,Vendor_138_Ltd,Textiles,19,947,345,86,10,275,17,4.7,5.0,3.0,0.2088,309275.0,0
V7998,Vendor_494_LLC,Packaging,21,1171,2,0,0,0,10,2.68,7.0,15.0,0.1475,58742.0,1
V6770,Vendor_733_Co,Electronics,6,3496,1775,738,1237,1271,22,2.69,5.0,17.0,0.0699,421536.0,High Risk
V2048,Vendor_944_Ltd,IT Hardware,26,2266,826,7,146,456,8,3.58,10.0,63.0,0.1381,303059.0,0
V9241,Vendor_509_Ltd,Textiles,2,2846,226,43,152,80,8,3.95,1.0,35.0,0.0026,410401.0,NO
V6361,Vendor_464_Co,Food & Beverage,18,3890,1010,228,648,3,5,4.35,6.0,63.0,0.2956,318074.0,High Risk
V1990,Vendor_311_Ltd,Automotive,14,3914,346,28,330,80,9,2.33,2.0,70.0,0.1846,155747.0,low
V7588,Vendor_274_Ltd,IT Hardware,19,1041,311,42,255,182,25,3.14,3.0,4.0,0.1587,332049.0,High
V7771,Vendor_318_Corp,Automotive,3,870,602,541,199,417,25,3.9,3.0,51.0,0.0052,494781.0,low
V8651,Vendor_638_Co,Automotive,10,4173,4082,2933,3710,2631,12,4.56,8.0,46.0,0.1396,305598.0,low
V6573,Vendor_255_Inc,Textiles,27,2650,606,280,183,207,2,2.0,6.0,67.0,0.2513,162952.0,Low Risk
V5953,Vendor_303_Corp,Office Supplies,11,1735,356,330,42,88,17,3.97,4.0,32.0,0.2077,115316.0,high
V4704,Vendor_253_Corp,IT Hardware,15,3748,777,88,181,286,19,4.87,5.0,,0.2431,368146.0,high
V2858,Vendor_957_Co,IT Hardware,26,1793,1009,947,932,821,7,2.44,8.0,51.0,0.1276,476784.0,0
V7622,Vendor_554_Inc,Raw Materials,22,339,262,175,42,233,22,4.71,2.0,4.0,0.2827,67870.0,low
V2572,Vendor_725_Co,Machinery,5,3614,1871,941,728,814,25,2.21,1.0,21.0,0.2972,48007.0,high
V9911,Vendor_299_LLC,Electronics ,16,4647,3165,355,2163,1244,19,Poor,1.0,63.0,0.1626,23847.0,0
V1079,Vendor_103_Co,Automotive,19,3313,1857,490,1215,227,25,4.33,2.0,16.0,0.0756,213962.0,
V3230,Vendor_304_Corp,IT/IS,15,367,185,58,112,13,3,4.43,10.0,41.0,0.2041,3413.0,low
V2920,Vendor_181_Corp,IT Hardware,21,4521,819,392,806,695,10,3.66,8.0,2.0,0.2137,496465.0,Low Risk
V6709,Vendor_215_Corp,Automotive,24,975,650,572,226,375,7,2.42,8.0,45.0,0.2462,66631.0,0
V2913,Vendor_346_Corp,Food & Beverage,24,275,6,1,2,3,4,3.77,8.0,72.0,0.1245,410298.0,NO
V1428,Vendor_827_Co,Electronics,25,4019,2157,428,378,131,22,2.92,4.0,64.0,0.0181,201269.0,1
V5202,Vendor_654_Corp,Chemicals,20,3615,1111,965,474,531,24,4.23,9.0,60.0,0.1368,426696.0,YES
V1010,Vendor_184_LLC,Office Supplies,15,1925,645,274,85,181,29,2.94,10.0,46.0,0.2616,32206.0,0
V8009,Vendor_338_LLC,Machinery,17,4320,2707,469,2681,2669,4,2.59,1.0,41.0,0.1448,349510.0,High
V3119,Vendor_124_Ltd,Office Supplies,30,3160,1806,1278,1301,245,29,4.24,1.0,45.0,0.143,427090.0,YES
V6228,Vendor_304_Ltd,Food & Beverage,21,4799,2626,750,768,619,10,4.33,3.0,53.0,0.2276,34097.0,high
V9859,Vendor_743_Corp,Machinery,18,747,168,157,29,163,11,2.41,6.0,10.0,0.2416,423727.0,high
V2310,Vendor_861_Corp,Textiles,6,3686,2298,927,1100,1792,22,3.61,4.0,35.0,0.1913,182906.0,
V4632,Vendor_999_Co,Chemicals,8,3041,413,97,52,378,30,4.85,7.0,49.0,0.0221,431878.0,1
V5093,Vendor_757_Corp,Office Supplies,5,351,31,3,20,16,6,4.14,7.0,39.0,0.1749,98397.0,1
V1005,Vendor_884_Corp,Office Supplies,19,20,3,1,2,2,11,4.36,8.0,25.0,0.2369,7061.0,1
V2559,,Chemicals,15,2036,1719,1062,48,801,29,2.36,,7.0,0.2542,161175.0,YES
V2417,Vendor_143_Ltd,Electronics,30,3406,1899,1643,96,912,4,4.23,2.0,30.0,0.1893,3270.0,1
V9845,Vendor_517_Co,Packaging,13,3013,244,134,106,44,10,4.88,4.0,39.0,0.1315,27496.0,YES
V6958,Vendor_327_Inc,Food & Beverage,27,327,178,51,79,2,10,3.71,4.0,6.0,0.2062,35604.0,
V6982,Vendor_276_LLC,Electronics,23,1491,719,392,406,169,12,4.71,1.0,45.0,High,422001.0,1
V8028,Vendor_917_Corp,Machinery,18,4835,1220,241,946,888,28,2.71,8.0,68.0,0.1291,215691.0,High
V2699,Vendor_604_Inc,Office Supplies,12,4132,364,217,255,55,3,,7.0,60.0,0.2236,350453.0,high
V5697,Vendor_287_Ltd,Raw Materials,14,1814,1607,580,244,844,25,3.05,8.0,10.0,0.1844,332654.0,0
V9361,Vendor_556_Corp,Food & Beverage,5,1692,1468,1194,1001,186,17,3.25,10.0,8.0,0.1676,353724.0,
V1484,Vendor_305_Inc,Packaging,13,3873,511,496,257,10,17,4.04,9.0,36.0,0.2746,278850.0,
V5847,Vendor_184_Inc,Automotive,15,3870,3594,3324,1439,1113,10,2.81,2.0,44.0,0.1998,91762.0,0
V2364,Vendor_389_Co,Office Supplies,1,1738,1642,1237,1322,908,29,4.36,6.0,59.0,0.0908,451474.0,1
V5366,Vendor_400_Ltd,Food & Beverage,3,3522,2825,897,2234,2008,8,2.92,3.0,44.0,0.2233,337177.0,
V7941,Vendor_255_Corp,Chemicals,23,3945,1253,636,174,863,11,4.18,9.0,40.0,0.2038,272156.0,NO
V7159,Vendor_247_Co,Machinery,8,4143,4086,373,3551,3109,12,3.27,10.0,7.0,0.0961,466366.0,High Risk
V8995,Vendor_227_Corp,Food & Beverage,25,35,34,18,34,25,25,2.48,10.0,68.0,0.1894,435491.0,Low Risk
V9879,Vendor_416_Ltd,Food & Beverage,4,4790,3091,2849,1208,1595,24,3.81,8.0,14.0,0.0912,119859.0,YES
V5672,Vendor_819_Co,Chemicals,14,3039,1573,694,31,1454,23,4.0,6.0,47.0,0.1264,310945.0,
V1886,Vendor_227_Inc,Office Supplies,7,1275,866,634,639,799,27,4.74,1.0,17.0,0.1821,314585.0,YES
V8058,Vendor_932_Co,Packaging,30,1724,1463,484,847,986,4,3.77,10.0,16.0,0.2917,430703.0,Low Risk
V6800,Vendor_400_Inc,Packaging,5,1451,410,360,280,51,15,4.9,9.0,61.0,0.1311,408998.0,0
V6018,Vendor_266_Ltd,Automotive,6,2768,2653,410,766,1466,25,2.07,10.0,59.0,0.1781,365117.0,high
V3585,Vendor_135_Inc,Electronics,24,1858,895,540,385,50,26,2.38,2.0,,0.0809,181585.0,low
V8091,Vendor_574_LLC,Machinery,9,2187,2166,316,963,600,10,4.58,7.0,70.0,0.0623,294052.0,
V2801,Vendor_418_Corp,Electronics,14,2650,1452,1233,582,281,16,4.06,10.0,33.0,0.2899,101394.0,0
V1400,Vendor_725_Co,Machinery,24,855,426,311,89,38,2,3.79,3.0,38.0,0.2576,188046.0,0
V6991,Vendor_354_Co,Food & Beverage,29,4029,1506,603,404,594,6,3.34,10.0,47.0,0.1637,281292.0,1
V3083,Vendor_937_LLC,Chemicals,28,1302,808,112,730,675,30,3.75,5.0,44.0,0.2181,92380.0,High
V6543,Vendor_340_LLC,Electronics,28,1817,474,156,92,83,27,4.59,2.0,63.0,0.1595,48056.0,0
V6172,Vendor_814_Corp,Automotive,24,4887,3550,1177,2761,3374,15,4.04,6.0,33.0,0.1498,260996.0,low
V7771,Vendor_455_LLC,IT Hardware,28,2940,1777,518,310,1277,19,3.96,1.0,41.0,0.0852,43793.0,low
V7277,Vendor_339_Ltd,Office Supplies,3,3431,1610,943,1542,83,19,3.54,7.0,,0.1085,159962.0,Low Risk
V7776,Vendor_819_Ltd,Chemicals,19,2158,2071,327,449,743,15,2.27,7.0,58.0,0.2969,14408.0,high
V2799,Vendor_613_Ltd,Machinery,21,4569,3569,2853,882,2067,1,2.36,9.0,Slow,0.0111,256665.0,Low Risk
V5033,Vendor_292_LLC,Textiles,22,2522,356,102,103,250,10,4.52,9.0,13.0,0.1802,157877.0,High
V3241,Vendor_435_Inc,Office Supplies,15,2730,1454,866,1057,1375,22,4.5,2.0,72.0,0.2285,342300.0,Low
V1033,Vendor_159_Corp,Office Supplies,23,4959,3991,347,2472,253,19,TBD,7.0,13.0,0.113,97576.0,Low
V3612,Vendor_824_Corp,Packaging,29,3389,1349,426,857,756,24,2.74,1.0,48.0,0.0138,349261.0,Low
V2419,Vendor_245_Inc,Textiles,14,245,21,12,10,12,5,,10.0,45.0,0.0193,444541.0,Low
V4661,Vendor_597_Inc,Automotive,26,3428,2792,1484,1321,1879,24,4.4,6.0,N/A,0.0991,90371.0,0
V9413,Vendor_204_Corp,Electronics,27,1893,24,19,20,23,24,3.33,9.0,2.0,0.2422,439199.0,High Risk
V4977,Vendor_685_Co,Electronics ,22,3399,1588,173,1484,1145,13,2.51,5.0,39.0,0.0805,77511.0,1
V1676,Vendor_675_Ltd,Electronics,26,2017,905,843,685,258,25,4.58,5.0,42.0,0.037,496058.0,high
V2642,Vendor_795_Inc,Office Supplies,15,444,304,43,137,30,8,2.33,2.0,Slow,0.0553,96566.0,high
V4732,Vendor_892_Inc,Raw Materials,5,2423,583,4,407,464,22,4.73,7.0,12.0,0.053,218920.0,1
V7361,Vendor_625_Corp,Machinery,2,654,445,286,385,31,10,4.18,1.0,1.0,0.2593,172300.0,YES
V7803,Vendor_868_LLC,Textiles,8,962,704,691,513,512,19,3.06,2.0,18.0,0.2227,402034.0,high
V8847,Vendor_967_Ltd,Textiles,22,4281,2470,1876,127,249,4,3.47,8.0,10.0,0.2698,169879.0,Low Risk
V4388,Vendor_665_Co,Office Supplies,1,1907,1364,570,288,196,20,4.71,9.0,69.0,0.2397,4494.0,
V1377,Vendor_505_Co,Textiles,9,4419,2256,4,1389,1553,25,2.54,5.0,66.0,0.2163,356369.0,NO
V1792,Vendor_414_Co,Textiles,17,2072,1162,613,592,235,20,4.79,7.0,29.0,0.1371,208909.0,high
V4776,Vendor_241_Inc,Electronics,30,1359,1237,339,177,505,13,2.22,7.0,37.0,0.1213,188474.0,high
V5365,Vendor_354_Co,Office Supplies,4,4730,4322,2359,3701,2730,17,4.84,7.0,4.0,0.0759,,1
V4429,Vendor_281_Corp,Office Supplies,11,368,330,163,144,127,19,4.11,5.0,25.0,0.0422,365972.0,High
V9393,Vendor_406_Co,Packaging,23,3719,3296,546,565,1690,24,4.81,4.0,26.0,0.0629,375543.0,High
V5813,Vendor_923_Corp,Food & Beverage,19,2873,216,46,166,158,20,4.99,10.0,57.0,0.1421,295098.0,High Risk
V6935,Vendor_866_Corp,Office Supplies,27,3314,1377,1049,656,746,10,2.7,7.0,5.0,0.0924,54264.0,0
V8274,Vendor_153_Co,Electronics,2,4293,842,399,706,315,25,3.13,4.0,32.0,0.1124,126063.0,1
V6721,Vendor_184_LLC,Electronics,14,282,232,189,178,6,20,3.25,3.0,9.0,0.2338,281352.0,1
V3970,Vendor_327_Corp,Packaging,21,2778,2767,2456,1192,1469,18,4.76,3.0,68.0,0.1161,25164.0,High
V7606,Vendor_193_Corp,Office Supplies,17,1557,778,576,87,306,29,3.5,10.0,35.0,0.2374,315521.0,YES
V5405,Vendor_899_Co,Packaging,28,2550,751,312,581,83,20,,9.0,38.0,0.2494,170007.0,YES
V3993,Vendor_966_Ltd,Food & Beverage,26,2949,2371,1125,1656,1987,30,4.65,1.0,72.0,0.2535,256943.0,0
V3984,Vendor_600_LLC,Food & Beverage,19,4981,1832,809,604,1375,12,,4.0,67.0,0.2165,53190.0,high
V4925,Vendor_410_Corp,Automotive,22,1543,1025,5,188,595,6,2.85,4.0,71.0,0.1556,212663.0,low
V9939,Vendor_635_Co,Food & Beverage,28,4140,3248,588,913,810,2,4.61,1.0,,0.0198,365282.0,0
V8529,Vendor_211_Ltd,IT Hardware,24,840,61,21,45,50,20,2.91,10.0,12.0,0.2127,411892.0,NO
V3338,Vendor_224_Corp,IT Hardware,25,3996,635,183,604,572,7,3.09,3.0,40.0,0.2677,352888.0,1
V7004,Vendor_565_LLC,Office Supplies,18,2794,1306,185,612,1229,4,3.14,1.0,42.0,0.1862,220908.0,0
V3947,Vendor_602_LLC,Chemicals,20,1761,461,460,272,33,24,2.13,5.0,7.0,,,Low Risk
V7575,Vendor_363_Inc,Textiles,23,3422,488,38,153,477,21,2.25,2.0,65.0,0.0723,398540.0,Low Risk
V4912,Vendor_925_Corp,Raw Materials,19,2026,703,500,690,438,25,3.32,10.0,22.0,0.2158,488055.0,1
V6771,Vendor_393_Inc,Machinery,28,2515,466,226,32,333,19,3.13,9.0,4.0,0.1467,286922.0,1
V6961,Vendor_253_Ltd,Food & Beverage,2,2534,337,36,164,218,30,2.25,6.0,,0.0486,211214.0,
V2239,Vendor_452_Inc,Electronics,20,3615,2507,375,543,1697,17,4.75,6.0,52.0,0.1806,44490.0,0
V1942,Vendor_897_Ltd,Food & Beverage,5,4306,1357,1170,494,119,27,2.96,5.0,,0.2447,28162.0,Low Risk
V4478,Vendor_659_Ltd,Machinery,1,1320,136,39,20,61,2,4.05,1.0,31.0,0.195,429217.0,
V4895,Vendor_803_Inc,Textiles,25,4714,4473,3793,3911,3763,9,4.84,9.0,34.0,0.1928,236060.0,NO
V5098,Vendor_172_Co,Automotive,16,4256,1281,836,416,976,22,4.24,4.0,24.0,0.0558,30648.0,NO
V7880,Vendor_970_Corp,Textiles,18,4025,801,696,293,388,24,3.72,10.0,20.0,0.2916,135089.0,low
V4364,Vendor_324_Inc,Packaging,5,4970,2092,1318,429,1028,29,4.74,4.0,25.0,0.0069,49194.0,1
V3545,Vendor_339_Corp,Packaging,29,2484,1464,997,917,786,2,2.56,6.0,15.0,0.016,393062.0,
V1086,Vendor_113_Corp,Automotive,24,3155,1827,1737,1338,516,30,4.14,8.0,55.0,0.2732,308146.0,Low Risk
V3145,Vendor_482_Corp,Chemicals,12,4195,2262,1860,206,1657,20,2.65,1.0,10.0,0.1527,462204.0,High
V1897,Vendor_222_Co,Electronics,18,494,311,151,123,269,16,4.62,6.0,25.0,0.1362,156862.0,1
V8689,Vendor_307_Co,Machinery,8,4858,3780,1948,2317,2596,28,4.5,7.0,12.0,,,Low
V3944,Vendor_455_Co,Office Supplies,22,640,503,260,172,58,15,2.54,10.0,10.0,,153656.0,0
V6196,Vendor_210_LLC,Textiles,29,4732,4190,1921,1993,576,5,2.84,9.0,25.0,0.0245,176269.0,
V2653,Vendor_434_Inc,Electronics,17,4080,1359,994,1175,99,18,2.0,7.0,26.0,0.1718,273934.0,High
V1887,Vendor_573_Co,IT Hardware,14,1724,1251,1056,674,1162,12,3.52,Good,58.0,0.1522,117899.0,YES
V4402,Vendor_248_Corp,Office Supplies,4,1837,1795,111,1648,1091,28,4.51,7.0,13.0,0.2678,476118.0,
V4227,Vendor_496_Co,Food & Beverage,3,2285,324,249,158,145,22,Excellent,7.0,31.0,0.1511,369330.0,low
V8705,Vendor_518_Corp,Food & Beverage,20,2902,1293,193,460,267,27,2.9,9.0,4.0,0.2912,356009.0,0
V5161,Vendor_276_Corp,Electronics,19,3018,2595,2096,2209,1963,9,2.7,9.0,6.0,0.1045,148585.0,YES
V7094,Vendor_760_Ltd,Automotive,24,114,85,67,75,62,9,4.61,,45.0,0.0243,295243.0,Low 
V2937,Vendor_805_Inc,Packaging,2,2367,1864,12,587,1675,11,4.0,7.0,,0.2295,253907.0,0
V7454,Vendor_998_Ltd,Chemicals,22,3967,2290,1821,314,275,16,4.58,8.0,44.0,0.2508,463876.0,1
V7613,Vendor_634_Co,Automotive,4,4644,1026,986,13,343,5,3.99,2.0,70.0,0.0951,,High Risk
V4915,Vendor_426_LLC,Food & Beverage,17,1240,338,226,203,256,2,,9.0,58.0,0.2765,168566.0,
V7158,Vendor_699_Ltd,Raw Materials,20,1472,581,422,468,165,21,Excellent,3.0,25.0,0.2408,286708.0,0
V5566,Vendor_824_Co,Machinery ,15,1074,59,26,54,11,6,4.63,5.0,28.0,0.1008,268376.0,YES
V4469,Vendor_109_Co,Packaging,21,2018,1766,903,1621,795,28,4.02,1.0,61.0,0.2735,271635.0,0
V5363,Vendor_817_LLC,Chemicals,26,1667,1432,378,769,659,14,,1.0,11.0,0.0639,91373.0,High Risk
V1672,Vendor_343_Inc,Electronics,15,1125,522,295,416,297,30,4.55,10.0,47.0,0.104,185704.0,Low Risk
V8350,Vendor_940_Co,Chem,25,1989,785,67,666,690,13,4.55,2.0,33.0,0.0234,490546.0,High
V9437,Vendor_138_Corp,Machinery,27,3703,137,32,6,45,8,4.53,8.0,67.0,0.0045,60928.0,1
V5222,Vendor_834_Inc,Office Supplies,19,1531,535,225,146,152,30,,6.0,31.0,0.1639,51069.0,0
V4858,Vendor_806_Co,Office Supplies,15,4828,4126,617,1251,3144,29,3.78,2.0,40.0,0.1051,480888.0,
V3579,Vendor_891_Co,Food & Beverage,21,1222,761,418,613,47,13,2.28,10.0,57.0,0.2937,217587.0,
V5801,Vendor_268_Co,Textiles,2,2733,2075,788,1639,1993,3,3.46,7.0,61.0,0.2003,278762.0,low
V8398,Vendor_741_Corp,Automotive,17,1073,738,587,405,80,12,4.44,9.0,,0.1679,73594.0,high
V3400,Vendor_810_Co,Office Supplies,27,2432,1466,476,1443,1404,27,Excellent,9.0,48.0,0.2424,,High Risk
V2909,Vendor_735_Ltd,Chemicals,11,769,431,113,135,25,20,4.61,2.0,65.0,0.1088,329858.0,High
V1547,Vendor_909_Ltd,Textiles,1,878,1,0,1,1,8,4.71,5.0,47.0,0.0666,17522.0,
V5927,Vendor_349_Ltd,Automotive,4,2059,38,0,18,0,28,2.85,2.0,48.0,0.1586,377345.0,1
V6132,Vendor_145_LLC,Food & Beverage,28,4355,3546,580,1066,478,27,2.84,6.0,56.0,0.0849,460767.0,High
V4869,Vendor_445_LLC,Machinery,29,1086,472,198,4,267,7,3.78,10.0,67.0,0.296,220179.0,0
V2820,Vendor_408_Corp,Food & Beverage,10,2656,1210,444,86,954,16,3.9,6.0,60.0,,311865.0,
V9706,Vendor_413_LLC,IT Hardware,30,4432,952,622,429,420,5,2.72,2.0,23.0,0.051,173371.0,high
V6361,Vendor_506_Ltd,Machinery,3,2963,2263,1222,774,1062,3,2.67,9.0,71.0,0.1113,465004.0,1
V4870,Vendor_308_Inc,Automotive,14,4158,968,558,122,272,6,4.95,N/A,48.0,0.1516,295155.0,0
V4788,Vendor_181_LLC,IT Hardware,15,1382,470,27,246,420,5,3.7,9.0,61.0,0.2449,-1000.0,low
V2110,Vendor_206_Corp,IT Hardware,21,2416,515,259,179,367,2,6.0,6.0,39.0,0.2579,8550.0,Low Risk
V8482,Vendor_563_Corp,Food & Beverage,11,4872,4869,695,462,4187,27,3.31,4.0,41.0,0.147,1524.0,
V8430,Vendor_174_Corp,Office Supplies,15,2016,1648,1402,831,609,14,3.45,4.0,,0.182,164883.0,NO
V8472,Vendor_298_Ltd,Automotive,3,3822,424,57,179,228,11,4.67,2.0,52.0,0.0471,389263.0,low
V6805,Vendor_246_Corp,IT Hardware,21,1785,929,300,915,909,27,2.3,5.0,63.0,0.1773,27130.0,High Risk
V2236,,Electronics,4,55,28,26,14,25,24,2.09,4.0,15.0,0.2563,232360.0,
V2728,Vendor_546_Ltd,Office Supplies,7,3418,1891,1835,543,1888,22,3.69,7.0,63.0,0.0352,173958.0,Low
V4132,Vendor_800_Inc,Automotive,27,2831,808,681,524,641,27,3.92,10.0,47.0,0.0735,488461.0,1
V5029,Vendor_373_Co,Raw Materials ,8,4781,485,208,92,339,28,3.73,3.0,34.0,TBD,409425.0,
V6302,Vendor_403_Co,Chemicals,11,3500,913,351,450,802,6,,6.0,35.0,0.2356,217556.0,High Risk
V2641,Vendor_659_Co,Office Supplies,29,3176,194,84,38,8,11,2.44,8.0,10.0,0.2212,421471.0,High Risk
V2305,Vendor_446_Inc,Machinery,30,2262,1121,382,868,284,18,3.0,1.0,40.0,0.0364,355883.0,High Risk
V4335,Vendor_892_Corp,Electronics,2,2689,1906,1294,1556,523,23,2.04,3.0,69.0,0.1571,119258.0,Low
V7033,Vendor_729_Corp,Food & Beverage,3,3336,473,257,167,250,2,3.01,1.0,68.0,0.2555,25727.0,Low
V4023,Vendor_453_Ltd,Automotive,7,4320,697,452,473,178,14,2.7,7.0,68.0,0.0321,117671.0,0
V2636,Vendor_334_LLC,Automotive,7,2255,2254,1093,226,957,16,3.98,8.0,35.0,0.0501,471551.0,High
V8365,Vendor_943_LLC,Food & Beverage,27,923,221,205,120,73,19,2.68,3.0,19.0,0.2056,380475.0,NO
V9704,Vendor_838_Ltd,Packaging,25,1724,536,416,338,94,4,3.04,2.0,17.0,0.0191,,1
V5530,Vendor_841_Co,Automotive,20,1526,392,110,378,247,10,4.94,4.0,38.0,0.0682,95079.0,High
V5307,Vendor_488_Co,IT Hardware,8,4901,531,391,106,193,8,2.38,7.0,51.0,0.2805,47231.0,high
V6806,Vendor_778_Inc,Automotive,28,3644,1284,1206,342,952,1,3.84,9.0,,0.1712,196231.0,High Risk
V1756,Vendor_756_Corp,IT Hardware,27,3644,990,815,181,472,11,4.62,3.0,32.0,,37617.0,0
V2816,Vendor_893_Ltd,Office Supplies,9,386,354,62,307,314,28,3.27,10.0,40.0,0.1901,221675.0,NO
V1673,Vendor_694_LLC,Chemicals,6,3130,1239,808,759,270,17,3.48,N/A,,0.0396,167365.0,NO
V6080,Vendor_,Food & Beverage,14,4584,3565,729,3166,623,9,3.94,2.0,35.0,0.1769,442874.0,Low
V7984,Vendor_112_Co,Textiles,28,2611,2374,345,88,1546,6,2.71,7.0,46.0,0.0179,209235.0,0
V3677,Vendor_777_LLC,Chemicals,2,567,16,2,14,5,29,3.12,8.0,53.0,0.2749,136760.0,YES
V7220,Vendor_504_Inc,Office Supplies,10,2250,1178,249,1174,1112,2,2.86,2.0,45.0,0.2772,344918.0,1 
V5100,Vendor_497_Inc,Textiles,18,1707,851,268,490,27,19,3.16,9.0,62.0,0.2781,114482.0,high
V2561,Vendor_772_Corp,Food & Beverage,27,3052,2905,558,1622,525,10,4.14,2.0,33.0,0.2371,139059.0,1
V2224,Vendor_986_Inc,Textiles,20,4597,745,611,319,5,13,2.25,4.0,52.0,0.0108,245016.0,
V9513,Vendor_319_Inc,Food & Beverage,4,230,144,125,111,87,21,4.11,8.0,67.0,0.2289,72306.0,0
V6447,Vendor_236_Corp,Packaging,18,1985,1501,1345,1286,212,11,4.44,3.0,60.0,0.2942,251888.0,YES
V9053,Vendor_277_Inc,Food & Beverage,30,3209,1168,303,806,252,26,2.41,8.0,27.0,0.0205,452648.0,High Risk
V9117,Vendor_227_Co,Packaging,20,2649,1165,1064,266,943,3,4.86,2.0,34.0,0.0332,380362.0,1
V3915,Vendor_897_Ltd,Office Supplies,9,3954,664,475,528,27,3,4.34,9.0,59.0,0.1104,76550.0,
V5780,Vendor_176_Ltd,IT Hardware,18,413,218,92,197,121,9,3.93,7.0,52.0,0.2794,128760.0,YES
V9504,Vendor_711_Corp,IT Hardware,16,3193,2614,131,2023,2382,24,4.04,9.0,24.0,0.2439,263077.0,YES
V2204,Vendor_442_Co,Food & Beverage,23,1015,453,94,54,308,20,2.54,1.0,2.0,0.2785,431541.0,high
V2123,Vendor_184_Ltd,IT Hardware,25,2883,315,209,15,293,9,3.83,4.0,68.0,0.0525,83989.0,NO
V5891,Vendor_238_Ltd,IT Hardware,25,2289,1719,999,305,1195,3,4.73,2.0,55.0,0.2723,457583.0,1
V5674,Vendor_344_Corp,IT Hardware,15,239,78,24,63,33,23,3.09,3.0,29.0,0.1742,480811.0,0
V1006,Vendor_836_Ltd,Packaging,1,3058,2191,2026,1967,1880,4,2.57,10.0,28.0,0.2514,315903.0,YES
V4918,Vendor_988_Inc,Textiles,14,1878,79,38,45,29,23,3.11,8.0,19.0,0.1278,359379.0,0
V1705,Vendor_644_LLC,Textiles,27,4713,2992,670,1628,2251,30,3.53,6.0,34.0,,285541.0,0
V6443,Vendor_362_Co,Machinery,9,4312,2984,1780,1577,2936,30,3.39,9.0,14.0,0.2379,404157.0,high
V3660,Vendor_779_LLC,Machinery,13,3453,2380,1537,567,67,5,3.47,1.0,52.0,0.1114,128986.0,YES
V5724,Vendor_687_LLC,Packaging,25,1178,537,59,310,193,2,2.52,N/A,2.0,0.1733,137672.0,1
V9660,Vendor_496_Co,Electronics,4,4928,3093,1899,1573,242,29,3.9,1.0,58.0,0.0723,390625.0,Low Risk
V8702,Vendor_,Chemicals,14,1377,492,76,422,152,5,3.89,8.0,61.0,0.0433,493940.0,0
V8095,Vendor_600_LLC,Electronics,24,4963,349,173,99,7,22,3.62,1.0,30.0,0.1686,277453.0,High
V4081,Vendor_962_Inc,Packaging,27,1266,136,120,52,92,29,3.59,2.0,9.0,0.245,218565.0,
V1724,Vendor_141_Ltd,Automotive,2,4857,1220,1174,10,855,14,3.59,8.0,13.0,0.1357,127097.0,1
V7337,Vendor_866_LLC,Raw Materials,17,4449,2602,1278,116,696,2,3.18,1.0,32.0,0.2251,215340.0,1
V6913,Vendor_183_Inc,Machinery,17,2424,329,159,88,172,29,3.14,8.0,12.0,0.0653,183471.0,high
V7680,Vendor_208_LLC,Textiles,17,2865,2663,462,524,70,27,3.43,4.0,61.0,0.0038,142822.0,High
V5768,Vendor_251_Inc,Machinery,27,113,34,3,13,11,21,4.91,1.0,4.0,0.1839,43492.0,YES
V8334,Vendor_795_Ltd,Food & Beverage,13,1152,505,285,277,363,28,3.29,7.0,22.0,0.2525,275511.0,Low Risk
V7597,Vendor_588_Co,Office Supplies,9,1490,706,694,544,564,1,4.06,3.0,17.0,0.0428,,NO
V7606,Vendor_261_Corp,Office Supplies,20,3306,1773,1581,1733,568,26,3.75,10.0,40.0,0.2458,495239.0,Low
V4978,,Chemicals,26,2837,2320,2275,1651,1244,19,2.15,2.0,59.0,0.247,110884.0,high
V9997,Vendor_679_LLC,Textiles,12,2414,2261,425,566,1699,18,4.09,6.0,23.0,0.1415,282433.0,1
V4268,Vendor_863_Corp,Office Supplies,3,876,627,124,57,142,23,4.85,,56.0,0.2375,123198.0,1
V4553,Vendor_702_Ltd,Food & Beverage,14,4462,47,38,31,15,15,2.24,10.0,1.0,0.0734,287964.0,High
V3234,Vendor_780_LLC,Food & Beverage,28,2984,169,142,163,97,28,4.81,1.0,23.0,0.0999,69255.0,YES
V9681,Vendor_322_Ltd,Raw Materials,28,4192,248,56,49,31,26,2.21,4.0,31.0,0.2476,274240.0,Low Risk
V4971,Vendor_532_Inc,Textiles,4,2293,2162,1172,1206,1960,30,4.66,6.0,53.0,0.1663,211796.0,No
V7597,Vendor_494_Ltd,Packaging,13,2105,26,14,0,7,1,2.01,8.0,49.0,0.2887,74006.0,0
V2316,Vendor_253_Co,Office Supplies,18,2870,793,251,90,94,12,4.35,3.0,6.0,0.168,70257.0,Yes
V6633,Vendor_447_Corp,Packaging,3,172,125,121,85,72,6,2.4,5.0,51.0,0.275,59181.0,
V5241,Vendor_834_Inc,Automotive,16,4242,1676,925,1667,687,28,4.09,3.0,28.0,0.2256,247969.0,YES
V7705,Vendor_286_Inc,Packaging,5,3018,2333,1731,2009,760,12,6.0,2.0,45.0,0.0085,374486.0,1
V7715,Vendor_511_Co,Packaging,10,2170,378,293,0,349,29,4.83,1.0,70.0,0.1056,389118.0,0
V7382,Vendor_693_Co,Electronics,2,4628,3594,1216,2170,3236,28,3.04,6.0,63.0,0.2134,110314.0,1
V2076,Vendor_174_Corp,Food & Beverage,2,4388,4221,1308,2106,1227,5,3.63,9.0,31.0,0.1248,382861.0,Low Risk
V7256,Vendor_277_LLC,Automotive,12,3350,1631,484,873,1357,8,4.74,5.0,6.0,0.2893,42919.0,High Risk
V8275,Vendor_767_Co,Machinery ,12,3182,2029,1029,83,527,21,4.06,5.0,33.0,0.1044,,Low Risk
V9795,Vendor_115_Corp,Food & Beverage,19,2067,1590,122,12,1557,17,4.95,8.0,64.0,0.2975,68031.0,1
V8005,Vendor_309_Inc,Machinery,5,3629,98,49,80,61,5,2.6,8.0,16.0,0.1617,308114.0,0
V6657,Vendor_217_Ltd,Raw Materials,19,1062,609,528,203,45,15,2.47,6.0,9.0,0.054,114845.0,High
V4559,Vendor_423_Co,Raw Materials,12,638,180,21,41,103,14,3.43,1.0,23.0,0.288,204829.0,0
V2109,Vendor_612_LLC,Chemicals,3,769,693,38,45,132,23,2.76,9.0,12.0,0.1343,71629.0,High Risk
V8510,Vendor_520_LLC,IT Hardware,25,643,25,6,15,19,21,2.86,7.0,13.0,0.1876,180025.0,
V2366,Vendor_861_Corp,Automotive,16,4181,913,862,437,144,8,4.46,3.0,21.0,0.0294,289329.0,1
V7149,Vendor_506_LLC,Raw Materials,19,895,592,26,319,589,23,4.49,4.0,14.0,0.2092,159116.0,YES
V7352,Vendor_591_Inc,Electronics,22,1411,1100,85,92,662,10,2.45,5.0,25.0,0.0295,484296.0,
V9589,TBD,Raw Materials,9,4690,1606,1149,1261,1506,25,3.29,10.0,12.0,,217836.0,high
V2609,Vendor_549_Co,Packaging,2,4809,664,84,194,492,26,3.89,10.0,4.0,0.2158,186250.0,Low
V7073,Vendor_493_LLC,Office Supplies,11,1296,930,21,911,896,10,3.4,8.0,47.0,0.1694,397812.0,NO
V2257,Vendor_101_LLC,Packaging,7,1851,884,28,372,107,12,3.69,4.0,42.0,0.04,264036.0,0
V7358,Vendor_448_Corp,Electronics,28,1272,1105,929,1041,316,21,2.61,3.0,27.0,0.1119,149559.0,High Risk
V3132,Vendor_375_Corp,Office Supplies,9,454,87,28,62,4,21,4.93,9.0,62.0,0.172,254689.0,High Risk
V3892,Vendor_510_Co,Electronics,8,1216,116,32,13,0,8,4.48,8.0,49.0,0.2159,186515.0,
V6751,Vendor_183_Corp,Raw Materials,11,2242,1122,131,245,1117,9,4.01,8.0,23.0,0.0969,-1000.0,low
V6235,Vendor_648_Corp,Automotive,4,4972,2363,1494,1722,357,21,2.22,7.0,37.0,0.1984,80234.0,
V4249,Vendor_934_Inc,Packaging,12,1671,205,24,125,122,26,3.26,7.0,27.0,0.2989,253123.0,NO
V9388,Vendor_636_Corp,Food & Beverage,7,3149,1106,91,104,374,7,3.62,1.0,37.0,0.0145,259387.0,Low Risk
V9395,Vendor_517_Corp,Electronics,3,725,191,110,114,142,12,3.66,10.0,42.0,0.2591,7470.0,High
V3371,Vendor_666_LLC,Machinery,4,1994,820,304,375,47,8,2.77,8.0,47.0,0.2301,232506.0,high
V8744,Vendor_929_Ltd,Packaging,17,2334,131,100,86,41,10,2.88,7.0,54.0,0.2421,124273.0,
V5967,Vendor_622_Ltd,Chemicals,30,921,912,642,630,196,23,3.48,7.0,52.0,0.2052,439657.0,High
V2811,Vendor_863_Corp,Packaging,12,3032,2601,1082,2563,423,24,3.23,5.0,10.0,0.0429,346879.0,high
V8035,Vendor_545_Inc,Machinery,27,2176,1532,23,1019,1506,25,4.67,5.0,40.0,0.1146,25119.0,High
V9135,Vendor_894_LLC,Machinery,17,769,615,423,140,155,13,4.4,8.0,35.0,0.2061,363002.0,1
V7894,Vendor_652_Co,Textiles,26,2957,242,10,216,89,13,3.92,8.0,17.0,0.1901,362503.0,High
V3471,Vendor_681_Corp,Machinery,4,2270,273,198,200,83,14,3.46,9.0,8.0,0.1101,293122.0,Low
V1910,Vendor_449_Ltd,Chemicals,4,2299,1891,173,1795,1192,25,3.34,4.0,23.0,0.2765,340736.0,Low
V9387,Vendor_169_LLC,Textiles,14,4958,288,9,139,43,28,2.43,7.0,50.0,0.2485,46665.0,0
V8601,Vendor_489_LLC,Machinery,17,2104,468,370,155,437,-5,Unknown,8.0,8.0,0.235,312556.0,High
V3845,Vendor_111_Inc,Automotive,18,2236,2228,249,1699,1029,24,3.28,4.0,22.0,0.006,33607.0,NO
V2481,Vendor_642_Inc,Automotive,22,598,323,316,129,228,15,4.08,8.0,48.0,0.0578,404437.0,high
V7393,Vendor_510_Co,Chemicals,7,624,169,112,130,98,6,2.01,,28.0,0.1776,5645.0,
V3670,Vendor_448_Corp,Packaging,18,4426,3578,205,2220,1211,29,3.83,1.0,49.0,0.2546,79026.0,1
V8136,Unknown,IT Hardware,8,917,178,34,69,141,19,2.78,6.0,11.0,0.1419,117055.0,0
V4629,Vendor_236_Inc,Machinery,1,3774,921,114,385,197,22,3.55,8.0,22.0,0.0917,252721.0,High Risk
V6761,Vendor_492_LLC,Chemicals,2,1373,1102,710,160,548,20,4.44,9.0,46.0,0.1527,181519.0,Low
V7895,Vendor_716_Co,Packaging,15,1323,534,518,67,360,23,2.08,1.0,24.0,0.189,415721.0,YES
V5501,Vendor_648_Inc,Electronics,17,4369,3369,48,68,2168,27,-1.0,7.0,23.0,0.0321,51496.0,High Risk
V1363,Vendor_670_Ltd,Textiles,1,931,244,111,157,176,6,4.96,10.0,,0.0687,216182.0,Low
V7210,Vendor_642_Co,Packaging,2,3447,3057,1902,1145,2707,24,2.3,7.0,23.0,0.1957,36270.0,YES
V3284,Vendor_907_Inc,Textiles,28,1260,290,197,214,12,21,2.45,6.0,2.0,0.1303,429555.0,YES
V1397,Vendor_601_Co,Chemicals,8,4426,1988,1300,1507,839,27,2.66,5.0,40.0,0.1668,40215.0,Low
V2614,Vendor_340_Co,Automotive,6,4478,2543,654,609,11,12,4.39,3.0,5.0,0.2313,389094.0,1
V5797,Vendor_167_Ltd,Textiles,11,396,308,34,120,194,23,3.71,1.0,48.0,0.2935,159664.0,High Risk
V7875,Vendor_763_Inc,Automotive,29,3524,1528,661,1154,157,16,3.33,4.0,53.0,0.0148,330427.0,NO
V6061,Vendor_316_LLC,IT Hardware,11,208,55,32,31,47,15,2.01,9.0,6.0,0.2537,158449.0,0
V4825,Vendor_971_Corp,Electronics,17,2178,1112,338,126,996,7,4.08,1.0,69.0,0.1839,4471.0,Low
V8010,Vendor_832_Ltd,Machinery,26,4981,4643,4591,1743,4021,6,3.26,5.0,21.0,0.1307,218636.0,
V8710,Vendor_645_Ltd,Machinery,6,2154,1731,128,869,1299,25,2.19,10.0,62.0,0.2586,448760.0,0
V3427,Vendor_143_LLC,Machinery,17,2062,1703,190,997,685,20,3.49,5.0,26.0,0.2162,220084.0,0
V1121,Vendor_304_LLC,Packaging,13,2658,943,245,232,25,19,4.74,7.0,35.0,0.1335,132818.0,high risk
V9640,Vendor_285_Co,Electronics,22,1773,341,76,53,222,18,2.25,3.0,13.0,0.1417,378476.0,high risk
V5304,Vendor_931_Corp,Chemicals,20,1506,995,701,449,384,2,2.08,9.0,42.0,0.0007,94795.0,NO
V2763,Vendor_126_Ltd,Chemicals,17,457,11,11,7,1,2,4.67,3.0,25.0,0.0435,188105.0,YES
V1525,Vendor_965_LLC,Electronics,19,2791,2139,1780,434,1361,26,2.26,4.0,61.0,,446503.0,0
V8371,Vendor_900_Corp,Office Supplies,16,2611,1589,1121,496,1132,28,,6.0,29.0,0.1349,461021.0,High Risk
V9201,Vendor_575_Ltd,Office Supplies,2,3403,3336,1870,655,1722,13,4.15,7.0,20.0,0.1493,184596.0,High
V1498,Vendor_401_Inc,Food & Beverage,26,4402,1487,929,203,1146,13,3.75,3.0,55.0,0.0469,451814.0,
V7887,Vendor_483_Ltd,Food & Beverage,28,269,146,104,46,34,30,4.72,7.0,11.0,0.2048,,High Risk
V9342,Vendor_801_LLC,Office Supplies,10,2107,367,55,286,349,11,4.9,7.0,44.0,0.1148,86880.0,High Risk
V5312,Vendor_689_Corp,Food & Beverage,9,1816,45,6,37,8,17,4.93,3.0,36.0,0.0297,,1
V6514,Vendor_539_LLC,Raw Materials,13,941,869,143,709,248,16,4.45,7.0,7.0,0.0429,50849.0,high
V9489,Vendor_846_Corp,Automotive,30,3314,2606,775,2476,2359,25,2.39,10.0,1.0,0.2812,15423.0,
V7789,Vendor_581_Corp,Raw Materials,26,495,356,132,288,280,1,4.94,9.0,60.0,0.1399,8224.0,1
V5098,Vendor_427_Ltd,Textiles,10,2055,951,556,885,352,24,3.26,1.0,48.0,0.0181,217902.0,
V8840,Vendor_862_Corp,Chemicals,20,4777,3731,39,3031,3051,5,2.52,1.0,43.0,0.1238,345072.0,0
V1542,Vendor_270_Co,Textiles,15,374,135,50,125,119,30,4.64,6.0,2.0,0.0617,217821.0,
V8063,Vendor_708_LLC,Machinery,8,4486,3115,1574,524,3047,19,3.02,4.0,2.0,0.0098,-1000.0,YES
V4097,Vendor_180_Ltd,Automotive,12,1973,1478,507,322,1101,26,3.28,10.0,67.0,0.1754,350774.0,Low
V5654,Vendor_284_LLC,Automotive,27,1222,253,89,23,52,9,3.69,10.0,28.0,0.1751,99999999.0,High Risk
V6312,Vendor_322_LLC,Office Supplies,16,2789,985,595,750,850,1,4.18,7.0,45.0,0.1519,246162.0,1
V7615,Vendor_985_Ltd,Food & Beverage,12,2634,478,357,129,314,15,3.98,7.0,41.0,0.0871,74712.0,1
V3398,Vendor_934_Ltd,Office Supplies,19,778,105,61,101,5,24,,6.0,45.0,0.1711,128161.0,0
V6645,Vendor_281_Ltd,Textiles,3,3456,2914,1753,1392,239,5,,10.0,,0.1661,431632.0,NO
V2701,Vendor_657_Co,Machinery,29,727,137,94,25,45,23,2.59,1.0,10.0,0.1407,374995.0,1
V3863,Vendor_208_Co,Raw Materials,23,1439,988,887,241,386,14,4.16,8.0,60.0,0.0249,16552.0,High Risk
V7753,Vendor_564_Co,Raw Materials,30,3242,2717,2425,1571,1973,16,3.29,5.0,58.0,0.2758,403830.0,low
V4848,Vendor_440_Ltd,Machinery,23,135,95,88,7,47,14,4.47,,65.0,0.2354,370817.0,Low 
V8883,Vendor_961_LLC,Packaging,16,1457,561,15,26,347,7,4.16,8.0,42.0,0.0387,15489.0,low
V8848,Vendor_315_Co,Office Supplies,21,2715,464,246,345,245,27,3.23,4.0,6.0,0.0384,311560.0,0
V2272,Vendor_613_Co,Raw Materials,14,1698,1395,191,526,741,18,-1.0,10.0,49.0,0.1472,389355.0,1
V1941,Vendor_871_Co,Electronics,19,535,453,122,58,403,10,5.0,1.0,17.0,N/A,295285.0,0
V6420,Vendor_603_Inc,Chemicals,12,2533,984,797,588,13,19,4.51,3.0,25.0,0.205,120260.0,high
V8890,Vendor_616_LLC,IT Hardware,1,2856,1516,659,259,492,9,3.84,8.0,45.0,0.144,404695.0,High
V5628,Vendor_567_Corp,Chemicals,28,2574,2524,562,1357,1690,6,,7.0,64.0,0.1852,25319.0,NO
V5367,Vendor_331_Ltd,Office Supplies,29,2046,1195,197,631,998,19,4.53,,25.0,0.0977,80904.0,1
V4649,Vendor_896_Ltd,IT Hardware,10,313,31,21,28,21,15,3.18,4.0,14.0,0.1586,115198.0,YES
V1727,Vendor_515_Co,Automotive,10,1080,474,455,166,396,7,4.27,4.0,29.0,0.1999,429013.0,
V5065,Vendor_666_Co,IT Hardware,24,1155,507,141,330,43,20,,1.0,39.0,0.0616,,High Risk
V6090,Vendor_810_Corp,Electronics,29,4050,572,442,534,21,28,2.15,8.0,47.0,0.2114,83430.0,
V6019,Vendor_838_Ltd,Chemicals,23,3950,792,191,111,750,26,2.82,4.0,52.0,0.201,316397.0,
V1746,Vendor_677_Ltd,Electronics,7,3211,1220,117,106,285,3,2.11,10.0,68.0,0.02,6095.0,high
V1269,Vendor_895_Corp,IT Hardware,28,4452,4391,3579,2811,2784,3,4.09,10.0,45.0,0.2161,391497.0,low
V8475,Vendor_436_Co,IT Hardware,2,1113,348,52,333,231,5,3.03,5.0,68.0,0.0723,40027.0,0
V3395,Vendor_853_Ltd,Packaging,2,1314,366,289,289,337,8,4.28,4.0,9.0,0.0793,123693.0,0
V5045,Vendor_473_LLC,Machinery,19,3612,2890,614,2234,1513,21,3.78,9.0,21.0,0.0847,204369.0,high
V2536,Vendor_651_LLC,Machinery,24,2858,285,252,57,251,4,2.58,1.0,6.0,0.1476,455265.0,1
V5087,Vendor_185_Inc,Packaging,12,723,302,205,45,100,7,4.55,2.0,42.0,0.067,100514.0,0
V2691,Vendor_671_Corp,Packaging,12,4002,3317,2849,3198,2287,29,2.62,10.0,24.0,0.1095,265164.0,High Risk
V7833,Vendor_721_Ltd,Office Supplies,11,4495,29,3,26,5,2,4.55,1.0,62.0,0.221,374531.0,0
V1703,Vendor_106_Inc,Machinery,15,749,453,250,386,299,6,4.97,7.0,45.0,0.1155,469865.0,1
V6878,Vendor_850_Co,Office Supplies,26,351,75,64,38,47,17,2.21,7.0,13.0,0.1397,386547.0,0
V3733,Vendor_127_Co,Automotive,14,2029,1309,745,306,594,23,2.43,10.0,49.0,0.2557,34571.0,high
V7881,Vendor_583_Co,Chemicals,2,4700,449,237,82,69,14,4.0,,41.0,0.2967,137201.0,1
V1244,Vendor_633_Inc,Raw Materials,7,2405,2044,587,787,1200,14,4.88,2.0,36.0,0.2699,283917.0,0
V8796,Vendor_310_LLC,Textiles,21,3175,1332,1189,687,240,13,3.27,9.0,16.0,0.0836,47238.0,1
V1852,Vendor_960_Co,Raw Materials,6,4992,3030,2352,1897,991,3,3.55,3.0,61.0,0.2714,155765.0,1
V7783,Vendor_810_Co,Electronics,12,555,287,6,133,58,13,4.43,9.0,3.0,0.0889,10365.0,High
V2479,Vendor_756_Ltd,Automotive,10,4751,2650,513,97,1349,6,3.67,10.0,33.0,0.151,304529.0,high
V1033,Vendor_737_Ltd,Raw Materials ,15,824,228,163,180,197,16,2.88,2.0,34.0,0.0518,85241.0,High Risk
V2791,Vendor_562_Ltd,Electronics,29,4874,4392,4302,315,4265,8,3.56,7.0,6.0,0.1673,271599.0,
V9235,Vendor_600_Inc,Machinery,29,2986,1575,1168,433,261,25,2.87,1.0,43.0,0.005,151032.0,0
V1971,Vendor_976_LLC,Office Supplies,1,2900,1377,825,1129,698,21,3.59,6.0,25.0,0.1632,156770.0,
V1254,Vendor_441_Ltd,Textiles,12,224,26,14,25,10,26,2.97,10.0,5.0,0.1937,170384.0,High Risk
V9471,Vendor_418_Ltd,Food & Beverage,28,1803,37,32,31,34,19,3.62,9.0,20.0,,114663.0,low
V9441,Vendor_137_LLC,Machinery,27,2862,230,12,44,135,9,2.98,10.0,15.0,0.1302,83670.0,
V3935,Vendor_834_Co,Machinery,28,2661,726,499,353,295,5,4.28,7.0,63.0,0.2062,264257.0,Low
V4073,Vendor_305_Corp,Textiles,27,1068,837,807,406,356,15,4.59,4.0,42.0,0.2709,135642.0,low
V8807,Vendor_809_Inc,Food & Beverage,4,4004,925,575,720,189,13,2.42,5.0,50.0,0.2047,313042.0,1
V1862,Vendor_464_Inc,Textiles,17,2655,269,212,56,149,10,4.16,3.0,49.0,0.2723,272556.0,
V9970,Unknown,Office Supplies,11,3102,402,399,305,32,25,4.96,5.0,3.0,0.1001,241547.0,
V2006,Vendor_414_Corp,Office Supplies,27,735,65,28,38,62,26,2.5,,26.0,0.0028,446327.0,0
V2127,Vendor_115_Co,Electronics,16,1661,547,73,503,518,4,3.72,8.0,14.0,0.1971,157810.0,Low
V3024,Vendor_836_Co,Packaging,10,2004,153,18,32,40,14,3.9,4.0,57.0,0.252,188835.0,
V3599,Vendor_592_Ltd,Office Supplies,26,2861,271,210,262,104,27,4.75,9.0,8.0,0.1533,481214.0,1
V4427,Vendor_142_LLC,Textiles,30,1133,628,461,344,220,3,4.62,10.0,27.0,0.0378,384530.0,0
V3837,Vendor_715_Corp,Machinery,9,174,174,2,121,33,20,4.42,5.0,36.0,0.1271,198381.0,Low
V7094,Vendor_138_LLC,Food & Beverage,10,4248,1920,1469,1643,1380,22,4.44,10.0,39.0,0.0037,256846.0,0
V5972,TBD,Chemicals,25,4553,1762,1417,1101,165,16,2.04,2.0,21.0,,132536.0,
V1727,Vendor_366_Inc,Automotive,20,187,95,2,85,65,12,2.83,9.0,,0.0547,49635.0,Low
V8445,Vendor_439_Co,IT Hardware,20,3747,1396,744,111,456,16,6.0,6.0,58.0,0.0342,399102.0,YES
V9275,Vendor_339_Ltd,Raw Materials,18,2977,2305,565,1132,1389,22,4.79,9.0,25.0,0.1319,164606.0,High Risk
V5849,Vendor_990_Inc,Office Supplies,24,2467,176,98,89,161,11,3.71,6.0,60.0,0.0064,261813.0,Yes
V6415,Vendor_577_LLC,Electronics,5,2174,532,164,261,5,30,2.97,1.0,39.0,0.1472,301247.0,High Risk
V1755,Vendor_726_Co,Textiles,26,1026,222,42,73,161,27,N/A,5.0,32.0,0.1197,279009.0,Low Risk
V7497,Vendor_994_LLC,Textiles,28,4700,3324,3298,1422,2218,2,2.4,6.0,32.0,0.2942,197983.0,High Risk
V2497,Vendor_701_Corp,Raw Materials,19,3559,2912,790,636,12,2,3.78,5.0,,0.2655,199884.0,low
V2773,Vendor_808_Corp,Packaging,4,2041,1948,853,1462,1307,21,4.58,6.0,12.0,0.2183,,High
V8571,Vendor_204_LLC,Textiles,9,2331,168,21,118,70,3,99.0,5.0,16.0,0.1559,492423.0,Low
V9751,Vendor_749_Corp,Packaging,30,3222,2405,1582,953,437,18,3.79,7.0,1.0,0.1759,104199.0,NO
V5088,Vendor_187_Co,Chem,7,4431,1748,813,420,415,8,4.38,3.0,39.0,0.114,,Low Risk
V4337,Vendor_368_Co,Electronics,20,2599,2313,1844,1442,1039,30,4.42,3.0,11.0,0.2144,214668.0,High
V4370,Vendor_281_Inc,Automotive,4,638,12,11,2,5,8,3.83,4.0,29.0,0.0303,396174.0,low
V4943,Vendor_845_Corp,Textiles,19,894,87,69,40,49,2,3.22,7.0,11.0,0.0584,95815.0,1
V4379,Vendor_144_Co,Textiles,13,2717,2119,596,353,1050,19,2.67,2.0,63.0,0.0821,396436.0,NO
V5760,Vendor_468_Inc,Textiles,24,3813,205,25,44,10,4,,1.0,2.0,0.2556,348789.0,YES
V9887,Vendor_331_Corp,Office Supplies,20,1874,1441,1289,51,852,5,4.73,6.0,5.0,0.0716,428750.0,1
V9228,Vendor_202_Co,Automotive,7,2593,2543,175,216,1369,14,3.1,5.0,52.0,0.1744,170178.0,Low Risk
V3928,Vendor_954_Co,IT Hardware,23,1411,1400,1074,100,191,4,2.55,7.0,29.0,0.1819,,NO
V6685,Vendor_990_Co,IT Hardware,7,669,13,3,3,0,23,3.41,2.0,50.0,0.1715,296538.0,low
V6968,NA,Food & Beverage,7,960,160,74,128,79,3,4.75,4.0,57.0,0.0223,389535.0,low
V5746,Vendor_116_Inc,Machinery,18,2204,503,335,65,430,9,2.56,9.0,66.0,0.0704,435807.0,Low
V8911,Vendor_950_Corp,Textiles,22,4786,1973,1725,903,1876,13,3.29,3.0,71.0,0.2157,300905.0,YES
V2744,Vendor_488_Inc,Automotive,24,1822,926,356,107,305,24,-5.0,7.0,68.0,0.2056,294449.0,0
V6826,Vendor_491_LLC,Packaging,29,3938,1540,531,949,1136,2,,6.0,8.0,0.2234,41767.0,YES
V8844,Vendor_985_LLC,Raw Materials,28,1994,1706,1301,1618,1478,21,2.34,1.0,35.0,0.119,416751.0,low
V3660,Vendor_974_Co,Automotive,1,64,22,7,17,14,16,2.75,7.0,40.0,0.1707,259806.0,0
V8944,Vendor_758_Co,Textiles,20,2290,1169,1005,959,382,26,4.52,4.0,20.0,0.0017,194304.0,1
V9853,Vendor_742_Corp,Textiles,15,1709,1060,902,693,385,29,4.5,10.0,18.0,0.2362,133787.0,
V8023,Vendor_259_Inc,Office Supplies,27,950,709,315,331,389,17,2.52,6.0,TBD,0.1897,159706.0,NO
V7453,Vendor_568_Corp,Textiles,24,2585,1186,116,1078,668,6,2.25,5.0,33.0,0.1177,384139.0,High
V7240,Vendor_711_Co,Chemicals,15,1225,134,32,70,83,999,3.82,2.0,15.0,0.2558,342267.0,
V6658,Vendor_569_Co,Machinery,30,1042,296,252,220,140,27,4.71,9.0,,0.0122,172226.0,Low
V4729,Vendor_743_LLC,Machinery,25,4464,1176,927,553,471,22,4.71,8.0,2.0,0.0004,460622.0,Low
V5630,Vendor_752_LLC,Office Supplies,1,3155,2262,664,274,585,19,4.82,2.0,60.0,0.065,376252.0,High Risk
V7171,Vendor_674_Inc,Food & Beverage,6,1345,837,751,185,94,24,2.06,1.0,49.0,0.0585,411899.0,RISK
V4857,Vendor_420_Corp,Packaging,4,4992,4528,2900,3247,4492,27,3.58,5.0,40.0,0.2997,96555.0,low
V2067,Vendor_836_Co,Packaging,5,4798,1380,226,292,903,13,2.28,2.0,66.0,0.1257,32523.0,YES
V8159,Vendor_963_Inc,Automotive,27,1880,1647,745,1585,1287,5,3.17,1.0,66.0,0.0522,446540.0,Low
V9143,Vendor_832_Ltd,IT Hardware,10,2450,1897,765,242,1844,4,3.4,3.0,12.0,0.1951,199279.0,Low
V4664,Vendor_661_Co,Food & Beverage,2,243,193,133,84,156,12,4.82,8.0,56.0,0.1543,82957.0,
V9108,Vendor_713_Ltd,Textiles,8,3803,2655,2288,795,681,15,3.78,6.0,67.0,0.0279,364361.0,High Risk
V3702,Vendor_288_Ltd,Chemicals,3,886,834,704,342,378,24,2.4,7.0,48.0,,361856.0,YES
V8695,Vendor_490_LLC,Office Supplies,4,4333,2743,758,1271,600,11,3.06,7.0,31.0,0.2723,232612.0,High
V3424,Vendor_484_LLC,Raw Materials,20,776,248,48,133,54,14,2.99,8.0,28.0,0.058,99347.0,Low
V2086,Vendor_105_LLC,IT Hardware,28,1429,1055,451,175,168,15,2.88,3.0,48.0,,396571.0,High
V2996,Vendor_393_Inc,Chemicals,24,2368,2246,1046,988,1408,22,3.21,,6.0,0.0969,120947.0,High Risk
V9985,Vendor_489_Ltd,Food & Beverage,13,1717,4,2,3,3,22,4.34,4.0,24.0,0.1734,183701.0,High
V5293,Vendor_990_Co,Automotive,23,172,131,1,80,122,23,3.45,9.0,33.0,0.2346,446432.0,0
V2252,Vendor_425_Inc,Raw Materials,17,4661,1647,1166,642,350,30,2.16,3.0,48.0,0.1283,222727.0,0
V8545,Vendor_360_LLC,Chemicals,6,2584,1186,1003,472,101,6,3.69,8.0,60.0,0.1605,469547.0,Low Risk
V2349,Vendor_543_LLC,IT Hardware,24,2543,256,212,177,59,20,TBD,10.0,60.0,0.0736,391203.0,1
V8222,Vendor_851_Co,Chemicals,15,4603,2333,832,926,1509,14,4.6,1.0,44.0,0.0893,198008.0,low
V2018,Vendor_725_Ltd,Automotive,29,4864,2330,180,913,2063,15,3.53,2.0,39.0,0.1985,130485.0,YES
V6929,Vendor_798_Ltd,IT Hardware,7,2984,2541,1920,424,1491,6,4.3,8.0,60.0,0.0021,61624.0,YES
V6919,Vendor_779_Ltd,IT Hardware,28,2038,900,457,349,355,10,4.17,2.0,25.0,0.2555,201318.0,low
V9544,Vendor_953_Inc,IT Hardware,8,4917,3966,675,192,815,9,4.38,2.0,47.0,0.0631,162260.0,1
V3818,Vendor_143_Inc,IT Hardware,7,3177,1850,985,1783,1633,28,3.55,3.0,5.0,0.1434,50118.0,Low
V5698,Vendor_855_Inc,IT Hardware,6,3550,1762,1561,1457,1475,24,3.69,3.0,35.0,0.1766,129762.0,High Risk
V4560,Vendor_980_Ltd,Textiles,3,3281,3033,1084,1883,674,24,2.23,7.0,10.0,0.0814,8843.0,0
V1835,Vendor_537_Ltd,IT Hardware,4,2279,2093,1722,815,1088,16,3.31,6.0,16.0,0.0419,65443.0,Low
V4417,Vendor_396_LLC,IT Hardware,30,4899,3308,124,2731,806,27,4.34,6.0,8.0,0.1624,244111.0,0
V6961,Vendor_241_Inc,Electronics,11,2954,2232,1702,897,1450,28,2.12,5.0,41.0,0.2367,392444.0,
V2324,Vendor_228_Inc,Textiles,3,4007,2975,2412,2209,1475,23,4.81,6.0,45.0,0.1807,368984.0,high
V3999,Vendor_181_Corp,Textiles,20,4965,2780,1382,1667,2251,2,3.61,5.0,4.0,0.0596,260389.0,Low
V8729,Vendor_174_LLC,Automotive,19,2689,2130,1553,584,95,30,2.76,8.0,71.0,0.1008,334720.0,YES
V3907,Vendor_289_LLC,Machinery,26,3028,1420,1218,946,1164,9,2.31,3.0,40.0,0.0484,363315.0,
V4026,Vendor_141_Co,Raw Materials,9,607,359,14,243,148,3,4.22,10.0,54.0,0.1117,101964.0,high
V5638,Vendor_362_Corp,Office Supplies,12,279,78,0,14,13,17,4.83,9.0,53.0,0.2065,154056.0,Low Risk
V3864,Vendor_489_Co,Machinery,15,4381,1222,823,930,208,19,2.78,10.0,42.0,0.2537,87725.0,0
V8812,Vendor_247_Corp,Textiles,6,2359,1519,1059,265,92,27,2.81,5.0,17.0,0.0896,294014.0,High
V7111,Vendor_445_Corp,Raw Materials,16,85,80,46,43,78,25,4.47,9.0,26.0,0.0633,175335.0,YES
V3449,Vendor_401_LLC,Raw Materials,14,1093,550,322,366,131,28,3.34,1.0,71.0,0.069,291789.0,High Risk
V5441,Vendor_611_Inc,Chemicals,26,1240,617,293,356,106,30,4.13,2.0,1.0,0.2585,78931.0,
V6355,Vendor_676_Corp,Automotive,9,3425,2451,307,1387,2348,22,2.04,9.0,45.0,0.0486,238034.0,0
V3705,Vendor_680_Corp,Machinery,9,954,623,344,339,494,3,3.96,,54.0,0.2436,38648.0,low
V7058,Vendor_247_Inc,Office Supplies,30,3463,1247,316,1071,701,22,3.73,5.0,18.0,0.2084,412766.0,YES
V9428,Vendor_360_LLC,Food & Beverage,12,2868,2506,2042,2236,582,12,3.39,9.0,34.0,0.2463,198471.0,0
V8679,Vendor_422_Ltd,Machinery,6,531,291,224,144,203,23,2.95,5.0,14.0,0.1,221073.0,1
V7675,Vendor_344_LLC,IT Hardware,22,184,135,25,130,50,7,3.9,8.0,2.0,0.0541,395322.0,high
V8292,Vendor_787_Ltd,Raw Materials,15,661,422,358,99,199,30,4.13,6.0,24.0,0.1793,376314.0,
V4889,Vendor_648_LLC,Automotive,24,2123,1853,564,1413,1613,17,2.41,10.0,61.0,0.1617,160270.0,Low
V4289,Vendor_326_Inc,Food & Beverage,21,1538,905,234,647,291,23,2.43,6.0,51.0,0.2544,19980.0,
V9592,Vendor_561_Corp,Machinery,19,1101,1019,877,324,414,27,3.38,10.0,49.0,0.1468,397281.0,low
V4124,Vendor_714_Co,Food & Beverage,16,1237,574,283,538,401,23,2.29,7.0,43.0,0.037,400432.0,0
V7845,Vendor_637_Ltd,Chemicals,24,4038,6,0,0,6,14,2.51,6.0,24.0,0.2112,104819.0,low
V5466,Vendor_724_Co,Office Supplies,10,3896,1817,1689,1750,619,13,3.58,2.0,40.0,0.2797,135869.0,high
V8339,Vendor_755_Co,Automotive,26,4823,1777,1052,1293,1283,25,3.57,6.0,72.0,0.1631,343570.0,NO
V4962,Vendor_325_Co,Textiles,3,3622,2371,2292,2080,1394,20,2.6,9.0,11.0,0.2329,252905.0,High Risk
V8279,Vendor_104_LLC,Food & Beverage,17,1623,707,441,116,111,10,3.42,5.0,40.0,0.1369,436389.0,Low Risk
V4703,Vendor_324_Ltd,Food & Beverage,18,2483,946,423,700,794,12,2.58,4.0,26.0,0.0809,234249.0,0
V2987,Vendor_504_Co,Machinery,9,841,557,253,557,28,16,3.26,2.0,18.0,0.1936,415180.0,1
V8732,Vendor_972_LLC,Chemicals,5,1801,1087,633,287,523,26,4.9,1.0,11.0,0.0215,43335.0,low risk
V2417,Vendor_441_LLC,Automotive,20,1035,258,210,67,156,8,2.5,2.0,52.0,0.2617,177682.0,
V3319,Vendor_969_Co,Electronics,28,1686,1176,234,890,1173,20,2.34,7.0,51.0,0.0663,222263.0,
V4900,Vendor_223_Inc,Electronics,17,4445,1068,714,786,189,29,2.69,4.0,26.0,0.2666,253422.0,Low Risk
V9683,Vendor_750_Corp,Packaging,28,3136,1126,290,673,75,21,4.14,2.0,17.0,0.0097,279554.0,High Risk
V7361,Vendor_330_LLC,Electronics,18,4162,1342,183,972,358,25,4.72,5.0,71.0,Low,442928.0,YES
V6144,Vendor_680_LLC,Chemicals,17,3262,1013,176,945,503,16,2.96,4.0,42.0,0.1992,467813.0,Low Risk
V7639,Vendor_419_Co,Electronics,17,4221,116,30,26,89,27,4.43,8.0,37.0,0.1713,332186.0,1
V9228,Vendor_441_Ltd,Textiles,6,719,271,212,68,235,3,3.41,7.0,21.0,0.2025,460037.0,NO
V9603,Vendor_783_Co,Machinery,19,2761,624,591,437,270,18,3.52,7.0,16.0,0.2625,60720.0,1
V3216,Vendor_123_Co,Chemicals,11,1953,1308,59,293,747,6,4.07,8.0,48.0,0.1705,365964.0,Low Risk
V3365,Vendor_287_Co,Food & Beverage,29,4593,2975,373,1632,1416,7,2.98,2.0,71.0,0.1401,279027.0,high
V2819,Vendor_180_Co,Food & Beverage,29,513,358,81,244,116,13,3.05,7.0,63.0,0.2768,98395.0,High
V8584,Vendor_671_Corp,Chemicals,20,3033,1052,176,234,448,17,3.46,7.0,18.0,,100274.0,
V1144,Vendor_218_Inc,Electronics,26,3910,133,60,112,70,22,4.65,7.0,18.0,0.2976,457799.0,
V4437,Vendor_511_LLC,Food & Beverage,29,1724,40,1,4,36,13,4.45,1.0,44.0,0.1537,157202.0,Low
V3984,Vendor_554_Corp,Electronics,28,3170,968,702,143,88,25,4.58,7.0,18.0,0.1288,440547.0,high
V1171,Vendor_490_Co,Machinery,16,595,528,285,471,446,4,4.07,3.0,14.0,0.1642,445639.0,Low
V7052,Vendor_505_Corp,Raw Materials,28,4101,307,96,153,234,27,3.24,3.0,50.0,0.0562,437296.0,Low
V1755,Vendor_794_LLC,Food & Beverage,23,3062,358,96,288,115,6,3.65,1.0,18.0,0.1384,469811.0,low
V5437,Vendor_364_LLC,Raw Materials,26,1022,6,4,0,1,27,2.83,2.0,36.0,0.2586,424334.0,High Risk
V6909,Vendor_362_Inc,Office Supplies,28,4321,2314,703,1821,654,17,2.57,3.0,36.0,0.0088,448601.0,0
V5594,Vendor_612_Inc,Textiles,24,886,636,260,41,352,12,4.76,10.0,11.0,0.2107,281123.0,Low Risk
V2166,Vendor_824_Ltd,Chemicals,4,512,139,131,37,102,15,Excellent,6.0,26.0,Low,40076.0,YES
V5769,Vendor_428_LLC,Raw Materials,2,2163,917,23,555,28,25,2.11,6.0,6.0,0.0885,196062.0,High
V7517,Vendor_655_Co,Electronics,26,4236,3475,136,1370,1585,7,2.22,7.0,49.0,,248437.0,Low Risk
V7857,Vendor_177_Corp,Packaging,21,4004,3730,2012,618,1379,21,3.83,6.0,30.0,0.069,408778.0,High Risk
V3517,Vendor_645_LLC,Packaging,5,2578,1607,1233,261,103,25,3.52,7.0,N/A,0.2328,200803.0,
V8045,Vendor_273_Co,Machinery,3,3666,576,53,279,91,20,4.27,2.0,49.0,0.2667,290382.0,YES
V4484,Vendor_312_Co,Office Supplies,16,1397,292,160,74,152,6,2.08,3.0,35.0,0.2552,460924.0,High Risk
V6523,Vendor_873_Ltd,Automotive,30,2995,852,779,449,437,23,4.94,3.0,,0.2884,491308.0,High
V9480,Vendor_604_LLC,Automotive,2,567,17,12,10,0,29,4.38,9.0,68.0,0.2101,310753.0,NO
V4776,Vendor_249_Ltd,Office Supplies,15,4044,1554,538,107,398,23,3.91,2.0,37.0,0.2161,77873.0,1
V9502,Vendor_990_Inc,Textiles,5,2046,79,6,12,60,21,4.21,8.0,39.0,High,342215.0,NO
V8075,Vendor_198_Inc,Office Supplies,18,3895,274,46,43,47,2,3.76,9.0,72.0,0.0989,65084.0,high
V7025,Vendor_569_Ltd,Machinery,13,1676,520,422,454,29,22,2.8,5.0,8.0,0.2841,97057.0,high
V1430,Vendor_635_Ltd,Chemicals,27,2929,2148,78,782,920,4,2.86,7.0,32.0,0.2488,310740.0,YES
V3889,Vendor_209_LLC,IT Hardware,26,4129,610,397,232,48,3,3.61,4.0,53.0,0.0581,448361.0,low
V9854,Vendor_315_Corp,Raw Materials,30,3154,2336,315,1456,587,25,3.7,8.0,65.0,0.1729,56963.0,high
V3097,Vendor_562_Ltd,Packaging,5,578,282,95,206,178,3,3.12,1.0,51.0,0.1533,374481.0,high
V1613,Vendor_276_Ltd,Chemicals,16,4210,181,104,90,82,5,2.4,2.0,34.0,0.2659,357982.0,High
V7527,Vendor_808_LLC,Packaging,6,2633,2277,2096,239,1256,12,5.0,6.0,72.0,0.0088,130704.0,NO
V4927,Vendor_445_Ltd,Automotive,30,3160,1149,1111,161,421,6,6.0,10.0,20.0,0.0804,392155.0,High
V7074,Vendor_507_Ltd,Automotive,9,3174,747,426,266,222,10,4.25,1.0,58.0,,408246.0,0
V8632,Vendor_440_LLC,IT Hardware,20,162,2,0,2,0,10,4.3,6.0,43.0,0.1572,236977.0,Low
V1934,Vendor_454_Corp,Raw Materials ,28,2621,1021,319,724,478,21,2.01,8.0,N/A,0.0018,293861.0,High Risk
V7891,Vendor_202_Ltd,Office Supplies,14,478,409,245,360,163,12,4.1,Good,10.0,,443375.0,0
V8262,Vendor_476_Inc,Packaging,22,3804,986,460,103,623,13,3.85,8.0,64.0,0.0083,127153.0,High Risk
V1622,Vendor_902_Co,Electronics,19,4871,2082,832,1690,380,17,4.82,5.0,42.0,0.017,274424.0,1
V8653,Vendor_546_Corp,Food & Beverage,2,1510,73,60,33,20,15,,9.0,63.0,0.1373,59977.0,NO
V6283,Vendor_933_Corp,Raw Materials,30,269,5,3,1,1,15,4.44,6.0,10.0,0.1395,148782.0,
V6454,Vendor_584_Inc,Electronics,25,1679,903,509,608,133,11,3.34,4.0,59.0,0.1157,492437.0,
V4475,Vendor_557_Co,Automotive,14,2087,2046,891,162,1204,13,2.58,7.0,38.0,0.1166,174274.0,1
V1699,Vendor_533_Corp,Textiles,7,1426,342,108,98,64,365,3.88,10.0,34.0,0.0959,382211.0,
V8763,Vendor_501_Inc,Office Supplies,14,1045,958,620,707,416,8,4.17,4.0,16.0,0.0607,188034.0,high
V2512,Vendor_538_Ltd,Automotive,22,379,137,3,36,103,9,2.96,1.0,13.0,0.0958,227384.0,NO
V1981,Vendor_168_Inc,Packaging,14,2403,1184,753,43,938,4,4.53,10.0,19.0,0.2507,166756.0,Low
V1965,Vendor_126_Co,IT Hardware,22,815,791,722,275,791,17,2.34,10.0,58.0,0.2824,58984.0,
V9265,Vendor_363_Co,Machinery,17,4640,4504,3487,138,4004,19,2.59,3.0,Slow,0.047,344469.0,
V5219,Vendor_315_Inc,Food & Beverage,11,4530,2787,1830,2200,2191,18,3.06,9.0,7.0,,225930.0,1
V4956,Vendor_307_Ltd,Raw Materials,11,4810,1855,1235,1380,1749,19,2.14,8.0,24.0,0.1312,222830.0,YES
V9210,Vendor_217_Inc,Electronics,26,2375,243,36,213,54,22,4.4,5.0,7.0,0.179,245028.0,1
V1839,Vendor_632_Inc,,30,704,85,36,1,12,12,2.64,4.0,9.0,0.065,294449.0,Low Risk
V5355,Vendor_795_LLC,Machinery,28,2008,1862,1675,395,347,24,2.98,1.0,51.0,0.1728,276874.0,
V4170,Vendor_669_Ltd,Electronics,30,4856,188,22,25,186,9,3.45,10.0,36.0,0.1996,235470.0,1
V1372,Vendor_860_Co,Textiles,18,4673,3865,2803,372,1516,17,4.59,3.0,59.0,0.1107,459568.0,1
V7108,Vendor_899_Ltd,Packaging,28,3491,1059,237,922,1028,18,4.92,2.0,23.0,,279770.0,
V6640,Vendor_603_Ltd,Automotive,2,208,11,7,1,3,26,3.94,8.0,33.0,0.2222,484706.0,Low Risk
V4256,,Office Supplies,9,4558,1533,794,235,1442,8,3.9,2.0,11.0,0.1389,352581.0,YES
V5193,Vendor_150_Inc,Machinery,20,3193,2694,2006,2153,2555,23,2.21,4.0,63.0,0.2785,437248.0,1
V6098,Vendor_156_Corp,Textiles,13,2715,2307,1685,1896,648,11,,4.0,28.0,0.2748,219231.0,0
V4033,Vendor_130_LLC,Electronics,7,2475,2436,2401,1348,2014,29,2.95,2.0,8.0,0.0907,479803.0,1
V9125,Vendor_914_LLC,Food & Beverage,23,2660,1917,792,316,620,11,4.0,9.0,11.0,0.2654,318806.0,
V8409,Vendor_626_Co,Electronics ,26,3435,718,48,315,217,22,4.4,9.0,13.0,0.0886,11052.0,High Risk
V1159,Vendor_979_Ltd,Electronics,22,1448,1374,140,889,129,14,3.03,9.0,68.0,0.1534,374922.0,High
V9383,Vendor_419_LLC,Raw Materials,15,2179,1758,52,544,927,1,2.46,6.0,14.0,0.1158,84785.0,Low
V3865,Vendor_644_Inc,Textiles,15,2513,1307,122,739,65,6,4.2,1.0,7.0,0.1374,147991.0,0
V7503,Vendor_210_Inc,Office Supplies,28,1040,351,194,134,4,9,2.45,5.0,52.0,0.1237,414715.0,1
V4005,Vendor_900_Inc,Automotive,5,740,417,77,121,28,29,4.82,9.0,12.0,0.0636,456005.0,0
V5202,Vendor_159_Corp,Raw Materials,10,380,311,109,138,292,26,4.26,10.0,19.0,0.135,114632.0,Low
V9293,Vendor_938_Corp,IT Hardware,18,3421,308,256,13,301,18,4.17,,3.0,0.1875,122175.0,high
V5028,Vendor_581_Co,Packaging,25,2088,596,491,314,379,21,3.2,7.0,71.0,0.0496,424346.0,NO
V6895,Vendor_176_Corp,Electronics,20,1804,247,40,197,30,20,4.91,2.0,23.0,0.1874,310207.0,High Risk
V2315,Vendor_643_LLC,Food & Beverage,8,4049,3170,801,2239,2254,1,4.57,7.0,30.0,0.092,177875.0,YES
V2132,Vendor_709_Co,Food & Beverage,4,3789,1277,555,419,437,26,2.37,6.0,30.0,0.0681,128422.0,High
V6491,Vendor_650_Corp,Packaging,25,4504,4233,1914,3308,1785,7,Unknown,6.0,11.0,0.189,41492.0,YES
V9825,Vendor_593_LLC,Packaging,10,216,113,26,32,59,4,2.84,6.0,45.0,0.2381,219921.0,High
V6490,Vendor_527_Inc,IT Hardware,18,785,763,376,355,137,24,4.59,7.0,62.0,0.0899,476922.0,High Risk
V7427,Vendor_525_Ltd,Chemicals,16,1036,887,84,653,795,3,4.97,8.0,,0.104,233242.0,Low
V6855,Vendor_521_Inc,Electronics,22,2805,1558,199,876,706,8,N/A,5.0,11.0,0.2731,35340.0,High
V7627,Vendor_683_LLC,Office Supplies,23,4526,2707,1321,1459,398,10,2.09,6.0,58.0,0.227,353435.0,
V1711,Vendor_667_Co,Packaging,21,221,121,1,89,28,9,4.24,3.0,,0.2866,484231.0,YES
V7043,Vendor_303_Corp,Electronics,15,4059,2283,1875,1586,1319,7,2.01,6.0,3.0,0.2963,490643.0,Low
V1902,Vendor_246_Corp,Machinery,14,1466,1407,1038,924,65,25,3.95,4.0,22.0,0.0625,489208.0,1
V9010,Vendor_509_LLC,Electronics,25,1214,288,236,135,34,18,2.2,3.0,Slow,0.2016,261649.0,High Risk
V1783,Vendor_285_Corp,Raw Materials,20,1078,504,135,487,322,20,4.79,1.0,52.0,0.0859,464724.0,high
V2967,Vendor_271_LLC,Textiles,21,3679,2819,897,1873,91,7,3.09,4.0,58.0,0.1901,162959.0,YES
V5700,Vendor_984_LLC,Packaging,1,2978,1254,292,349,264,3,4.41,4.0,40.0,0.1861,251484.0,high
V4600,Vendor_509_Inc,IT Hardware,24,2998,2856,886,875,1279,10,3.34,3.0,72.0,0.037,214056.0,0
V2751,Vendor_613_LLC,Textiles,13,3954,507,469,245,13,24,3.14,7.0,5.0,0.2759,311921.0,high
V9063,Vendor_223_LLC,Chemicals,28,4965,1404,1173,295,798,17,3.66,5.0,67.0,0.2128,156326.0,High
V4908,Vendor_606_Ltd,Chemicals,7,1838,1744,1283,1608,195,9,2.1,1.0,44.0,0.2217,248984.0,Low Risk
V5466,Vendor_372_Corp,Electronics,26,2240,933,792,593,658,23,2.2,5.0,19.0,0.2574,99999999.0,NO
V1337,Vendor_691_Corp,Machinery,15,3338,1779,787,364,1179,30,2.85,3.0,70.0,0.2381,378439.0,Low Risk
V9536,Vendor_858_LLC,Machinery,12,3265,2750,1151,1851,1291,13,3.14,9.0,67.0,0.2013,461638.0,
V3140,Vendor_604_Inc,IT Hardware,29,2301,2264,1955,1168,739,20,4.47,6.0,19.0,0.0902,62427.0,High
V8258,Vendor_202_Ltd,Automotive,19,3669,2373,2239,1557,1475,23,3.31,3.0,12.0,0.0584,409661.0,NO
V3285,Vendor_744_Ltd,Automotive,12,2221,1598,1221,1119,911,25,3.05,4.0,11.0,0.049,332969.0,YES
V4623,Vendor_442_Corp,Textiles,13,2964,43,6,8,43,21,3.12,7.0,56.0,0.2509,444778.0,Low
V4699,Vendor_704_Inc,Chemicals,21,1201,303,142,61,156,2,3.01,7.0,9.0,0.1442,428101.0,YES
V6887,Vendor_724_Inc,Textiles,11,4733,3144,85,698,2379,13,4.96,1.0,24.0,0.2512,419693.0,1
V9471,Vendor_610_Inc,Raw Materials,25,711,570,46,303,278,17,4.34,7.0,41.0,0.2546,18902.0,High Risk
V9248,Vendor_915_Inc,Office Supplies,21,3110,141,85,80,43,10,-1.0,1.0,61.0,0.2373,156981.0,NO
V8065,Vendor_443_Corp,Machinery,8,3439,1156,897,1076,596,12,2.06,7.0,65.0,0.2333,25625.0,NO
V8121,Vendor_481_Corp,IT Hardware,18,4834,3508,600,70,2794,28,3.41,2.0,20.0,0.2008,263269.0,High Risk
V3554,Vendor_827_Co,Textiles,30,1237,244,57,230,164,18,3.48,10.0,64.0,,172872.0,Low Risk
V6585,Vendor_275_Ltd,Electronics,5,2049,1630,1492,283,1599,6,2.34,10.0,4.0,0.1651,268409.0,low
V1312,Vendor_669_LLC,Textiles,24,3958,3927,2268,3702,2914,9,3.72,2.0,17.0,0.2938,150671.0,high
V9910,Vendor_855_Co,Food & Beverage,4,1439,1263,913,342,725,8,2.41,3.0,66.0,0.1422,132166.0,0
V5536,Vendor_924_LLC,Textiles,21,2997,1842,1213,43,1815,15,4.61,6.0,36.0,0.2305,489461.0,Low Risk
V2073,Vendor_679_LLC,Automotive,8,921,95,66,95,73,22,4.14,5.0,5.0,0.2512,228383.0,YES
V3979,Vendor_760_Inc,IT Hardware,20,4045,253,174,72,240,25,2.57,8.0,69.0,0.0185,57767.0,1
V6704,Vendor_486_Inc,Packaging,3,2917,741,740,153,197,24,2.95,2.0,19.0,0.1487,173992.0,
V6255,Vendor_608_Ltd,Machinery,3,4934,1096,115,241,292,16,TBD,10.0,48.0,0.0834,35375.0,0
V6118,Vendor_524_Co,Automotive,19,1211,781,370,348,576,27,2.07,7.0,20.0,0.0707,242260.0,NO
V1130,Vendor_477_LLC,Chemicals,19,2555,1340,176,1132,935,26,2.91,10.0,32.0,0.1392,311216.0,low
V1941,Vendor_707_Corp,Raw Materials,23,671,498,136,280,300,8,2.07,3.0,72.0,0.1453,462910.0,High Risk
V2325,Vendor_794_Co,Food & Beverage,14,917,684,458,444,213,3,2.59,7.0,8.0,0.2933,388128.0,high
V9037,Vendor_775_Co,Automotive,19,3197,1996,1564,224,1165,16,3.43,3.0,N/A,0.0167,139092.0,low
V5827,Vendor_458_Ltd,Office Supplies,17,4825,376,186,78,131,8,3.43,9.0,1.0,0.114,132485.0,Low Risk
V3864,Vendor_934_Corp,Electronics,4,1836,738,250,248,711,6,3.01,5.0,52.0,0.1353,404317.0,Low Risk
V1127,Vendor_137_Inc,Textiles,27,1014,113,20,107,109,11,4.06,6.0,32.0,0.0146,349175.0,High
V2565,Vendor_733_Co,Machinery,18,1993,1954,137,1000,604,19,2.38,8.0,32.0,0.0672,147361.0,0
V3953,Vendor_787_LLC,Textiles,13,3732,2360,730,224,2301,3,4.49,7.0,21.0,0.0048,234946.0,0
V2205,Vendor_539_Co,IT Hardware,22,1669,12,5,2,2,9,4.73,3.0,58.0,0.1383,416932.0,
V1003,Vendor_461_Inc,Raw Materials,15,615,129,64,89,29,24,3.45,6.0,63.0,0.0999,425194.0,NO
V6250,Vendor_444_Inc,Packaging,14,4079,49,44,41,46,23,3.01,6.0,35.0,0.1875,439795.0,High
V7745,Vendor_921_LLC,Chemicals,6,3387,101,22,94,42,26,4.1,7.0,5.0,0.2576,117619.0,1
V3783,Vendor_279_Co,Electronics,24,2413,986,314,288,402,16,2.79,10.0,8.0,0.0941,105707.0,High Risk
V1702,Vendor_813_Inc,Electronics,16,3344,2461,1555,1240,2149,8,3.38,1.0,36.0,0.0262,1685.0,NO
V8923,Vendor_703_Ltd,Food & Beverage,11,4937,3137,1963,893,1916,11,4.34,10.0,16.0,0.2427,16785.0,low risk
V3491,Vendor_457_LLC,Electronics,1,2566,788,678,732,39,21,2.38,10.0,67.0,0.1871,152981.0,0
V6808,Vendor_380_Inc,Office Supplies,12,2761,165,15,97,41,8,2.19,2.0,70.0,0.0688,41812.0,Low Risk
V3652,Vendor_839_Co,Chemicals,4,869,645,397,159,363,19,3.94,8.0,68.0,0.0986,192186.0,0
V8935,Vendor_211_Inc,Machinery,14,3615,1444,510,942,1222,24,3.91,10.0,6.0,0.2676,255932.0,low
V1583,Vendor_314_Corp,Packaging,22,844,250,132,133,120,8,4.98,4.0,30.0,0.1674,471832.0,NO
V6024,Vendor_902_Ltd,Textiles,4,811,561,104,169,156,30,2.78,3.0,69.0,0.0117,-1000.0,low
V6709,Vendor_135_Inc,Textiles,30,4657,1806,1178,1446,464,6,4.08,10.0,25.0,0.059,241690.0,High
V7892,Vendor_500_Inc,Packaging,21,4357,740,380,576,75,22,4.79,8.0,19.0,0.2349,203842.0,High
V7716,Vendor_630_Co,Electronics,20,4492,2601,232,456,266,24,2.51,6.0,48.0,0.0115,-1000.0,1
V4552,Vendor_795_Corp,Chemicals,25,1995,1666,808,1304,1556,1,3.78,3.0,11.0,0.0504,24855.0,0
V2395,Vendor_682_Co,Food & Beverage,27,3485,3272,2119,1730,462,27,3.16,6.0,67.0,0.0606,105441.0,0
V5903,Vendor_413_Ltd,Chemicals,9,2212,1071,65,1056,422,18,,10.0,55.0,,452288.0,
V4665,Vendor_529_Ltd,Raw Materials,2,3059,1491,1316,564,1472,29,3.49,1.0,16.0,0.1433,31944.0,1
V1078,Vendor_408_Corp,Raw Materials,15,4664,2342,1053,1491,211,15,4.47,7.0,59.0,0.2438,73730.0,0
V1518,Vendor_279_Ltd,Chemicals,24,1156,274,260,72,170,23,3.79,5.0,7.0,TBD,389440.0,0
V4752,Vendor_255_Co,Packaging,29,1641,1438,1175,654,1156,10,2.8,1.0,43.0,,141532.0,
V2561,Vendor_670_Corp,Electronics,11,3477,3015,2446,1049,299,30,2.7,6.0,6.0,0.0016,265525.0,Low Risk
V3063,Vendor_553_Inc,Chemicals,4,4174,2435,223,3,92,25,4.28,9.0,64.0,0.0652,281225.0,Low
V1589,Vendor_983_Co,Raw Materials,23,4684,4516,4452,3667,3787,17,,5.0,5.0,0.1158,205488.0,NO
V6653,Vendor_167_Corp,Electronics,27,287,186,40,100,49,28,4.41,7.0,24.0,0.2438,244009.0,YES
V3758,Vendor_672_Corp,Machinery,11,3137,29,7,14,17,14,3.57,10.0,15.0,0.2028,10753.0,High Risk
V9828,Vendor_467_Inc,Electronics,15,3654,1506,1404,1017,380,22,2.33,10.0,Slow,0.1666,355856.0,1
V8107,Vendor_186_Co,Raw Materials,20,4755,669,321,200,273,26,3.61,8.0,68.0,0.1371,473642.0,Low
V5741,Vendor_398_Inc,Electronics,9,2965,1086,381,29,1074,25,4.11,4.0,13.0,0.109,24311.0,Low Risk
V1197,Vendor_104_Co,Chemicals,16,3780,2346,1640,1182,1636,18,2.97,10.0,15.0,0.0297,458959.0,high
V6271,Vendor_328_LLC,Textiles,7,2967,2302,972,91,2019,4,4.87,10.0,18.0,0.1505,311243.0,high
V6744,Vendor_981_Co,Textiles,6,1951,429,415,377,301,20,2.42,4.0,27.0,0.2416,299883.0,Low
V3103,Vendor_575_Co,Chemicals,26,784,780,435,455,73,9,4.12,2.0,30.0,0.0065,303264.0,low
V9648,Vendor_844_Inc,Chemicals,23,3888,1426,801,800,147,30,2.59,9.0,51.0,0.0292,170564.0,
V3503,Vendor_870_Co,Machinery,26,1251,1147,614,757,983,19,3.13,1.0,69.0,0.0713,146735.0,Low Risk
V2526,Vendor_767_LLC,Food & Beverage,15,1201,946,433,529,427,27,4.75,10.0,26.0,0.2413,119594.0,1
V6568,Vendor_781_Co,IT Hardware,17,1290,8,5,2,2,30,4.68,4.0,8.0,0.1497,104963.0,RISK
V1379,Vendor_653_Co,Office Supplies,20,1978,1523,846,681,1479,1,2.62,2.0,71.0,0.1265,467305.0,
V4689,Vendor_167_Ltd,Raw Materials,20,1792,650,436,206,301,22,4.89,2.0,49.0,0.0691,423789.0,1
V2477,Vendor_749_Inc,Chemicals,8,1724,19,6,15,19,20,2.33,6.0,66.0,0.2972,396648.0,0
V7820,Vendor_320_Inc,Automotive,10,3845,2201,1789,689,294,24,4.21,5.0,30.0,0.2817,175894.0,1
V4590,Vendor_779_Ltd,Automotive,22,3674,2309,2067,29,2153,19,2.4,10.0,57.0,0.0744,156907.0,low
V4010,Vendor_253_Corp,IT Hardware,15,1174,868,576,17,188,12,4.85,1.0,52.0,0.0313,406410.0,Low Risk
V3163,Vendor_605_Inc,IT Hardware,18,2838,102,101,101,70,26,4.13,9.0,48.0,0.2998,51759.0,Low Risk
V7433,Vendor_565_LLC,Food & Beverage,17,325,255,245,96,219,18,4.75,7.0,70.0,0.2115,203412.0,low
V6127,Vendor_418_Corp,Packaging,18,4083,1230,275,1106,1218,10,3.97,5.0,32.0,0.1673,307161.0,High
V5033,Vendor_736_Inc,Textiles,22,3055,1646,91,319,290,19,4.13,5.0,27.0,0.2821,343536.0,NO
V8559,Vendor_329_Corp,Machinery,22,2678,2568,2392,2452,1627,4,2.46,,10.0,0.2911,471573.0,0
V1265,Vendor_409_Inc,Automotive,27,4735,117,47,104,46,28,2.37,8.0,,0.1242,185407.0,Low
V2955,Vendor_266_Corp,Textiles,24,4473,564,383,47,171,5,2.02,2.0,54.0,0.267,487607.0,
V5072,Vendor_301_Inc,Textiles,28,4731,4703,3290,3686,1355,21,2.22,,66.0,0.1709,460570.0,low
V7280,Vendor_805_Co,Machinery,17,927,74,3,12,72,1,3.91,10.0,10.0,0.0897,465863.0,NO
V5436,Vendor_302_Corp,Textiles,5,2141,2084,1543,1387,1882,27,2.07,9.0,9.0,0.0928,355547.0,High Risk
V2716,Vendor_160_Co,Electronics,16,1036,432,238,249,87,9,2.87,8.0,30.0,0.1704,363710.0,1
V1555,Vendor_413_Ltd,Chemicals,26,2250,1599,541,1202,502,2,2.15,1.0,50.0,0.1705,459117.0,High Risk
V6194,Vendor_967_Corp,Raw Materials,19,2155,855,333,183,822,3,,4.0,51.0,0.0779,11318.0,
V1469,Vendor_952_Ltd,Textiles,8,1856,68,19,13,16,6,4.22,8.0,30.0,0.1762,273967.0,Low Risk
V2193,Vendor_566_Ltd,IT Hardware,7,210,11,3,7,9,23,99.0,8.0,52.0,0.0732,344963.0,NO
V8401,Vendor_315_Co,Office Supplies,29,2896,720,499,147,498,1,2.43,7.0,33.0,0.008,,high
V2618,Vendor_199_LLC,Machinery,17,477,145,50,98,94,30,3.37,2.0,46.0,0.2149,93016.0,High
V3263,Vendor_274_Co,Machinery,29,4210,3830,3096,2062,2821,23,2.44,10.0,62.0,0.1278,474037.0,high
V7015,Vendor_716_Inc,Automotive,20,4581,334,328,109,138,7,2.09,5.0,35.0,0.0148,25476.0,Low Risk
V7120,Vendor_927_Corp,Office Supplies,1,2661,1243,721,831,782,3,4.79,4.0,TBD,0.203,123912.0,Low
V7392,Vendor_596_LLC,Food & Beverage,1,1904,1447,1325,581,1045,30,4.04,2.0,62.0,0.1176,64286.0,low
V8116,Vendor_584_Inc,IT/IS,6,449,67,63,34,2,14,3.36,3.0,48.0,0.1708,2268.0,high
V3197,Vendor_419_Inc,Raw Materials,1,877,842,736,388,840,14,3.17,8.0,70.0,0.1633,168483.0,low
V7111,Vendor_849_Ltd,IT Hardware,13,1862,460,217,280,296,15,4.1,5.0,53.0,0.025,29158.0,Low
V1027,Vendor_523_Co,Office Supplies,4,4943,1310,908,731,78,11,2.57,1.0,2.0,0.2862,483003.0,0
V1647,Vendor_139_Corp,Food & Beverage,9,4630,3997,3340,2439,1081,20,Poor,1.0,31.0,0.0926,129247.0,1
V2860,Vendor_751_LLC,Packaging,10,3685,1684,1005,771,311,21,2.96,2.0,36.0,0.2164,447036.0,1
V1729,Vendor_798_Inc,Electronics,21,50,48,39,32,6,19,4.62,10.0,15.0,0.0951,419475.0,High
V9909,Vendor_695_Inc,Packaging,2,515,270,139,195,251,2,2.77,8.0,53.0,0.2601,215291.0,0
V1188,Vendor_357_Corp,Raw Materials,20,1089,458,163,71,206,7,3.54,10.0,38.0,0.2219,204576.0,high
V5678,NA,Packaging,3,845,160,19,95,51,19,3.87,7.0,24.0,0.1955,156486.0,high
V9969,Vendor_743_Ltd,Automotive,27,1665,1138,912,718,659,2,3.18,7.0,55.0,0.231,104081.0,0
V5353,Vendor_779_Inc,Office Supplies,30,2663,1272,512,585,573,21,3.88,4.0,57.0,0.2467,226243.0,High
V8505,Vendor_716_Inc,Textiles,3,708,101,37,76,11,21,4.6,1.0,49.0,0.1767,476998.0,0
V2363,Vendor_594_Ltd,Raw Materials,13,1672,952,368,73,187,12,3.56,10.0,47.0,0.075,20253.0,1
V4123,Vendor_792_Co,Raw Materials,19,1381,541,233,500,43,22,4.96,6.0,53.0,0.1216,169372.0,YES
V9117,Vendor_614_Corp,Raw Materials,25,166,57,5,21,1,11,3.19,7.0,33.0,0.1972,63301.0,1
V5229,Vendor_648_Corp,Automotive,14,1546,711,621,643,525,3,3.51,,25.0,0.2256,430457.0,
V8845,Vendor_208_LLC,Office Supplies,22,3563,1681,1024,562,1650,30,3.86,2.0,8.0,0.2662,437233.0,Low Risk
V1950,Vendor_946_Ltd,Food & Beverage,12,4263,3889,3153,1600,1412,25,4.11,6.0,59.0,0.0456,40448.0,high
V7050,Vendor_743_Inc,Textiles,25,4722,822,210,137,160,23,4.37,1.0,7.0,0.0305,60081.0,High
V6766,Vendor_962_Corp,Packaging,16,384,81,15,75,8,26,3.13,5.0,59.0,0.2399,149946.0,low
V5496,Vendor_531_Corp,Raw Materials,15,416,410,252,255,23,6,3.8,10.0,50.0,0.0709,12150.0,High
V4582,Vendor_765_Ltd,Electronics,18,1384,340,268,168,256,4,2.15,4.0,45.0,0.1359,145749.0,1
V8153,Vendor_191_LLC,Raw Materials,25,2604,484,467,398,405,7,4.55,8.0,24.0,0.297,464579.0,
V5773,Vendor_401_Inc,Packaging,21,1318,675,329,466,667,14,3.74,6.0,69.0,0.0679,132334.0,high risk
V6267,Vendor_201_Corp,Machinery,7,1786,1641,806,1312,1359,6,-1.0,5.0,34.0,0.1816,336463.0,
V2746,Vendor_283_Corp,Textiles,20,1155,429,298,173,186,17,2.67,4.0,20.0,0.1666,478742.0,High
V5671,Vendor_320_Inc,Raw Materials,28,3775,748,687,496,707,28,2.26,2.0,4.0,0.2103,82033.0,High
V7233,Vendor_782_Corp,Electronics,12,944,183,52,42,28,28,3.8,4.0,23.0,0.0796,40887.0,High Risk
V9772,Vendor_392_Ltd,Food & Beverage,23,4539,3489,877,2126,1386,5,4.3,7.0,58.0,0.1742,446973.0,
V5345,Vendor_768_Co,Automotive,6,3737,2727,923,577,202,6,3.63,6.0,39.0,0.1782,261699.0,0
V5411,Vendor_472_Inc,Packaging,23,3508,2637,211,1246,450,14,2.74,1.0,24.0,0.0123,28331.0,YES
V2019,Vendor_152_Co,Automotive,29,4448,153,67,107,132,18,4.86,7.0,42.0,0.1294,401775.0,
V6680,Vendor_734_LLC,Food & Beverage,7,1627,1493,158,829,798,26,,1.0,12.0,0.0098,110844.0,High Risk
V4970,Vendor_217_Ltd,Chemicals,3,2584,367,132,335,357,26,2.21,10.0,12.0,0.2104,228650.0,Low
V3897,Vendor_222_Inc,Machinery,19,722,417,237,277,393,6,4.7,7.0,27.0,0.1425,438367.0,0
V4006,Vendor_319_Ltd,Food & Beverage,5,4226,1398,723,1245,1054,4,2.84,1.0,20.0,0.0185,482790.0,1
V4389,Vendor_196_Inc,Electronics,2,673,382,302,276,224,29,4.36,10.0,5.0,0.0921,70370.0,Low
V1605,Vendor_336_Ltd,Packaging,9,4341,811,372,75,717,21,4.97,2.0,63.0,0.0827,370625.0,0
V2175,Vendor_674_Ltd,Automotive,12,934,306,182,8,39,28,2.17,4.0,60.0,0.0902,,1
V2951,Vendor_838_Ltd,Textiles,23,3134,201,52,169,78,15,2.39,1.0,10.0,0.1416,12310.0,low
V6234,Vendor_974_LLC,IT Hardware,28,4716,3278,2406,78,1135,6,4.37,6.0,23.0,0.154,293519.0,NO
V7985,Vendor_166_Co,Office Supplies,5,2892,452,169,222,190,6,4.97,9.0,13.0,0.0024,116158.0,1
V5934,Vendor_116_LLC,Packaging,16,121,17,12,2,17,27,3.67,8.0,1.0,0.0648,204560.0,High Risk
V9371,Vendor_200_LLC,Machinery,1,1832,684,467,202,254,30,3.44,5.0,44.0,0.0746,471887.0,YES
V1662,Vendor_161_Co,Chemicals,18,4996,3862,1448,590,331,14,2.94,3.0,45.0,0.2033,174617.0,NO
V6261,Vendor_723_Corp,Office Supplies,2,3557,2312,392,1821,274,10,4.87,5.0,38.0,0.0883,68559.0,low
V3977,Vendor_193_LLC,Packaging,10,159,88,12,12,5,7,,5.0,11.0,0.2406,98773.0,1
V7559,Vendor_738_Inc,Packaging,5,2711,2053,1511,1825,281,28,3.52,3.0,10.0,0.0156,491073.0,Low
V5781,Vendor_290_Inc,Office Supplies,11,3513,2249,1374,784,1911,15,3.33,7.0,69.0,0.1749,299656.0,YES
V8012,Vendor_518_Inc,Chemicals,19,1490,700,214,175,662,27,2.17,5.0,66.0,0.0807,133852.0,High
V2092,Vendor_144_LLC,Office Supplies,28,2648,452,49,267,337,2,2.61,8.0,25.0,,300374.0,
V3748,Vendor_992_Ltd,Raw Materials,4,669,482,373,334,315,20,Excellent,9.0,8.0,0.1827,171871.0,high
V2002,Vendor_118_Co,Office Supplies,9,3259,1639,593,1132,1232,18,4.5,6.0,67.0,0.0313,117098.0,0
V8170,Vendor_758_Ltd,Packaging,21,931,427,256,195,95,14,2.84,4.0,36.0,0.1164,68020.0,0
V6517,Vendor_636_Corp,Chemicals,28,1832,1765,1378,1552,583,10,4.12,6.0,69.0,0.0507,77552.0,Low
V5110,Vendor_344_Co,Office Supplies,11,4277,2820,2574,1371,438,22,,1.0,32.0,0.0557,486228.0,YES
V9529,Vendor_418_Co,Raw Materials,25,2266,1341,22,1304,240,21,3.8,4.0,57.0,0.0896,66464.0,High Risk
V4284,Vendor_324_Ltd,Office Supplies,18,207,64,14,4,22,13,2.86,2.0,9.0,0.1176,-10000.0,0
V4447,Vendor_885_Ltd,Packaging,12,1383,504,218,189,342,18,2.79,2.0,17.0,,95000.0,high
V5649,Vendor_745_Inc,Raw Materials,13,3560,884,44,761,123,9,4.93,9.0,63.0,0.1247,140495.0,high
V2089,Vendor_681_Co,Packaging,24,4020,3078,525,1554,893,29,3.93,10.0,43.0,0.1068,398375.0,0
V5066,Vendor_339_Corp,Packaging,10,341,95,36,0,45,22,3.19,6.0,29.0,0.2279,216042.0,
V1708,Vendor_375_Ltd,Food & Beverage,26,2261,57,51,26,50,26,3.87,3.0,25.0,0.1232,11489.0,Low
V4219,Vendor_862_Co,Machinery,11,3759,3536,2641,2858,1713,9,2.64,5.0,53.0,0.1646,263254.0,NO
V7481,Vendor_401_Co,Electronics,27,1391,1185,661,97,288,4,3.29,,7.0,0.071,108421.0,YES
V3044,Vendor_891_Ltd,Raw Materials,29,211,81,3,9,37,25,3.16,8.0,,0.1748,300712.0,1
V1811,Vendor_851_Corp,Automotive,21,2062,1786,925,1249,1007,24,2.68,1.0,58.0,0.1178,346966.0,High
V5558,Vendor_362_Co,Office Supplies,3,2962,1518,540,406,1421,8,3.57,1.0,16.0,0.0362,340714.0,Low
V7601,Vendor_748_LLC,Food & Beverage,5,345,314,223,248,136,2,,4.0,51.0,0.2776,447990.0,
V7780,Vendor_954_Inc,Textiles,23,4245,3309,2567,2165,3064,22,2.45,3.0,48.0,0.2323,493443.0,YES
V5648,Vendor_961_Ltd,Automotive,2,3263,359,42,206,281,10,2.02,8.0,24.0,0.2642,410551.0,
V9385,Vendor_348_Inc,Automotive,5,3816,624,150,201,46,8,2.67,9.0,46.0,0.0203,367340.0,1
V4186,Vendor_332_Inc,Textiles,22,3625,2158,1509,1858,1297,28,4.97,8.0,63.0,0.2072,161770.0,NO
V2398,Vendor_294_Ltd,Office Supplies,25,4630,1598,1412,191,1057,5,3.77,4.0,67.0,0.2233,4624.0,High
V5654,Vendor_897_Co,Food & Beverage,7,4882,739,403,728,646,25,4.47,8.0,,0.157,357404.0,NO
V5236,Vendor_156_Inc,Chemicals,4,2946,2162,1576,872,115,30,3.17,7.0,52.0,0.1908,355041.0,1
V9146,Vendor_475_Inc,Raw Materials,13,39,5,5,3,2,9,3.59,10.0,18.0,0.1976,365996.0,1
V6992,Vendor_736_Corp,Machinery,7,4933,2634,2028,1229,2258,30,3.5,10.0,26.0,0.0671,193481.0,
V9301,Vendor_663_Inc,Electronics,4,2317,1042,138,630,614,22,3.0,7.0,4.0,0.2496,102720.0,Low
V4646,Vendor_979_Corp,Machinery,4,3558,3305,981,1040,2670,2,4.14,2.0,50.0,0.1236,403969.0,high
V3948,Vendor_521_Co,Office Supplies,25,1917,1032,776,789,453,17,2.09,3.0,22.0,0.0427,294891.0,YES
V3895,Vendor_701_LLC,Chemicals,25,240,67,15,7,30,5,4.47,4.0,28.0,0.1107,352111.0,YES
V5160,Vendor_990_LLC,Packaging,20,3571,3207,2866,79,250,15,4.65,6.0,64.0,0.0277,178528.0,High
V4733,Vendor_882_Ltd,Raw Materials,18,4820,4696,1346,3088,1219,25,2.33,8.0,60.0,0.1329,495063.0,High
V2840,Vendor_784_Ltd,Machinery,2,4815,695,496,504,212,14,2.41,8.0,39.0,0.2036,128504.0,0
V3274,Vendor_402_LLC,Raw Materials,6,970,830,333,818,559,5,3.84,8.0,42.0,0.0089,176051.0,Low Risk
V5984,Vendor_393_Corp,Chemicals,17,2895,1890,46,1323,1564,5,2.45,4.0,3.0,0.055,,Low Risk
V4274,Vendor_148_Inc,Raw Materials,29,2369,1274,701,1243,1027,22,2.41,1.0,52.0,0.0568,280857.0,low
V4967,Vendor_829_Inc,IT Hardware,23,758,250,191,242,62,-5,2.56,3.0,6.0,0.1286,275985.0,0
V9272,Vendor_396_Ltd,Packaging,1,276,25,16,3,2,7,4.78,1.0,58.0,0.1462,94984.0,high
V6746,Vendor_214_Ltd,Electronics,5,2224,1412,735,1196,1106,4,2.32,2.0,41.0,0.2865,282555.0,Low Risk
V9744,Vendor_706_Inc,Food & Beverage,8,2186,2087,2067,1233,1260,3,3.7,9.0,66.0,0.248,291303.0,Low
V9281,Vendor_916_Ltd,Chemicals,9,2981,2694,1144,721,1773,28,4.04,8.0,7.0,0.0337,102709.0,YES
V2420,Vendor_434_Ltd,Machinery,27,2008,1374,1266,37,265,21,4.77,1.0,69.0,0.2866,369032.0,high
V1657,Vendor_304_Co,Electronics,7,202,171,106,140,17,8,3.75,1.0,45.0,0.2105,305917.0,Low
V9867,Vendor_446_Corp,IT Hardware,11,2873,2112,1984,1329,1395,19,4.26,5.0,43.0,0.0129,325331.0,low
V3468,Vendor_545_Ltd,Packaging,1,2052,33,10,26,21,27,,4.0,62.0,0.0602,424523.0,0
V8952,Vendor_112_Ltd,Packaging,28,2367,897,376,301,264,11,2.87,4.0,,0.164,99999999.0,
V7968,Vendor_765_Inc,Chemicals,5,790,623,83,8,161,3,2.91,8.0,55.0,0.0311,344987.0,High
V7757,Vendor_900_Corp,IT Hardware,1,381,217,143,83,100,23,2.46,9.0,43.0,0.2386,36979.0,1
V5690,Vendor_373_Ltd,Machinery,25,1103,791,676,776,585,12,4.0,5.0,13.0,0.2982,440845.0,YES
V7027,Vendor_914_Corp,Machinery,3,286,109,68,1,52,30,3.83,2.0,12.0,0.1474,210231.0,Low Risk
V1910,Vendor_915_Corp,Automotive,20,4883,4660,4660,2406,2278,27,3.56,3.0,50.0,0.1272,468567.0,
V1097,Vendor_885_Ltd,Textiles,14,4886,661,650,478,546,4,4.78,,46.0,0.2111,,0
V7522,Vendor_132_LLC,Textiles,23,1755,922,476,245,59,4,3.45,10.0,17.0,,5520.0,YES
V8388,Vendor_183_LLC,Machinery,25,2856,1111,105,505,765,18,2.78,5.0,63.0,0.0481,245774.0,High Risk
V5299,Vendor_275_Ltd,IT Hardware,10,4383,3464,3368,3401,1261,6,2.09,10.0,N/A,0.2061,,
V1572,Vendor_462_Ltd,Raw Materials,27,3108,1821,720,1718,907,365,3.44,6.0,12.0,,117969.0,1
V2310,Vendor_580_Ltd,Automotive,22,2354,1481,920,39,428,4,2.17,2.0,28.0,0.2492,146855.0,low
V5631,Vendor_611_Inc,Electronics,22,3638,463,54,315,442,25,3.07,3.0,17.0,0.0136,35629.0,0
V8522,Vendor_785_LLC,Packaging,22,2269,4,0,0,3,1,2.39,1.0,70.0,0.2796,307077.0,1
V4404,,Textiles,22,3765,3278,2593,905,549,23,3.65,4.0,22.0,0.2065,282683.0,High Risk
V4028,Vendor_635_Ltd,Machinery,19,579,193,89,74,115,19,4.1,3.0,40.0,0.2422,348897.0,0
V1994,Vendor_902_Ltd,Electronics,10,4679,4613,2144,4336,4014,20,2.04,9.0,26.0,0.2669,195857.0,1
V2448,Vendor_614_Ltd,Raw Materials,13,4532,1532,424,1122,1091,19,,8.0,45.0,0.1297,465832.0,
V4619,Vendor_754_Co,Raw Materials,30,275,93,77,40,78,16,2.42,2.0,31.0,0.104,168519.0,0
V3759,Vendor_463_Corp,IT Hardware,18,1178,948,586,502,593,30,,7.0,24.0,0.282,244245.0,High Risk
V4964,Vendor_342_Corp,Electronics,5,3113,2991,2764,346,1326,16,2.03,8.0,47.0,0.2226,449825.0,low
V4650,Vendor_132_Inc,Office Supplies,22,1484,1085,705,583,638,7,4.24,7.0,14.0,0.2846,456152.0,
V8114,Vendor_534_Corp,Raw Materials,16,4252,1896,1694,585,1487,10,4.77,,30.0,0.1576,232622.0,high
V6297,Vendor_181_Co,Raw Materials,23,2325,800,410,374,297,28,3.28,1.0,23.0,0.2125,80579.0,high
V5975,Vendor_860_Co,IT Hardware,10,1506,434,92,65,49,9,4.3,4.0,48.0,0.1968,478068.0,low
V5721,Vendor_542_Ltd,IT Hardware,13,84,64,35,28,48,2,2.34,8.0,40.0,0.2943,297645.0,high
V2716,Vendor_967_LLC,Food & Beverage,4,2300,1391,108,578,579,27,4.52,3.0,72.0,0.2661,4131.0,0
V6615,Vendor_936_Ltd,Electronics,11,419,27,7,20,20,29,3.6,4.0,40.0,0.2513,148251.0,1
V3874,Vendor_136_LLC,Machinery,16,2627,2525,1094,742,2367,13,4.13,7.0,55.0,0.18,407515.0,0
V6490,Vendor_612_Ltd,Machinery,1,353,5,3,0,5,4,3.81,5.0,36.0,0.2615,429126.0,
V5979,Vendor_605_Co,Food & Beverage,8,2381,2268,2009,172,1236,1,4.37,3.0,34.0,0.0901,336835.0,YES
V7957,Vendor_641_Co,Office Supplies,27,4907,4724,1873,35,2617,3,3.3,9.0,2.0,0.2407,52421.0,YES
V4286,Vendor_221_Inc,Machinery,30,2222,1720,1066,34,162,8,3.25,6.0,64.0,0.0786,98394.0,1
V2341,Vendor_701_Inc,Food & Beverage,8,2355,189,168,54,83,2,2.0,8.0,38.0,0.1236,191587.0,0
V2195,Vendor_732_Co,Electronics,12,3509,800,392,546,31,1,2.54,1.0,52.0,0.0944,35678.0,YES
V6794,Vendor_318_Inc,Textiles,20,4883,2197,3,1166,107,27,4.5,9.0,10.0,0.1483,376834.0,NO
V8758,Vendor_267_LLC,IT Hardware,6,403,76,44,36,72,2,2.25,3.0,61.0,0.1093,328349.0,
V4222,Vendor_545_Corp,Food & Beverage,24,4146,2240,2174,1600,2165,19,3.64,9.0,59.0,0.0134,175381.0,0
V7208,Vendor_826_Co,IT Hardware,25,1497,238,198,52,51,13,2.18,9.0,26.0,0.0817,227819.0,YES
V2908,Vendor_462_Corp,Machinery,24,2164,355,70,142,342,3,2.98,9.0,43.0,0.0828,331628.0,NO
V2031,Vendor_424_LLC,Chemicals,21,368,237,55,131,95,7,3.08,8.0,37.0,0.0214,,YES
V8102,Vendor_971_Inc,IT Hardware,4,2422,1568,534,984,527,8,2.3,1.0,10.0,0.2847,196211.0,0
V8102,Vendor_185_Co,Packaging,18,2717,2650,1795,1870,706,23,2.93,4.0,50.0,0.0337,86077.0,low
V2789,Vendor_985_Corp,Office Supplies,15,1543,548,322,519,52,24,2.21,5.0,10.0,0.1287,132263.0,low
V8112,Vendor_229_Co,IT Hardware,29,3448,388,193,313,195,28,2.08,10.0,56.0,0.1508,122193.0,1
V4745,Vendor_419_Ltd,Food & Beverage,23,645,95,2,91,16,2,2.84,3.0,,0.2391,102260.0,
V1197,Vendor_579_Ltd,Raw Materials,22,42,19,6,2,0,18,2.52,6.0,31.0,0.2816,68747.0,
V4345,Vendor_761_Co,Chemicals,30,2606,1712,668,132,942,6,3.2,1.0,55.0,0.2774,54431.0,Low Risk
V8557,TBD,Chemicals,24,4844,1819,878,612,1055,14,3.33,4.0,48.0,0.2263,205918.0,1
V1432,Vendor_923_Corp,Electronics,27,785,436,128,263,127,20,2.45,5.0,13.0,0.1362,81943.0,Low
V5506,Vendor_529_LLC,Textiles,11,2708,2092,2050,266,351,4,4.33,10.0,9.0,0.2646,205122.0,
V5769,Vendor_901_Ltd,Chemicals,29,274,208,133,120,98,23,3.61,10.0,69.0,0.2144,230911.0,low
V1631,Vendor_117_Ltd,Electronics,23,2373,1017,494,610,481,10,4.62,6.0,37.0,0.1642,163812.0,Low Risk
V6021,Vendor_947_Co,Office Supplies,24,1947,2,0,2,2,2,4.1,2.0,25.0,0.26,99687.0,YES
V8643,Vendor_852_Inc,Food & Beverage,28,1076,160,69,90,98,11,2.11,7.0,16.0,0.2836,188835.0,High Risk
V7987,Vendor_849_Ltd,Automotive,5,221,94,26,36,73,27,3.36,2.0,16.0,0.1333,227631.0,low
V6113,Vendor_373_LLC,Automotive,12,3532,1022,237,722,240,29,2.91,4.0,72.0,0.1875,405428.0,High Risk
V1651,Vendor_849_Corp,Electronics,4,255,235,134,20,188,5,2.88,5.0,68.0,0.2314,195992.0,high
V1335,Vendor_897_Ltd,Chemicals,2,401,336,223,222,215,13,2.79,3.0,60.0,0.1581,443851.0,
V6406,Vendor_281_Corp,Office Supplies,27,1912,733,257,541,415,4,4.06,7.0,,0.2468,265452.0,low
V9538,Vendor_538_LLC,Machinery,10,3688,2554,580,2108,2149,11,4.3,6.0,60.0,0.1107,486163.0,High
V1548,Vendor_336_Corp,Machinery,3,2650,1983,361,583,13,12,2.19,9.0,53.0,0.0277,183215.0,Low Risk
V7528,Vendor_730_Co,Office Supplies,21,177,131,71,49,122,20,4.55,5.0,35.0,0.0904,406731.0,low
V3002,Vendor_899_Co,Raw Materials,21,3452,2844,1208,2613,2136,26,2.95,8.0,64.0,0.2924,43480.0,NO
V5794,Vendor_204_Ltd,Textiles,4,995,833,424,391,617,5,2.65,5.0,7.0,0.1455,300377.0,High
V8694,Vendor_549_Co,Electronics,7,1130,798,482,273,428,10,3.71,4.0,14.0,0.1307,123083.0,
V7576,Vendor_987_Inc,Packaging,24,1681,608,305,333,200,3,4.31,7.0,41.0,0.1007,77832.0,Low
V6382,Vendor_956_Ltd,IT Hardware,17,2435,2428,1866,1396,439,365,2.12,6.0,66.0,0.0696,222391.0,YES
V1163,Vendor_819_Corp,Packaging,22,2541,1603,639,597,465,28,2.68,10.0,43.0,0.1682,441052.0,1
V3865,Vendor_156_Co,Electronics,18,506,399,176,39,262,14,2.34,8.0,66.0,0.0006,260221.0,1
V4768,Vendor_696_Inc,Chemicals,8,151,96,84,4,40,25,4.13,9.0,36.0,0.1041,338830.0,1
V9228,Vendor_974_Corp,IT Hardware,17,395,260,89,10,242,17,4.69,3.0,5.0,0.1741,68829.0,Low
V7670,Vendor_138_Co,Automotive,15,4134,2025,1988,1713,176,10,3.08,4.0,45.0,0.025,381858.0,low
V4774,Vendor_132_Co,Textiles,14,516,44,19,39,27,13,4.6,7.0,23.0,0.1703,17591.0,YES
V7582,Vendor_481_Ltd,Packaging,25,2637,2618,1420,1667,712,10,2.44,8.0,70.0,0.1223,227341.0,1
V3860,Vendor_484_Corp,Machinery,16,945,890,256,126,627,17,2.41,8.0,48.0,0.2047,362072.0,0
V1308,Vendor_624_Ltd,Packaging,5,2605,2145,1110,576,754,26,2.16,8.0,38.0,0.2506,205119.0,0
V1132,Vendor_192_Co,Machinery,14,2507,379,30,193,378,9,3.47,4.0,71.0,0.139,13701.0,High Risk
V3099,Vendor_926_Inc,Machinery,1,3822,1020,529,674,165,12,3.08,3.0,72.0,0.0906,469266.0,Low
V8012,Vendor_381_LLC,Food & Beverage,9,2804,1254,991,1143,487,17,4.29,3.0,52.0,0.2978,114476.0,0
V4043,Vendor_871_LLC,Office Supplies,4,2044,261,248,67,1,25,2.43,8.0,2.0,0.1972,82843.0,YES
V7818,Vendor_720_Co,IT Hardware,8,2499,348,127,60,285,25,3.57,8.0,57.0,0.0892,309556.0,high
V2010,Vendor_398_LLC,Chemicals,4,3679,923,143,266,517,27,3.16,5.0,29.0,0.0837,236726.0,
V9363,Vendor_320_Co,Automotive,11,533,261,110,145,109,7,4.28,3.0,54.0,0.0574,49491.0,Low
V8369,Vendor_967_Inc,Raw Materials,18,2098,832,338,662,80,24,4.49,1.0,35.0,0.1132,318178.0,Low Risk
V8796,Vendor_193_LLC,Machinery,7,2753,2121,658,1356,192,20,4.25,6.0,60.0,0.0954,457270.0,1
V1533,Vendor_386_Inc,Automotive,19,646,380,153,121,317,30,2.1,4.0,23.0,0.2696,183712.0,1
V4703,Vendor_975_Ltd,IT Hardware,17,1863,691,290,336,34,27,3.66,9.0,37.0,0.2085,110131.0,SAFE
V7079,Vendor_455_Corp,Textiles,25,931,404,21,190,4,1,2.02,4.0,46.0,0.0529,70478.0,
V2191,Vendor_194_Inc,Raw Materials,14,4841,215,13,141,105,10,2.98,1.0,66.0,0.058,298235.0,YES
V2775,Vendor_285_Inc,IT Hardware,9,1208,50,26,24,28,9,2.7,9.0,42.0,0.2579,78145.0,0
V2888,Vendor_390_Inc,Packaging,1,718,477,345,373,110,12,3.23,Bad,21.0,0.0049,147660.0,High
V2540,Vendor_384_Co,Automotive,29,2972,1058,202,849,814,16,4.5,2.0,4.0,0.1545,399029.0,
V1262,Vendor_844_Ltd,Packaging,5,482,113,15,80,1,27,2.58,2.0,,0.0687,130485.0,0
V8153,Vendor_607_Co,Textiles,19,4922,3056,50,1973,2850,19,3.82,4.0,68.0,0.2852,299576.0,YES
V4607,Vendor_826_Ltd,Office Supplies,21,2866,84,25,82,33,17,3.99,8.0,2.0,0.135,184947.0,0
V1233,Vendor_300_Inc,Office Supplies,10,1196,1154,759,787,175,24,4.79,2.0,48.0,0.085,238818.0,Low Risk
V1385,Vendor_804_Inc,Machinery,17,1471,1426,939,322,1166,18,3.89,8.0,53.0,0.1386,72037.0,0
V1268,Vendor_137_Inc,Electronics,11,4438,2520,2046,2187,1840,26,4.16,7.0,16.0,0.0635,343805.0,YES
V9797,Vendor_909_LLC,Machinery,1,562,40,38,38,23,12,4.04,10.0,71.0,0.0265,368209.0,Low Risk
V8194,Vendor_367_Ltd,Raw Materials,11,596,295,183,102,275,11,3.5,10.0,24.0,0.2519,185943.0,High
V9128,Vendor_190_LLC,Textiles,10,2816,802,726,388,442,14,4.65,4.0,43.0,0.025,487425.0,High
V5008,Vendor_466_Corp,Electronics,5,2035,422,88,3,85,26,3.12,6.0,45.0,0.2561,32131.0,1
V3285,Vendor_622_Corp,Textiles,6,749,729,179,718,228,12,2.72,10.0,33.0,High,50698.0,High Risk
V5190,Vendor_280_Corp,Food & Beverage,13,3183,720,686,479,559,20,3.06,3.0,3.0,0.0051,30897.0,1
V9659,Vendor_959_Ltd,Machinery,16,356,38,34,21,15,29,3.16,8.0,64.0,0.0965,426185.0,low
V6723,Vendor_138_Co,Textiles,2,847,328,68,229,207,8,2.11,6.0,65.0,0.1029,319922.0,YES
V1020,Vendor_884_Co,Food & Beverage,16,2729,676,235,500,8,16,3.12,10.0,7.0,0.2253,108815.0,0
V8511,Vendor_782_Inc,Packaging,23,655,356,202,151,6,13,3.7,2.0,34.0,0.2795,382626.0,
V7777,Vendor_486_Inc,Machinery,27,2243,1676,1413,20,851,25,3.46,10.0,2.0,0.188,208339.0,0
V8628,Vendor_631_Co,Automotive,28,2183,2002,1242,1660,1924,19,3.32,4.0,48.0,0.2002,188361.0,0
V5009,Vendor_445_Corp,Textiles,5,1209,872,656,101,811,3,2.18,5.0,5.0,0.0232,455268.0,low
V4433,Vendor_438_Inc,Textiles,20,530,5,4,4,0,10,3.15,1.0,39.0,0.1762,31722.0,1
V9238,Vendor_500_LLC,Automotive,25,1479,942,432,237,460,23,4.94,6.0,,0.1906,329994.0,RISK
V8063,Vendor_660_Corp,Chemicals,16,1479,877,28,86,799,26,,7.0,37.0,0.2544,201207.0,High Risk
V3470,Vendor_907_Corp,IT Hardware,3,3335,2511,283,1468,2226,1,4.71,4.0,55.0,0.1296,417646.0,
V9961,Vendor_239_LLC,Electronics,14,585,141,32,18,135,7,4.25,9.0,51.0,High,64734.0,low
V4521,Vendor_749_LLC,Packaging,27,4357,406,311,52,311,3,4.63,9.0,64.0,0.1241,241268.0,SAFE
V6496,Vendor_613_Co,Food & Beverage,8,4030,2916,1746,588,334,3,2.83,1.0,30.0,0.2225,58285.0,Low
V3901,Vendor_633_Corp,Textiles,26,3367,19,10,7,9,9,2.77,7.0,10.0,0.0105,55967.0,Low Risk
V9462,Vendor_308_Corp,Textiles,18,507,485,259,393,360,27,2.42,5.0,67.0,0.0369,232805.0,0
V5403,Vendor_897_Inc,Office Supplies,8,1411,91,22,12,42,18,3.83,4.0,35.0,0.2956,-10000.0,Low
V4281,Vendor_625_LLC,Chemicals,30,3762,1460,462,713,207,12,3.24,10.0,28.0,0.0663,350548.0,Low Risk
V7389,Vendor_922_Inc,Machinery,24,4155,2005,1621,1358,1609,3,3.28,9.0,42.0,0.2238,264494.0,High
V2491,Vendor_989_Co,Chemicals,13,1987,1406,896,344,802,19,4.52,8.0,71.0,0.0288,406263.0,
V4891,Vendor_842_LLC,Machinery,5,502,403,192,331,293,24,2.58,8.0,31.0,0.1199,179315.0,YES
V4281,Vendor_139_LLC,Automotive,29,434,350,306,228,221,14,3.27,6.0,32.0,0.1094,369504.0,YES
V7814,Vendor_941_Inc,Electronics,27,3844,3280,2617,248,1478,20,2.8,1.0,10.0,0.2503,41860.0,1
V1144,Vendor_508_Co,Food & Beverage,16,1372,1044,338,370,914,15,3.46,1.0,69.0,0.2442,95531.0,Low Risk
V6068,Vendor_887_Inc,Chemicals,18,4925,4057,152,1879,104,26,4.36,2.0,31.0,0.0979,350971.0,High
V8097,Vendor_406_Inc,Electronics,25,4780,881,369,848,726,26,4.92,2.0,36.0,0.1128,367802.0,YES
V7643,Vendor_491_LLC,Office Supplies,12,3924,1700,261,589,343,9,3.78,1.0,,0.1238,315360.0,No
V2086,Vendor_802_Ltd,Textiles,27,4071,1778,1003,1530,524,2,3.22,9.0,44.0,0.2622,357400.0,NO
V8962,Vendor_206_Inc,Packaging,9,1992,767,539,408,409,9,3.25,1.0,45.0,0.0735,81866.0,high
V7720,Vendor_649_Ltd,Food & Beverage,13,3884,792,528,149,694,18,3.76,6.0,34.0,0.0452,68244.0,Low
V6709,Vendor_276_Co,Machinery,1,4253,2050,529,1759,479,11,4.25,9.0,18.0,0.2184,451919.0,High Risk
V5298,Vendor_786_Ltd,Automotive,21,3006,1335,403,937,233,11,3.79,10.0,51.0,0.1761,183412.0,Low
V7367,Vendor_390_Inc,Packaging,20,706,455,34,119,436,30,4.24,4.0,55.0,0.0773,297756.0,Low Risk
V9179,Vendor_448_Inc,Automotive,8,812,229,198,111,179,20,2.64,8.0,62.0,0.2686,70471.0,NO
V8331,Vendor_978_Inc,Raw Materials,11,4820,1111,378,1057,1066,23,3.77,5.0,20.0,0.2402,139772.0,
V1085,Vendor_311_Ltd,Textiles,17,814,109,3,19,101,29,2.83,8.0,40.0,0.0366,487566.0,NO
V1414,Vendor_255_Ltd,Office Supplies,24,2676,2658,2126,186,148,5,2.2,3.0,41.0,0.1389,444905.0,1
V8968,Vendor_662_Co,Automotive,27,662,423,146,271,264,8,2.68,8.0,30.0,0.2313,96391.0,
V1133,Vendor_726_Co,Textiles,28,2504,1780,1470,705,182,5,4.56,1.0,48.0,0.2703,28854.0,0
V8108,Vendor_926_Corp,Chemicals,23,4697,1022,927,642,444,1,4.69,1.0,72.0,0.1753,119034.0,NO
V8739,Vendor_674_LLC,Textiles,19,1581,1273,850,767,1218,1,2.16,1.0,1.0,0.0845,2628.0,1
V5884,Vendor_217_LLC,Automotive,22,3446,1279,1095,941,1060,8,2.36,8.0,56.0,0.0139,281900.0,
V3300,Vendor_916_Inc,Food & Beverage,20,3939,3726,25,3155,2767,29,2.95,6.0,55.0,0.0929,346692.0,1
V3737,Vendor_119_Corp,Textiles,23,4529,53,31,12,14,9,4.57,6.0,42.0,0.2161,24225.0,High
V8624,Vendor_128_Ltd,Packaging,20,1093,491,444,458,31,9,3.56,6.0,30.0,0.0306,19414.0,
V2179,Vendor_109_Ltd,Textiles,27,1623,1473,200,1255,869,26,4.72,1.0,12.0,0.0421,177211.0,Low
V4737,Vendor_587_Co,Raw Materials,18,734,534,325,530,165,26,3.1,5.0,56.0,0.1381,143439.0,0
V6236,Vendor_797_LLC,Electronics,21,475,412,410,307,206,16,4.99,5.0,54.0,0.1214,387259.0,0
V3910,Vendor_192_Ltd,Packaging,7,2585,1785,639,167,317,8,3.23,1.0,43.0,0.1476,173811.0,High
V6905,Vendor_356_Corp,Packaging,22,1090,618,162,280,95,29,3.95,1.0,51.0,0.1877,381626.0,NO
V1080,Vendor_401_LLC,IT Hardware,8,4432,2294,1830,1249,1583,30,3.37,2.0,62.0,0.2163,482742.0,High
V7827,Vendor_859_Co,Raw Materials,3,1507,629,560,619,372,2,4.53,1.0,70.0,0.2494,309443.0,low
V8758,Vendor_740_LLC,Chemicals,22,2037,895,768,464,651,19,3.65,6.0,23.0,0.1865,436356.0,1
V2726,Vendor_132_Ltd,Machinery,5,20,4,1,1,3,11,,6.0,18.0,0.0361,95865.0,1
V2061,Vendor_465_Ltd,Chemicals,25,3026,870,227,606,337,14,2.05,8.0,65.0,0.0077,,1
V5073,Vendor_433_Corp,Office Supplies,3,644,81,31,80,17,7,3.04,3.0,39.0,0.1579,453946.0,Low
V3697,Vendor_355_Ltd,Textiles,25,2320,1043,896,573,800,1,2.27,10.0,40.0,,428800.0,1
V1494,Vendor_916_Inc,Automotive,30,4138,3892,2487,213,1664,30,3.57,,30.0,0.0529,364814.0,Low
V2684,Vendor_462_Co,Textiles,20,336,183,53,174,63,24,2.46,4.0,21.0,0.2929,426077.0,0
V6437,Vendor_621_Ltd,Automotive,11,3690,1474,731,710,284,13,4.63,6.0,4.0,0.2174,224450.0,
V3178,Vendor_299_Ltd,IT Hardware,7,1814,85,5,38,1,14,4.4,3.0,55.0,0.1641,134770.0,1
V9122,Vendor_391_Inc,Food & Beverage,24,3245,2948,271,2183,447,11,3.32,N/A,17.0,0.1297,112991.0,
V1984,Vendor_667_Ltd,Raw Materials,9,1868,1308,273,231,353,24,4.11,9.0,38.0,0.0423,20234.0,low
V4623,Vendor_139_Ltd,Food & Beverage,23,2208,505,430,210,288,3,2.49,3.0,,0.0502,190241.0,YES
V8380,Vendor_985_Ltd,Machinery,18,2641,2450,2233,2343,1927,24,4.22,5.0,25.0,0.2839,82893.0,1
V5602,TBD,IT Hardware,5,1662,1417,837,1349,32,18,2.11,4.0,58.0,0.2405,139865.0,0
V9629,Vendor_355_Corp,Automotive,24,4833,656,123,222,126,24,2.39,8.0,17.0,0.0436,383264.0,
V2552,Vendor_102_Corp,Chemicals,17,1054,535,460,40,522,23,2.32,10.0,57.0,0.0217,293746.0,High Risk
V7830,Vendor_830_Ltd,IT Hardware,8,4271,497,270,323,262,6,2.11,1.0,66.0,0.0704,265559.0,High
V2655,Vendor_515_Corp,Automotive,10,498,365,8,188,209,13,2.88,9.0,57.0,0.0031,353170.0,low
V1742,Vendor_227_Inc,Automotive,22,164,3,2,1,1,12,3.42,2.0,52.0,0.1121,228315.0,0
V5821,Vendor_591_LLC,Packaging,4,2714,1363,801,931,941,2,4.67,8.0,39.0,0.2599,137536.0,NO
V9552,Vendor_495_Ltd,Textiles,13,1894,359,1,8,32,4,2.14,1.0,66.0,0.2524,313929.0,YES
V4770,Vendor_493_Corp,IT Hardware,23,4382,4035,2181,2196,3364,14,3.58,4.0,12.0,0.0706,2502.0,1
V1126,Vendor_207_Ltd,Packaging,1,3947,1956,904,1268,324,26,2.62,6.0,24.0,0.166,309964.0,1
V2429,Vendor_126_Ltd,Packaging,25,4258,2039,539,1769,1702,999,4.48,3.0,58.0,0.1265,201510.0,Low
V9769,Vendor_500_Corp,Automotive,4,1475,332,92,183,96,15,Excellent,2.0,33.0,0.2711,28049.0,Low Risk
V1737,Vendor_927_Corp,Office Supplies,7,4317,1789,1649,1666,354,27,2.19,4.0,19.0,0.2636,339243.0,0
V4346,Vendor_136_Corp,Textiles,11,4147,2707,1784,1606,1063,21,4.52,7.0,18.0,0.0662,294005.0,low
V7607,Vendor_936_LLC,Raw Materials,15,4162,1824,1127,1317,775,15,4.4,8.0,12.0,0.257,235392.0,Low
V4180,Vendor_767_Co,IT Hardware,16,169,24,1,24,6,1,2.66,6.0,14.0,0.294,196614.0,Low
V4170,Vendor_620_Corp,Office Supplies,28,730,219,23,107,206,18,3.98,9.0,53.0,0.2886,409532.0,High
V3105,Vendor_359_LLC,Office ,2,2258,32,17,9,14,20,,2.0,5.0,0.2788,421346.0,High
V9739,Vendor_319_Ltd,Automotive,3,4359,3241,1713,1532,203,25,3.17,3.0,15.0,0.0873,233010.0,1
V3252,Vendor_127_Co,Chemicals,12,1400,461,181,416,39,19,4.13,7.0,15.0,0.1003,410529.0,low
V6535,Vendor_749_Co,Textiles,17,1088,391,381,189,127,6,3.53,1.0,13.0,0.2354,26217.0,High Risk
V4114,Vendor_815_Ltd,Packaging,18,4030,3222,751,527,1116,24,4.14,2.0,14.0,0.1278,181320.0,Low Risk
V9389,Vendor_716_Co,Packaging,7,2222,724,103,175,132,25,2.96,5.0,14.0,0.0783,20365.0,1 
V5033,Vendor_214_Ltd,Raw Materials,21,2240,591,312,97,105,12,4.59,10.0,71.0,,88225.0,
V7657,Vendor_997_Ltd,Automotive,19,1642,1187,306,1089,1144,17,2.04,1.0,52.0,0.1897,179528.0,
V2914,Vendor_723_Inc,Textiles,1,1384,1152,1140,79,924,12,4.79,,66.0,0.2522,489686.0,YES
V4789,Vendor_520_Corp,Machinery,15,4617,134,19,26,35,14,3.6,2.0,14.0,0.2043,288607.0,low
V8171,Vendor_949_Ltd,Textiles,27,3859,2086,1699,231,1397,15,3.48,10.0,18.0,0.2963,411116.0,YES
V7493,Vendor_837_Corp,Food & Beverage,7,95,38,35,33,27,28,4.24,7.0,40.0,0.0913,397075.0,low
V3805,Vendor_323_Ltd,Office Supplies,25,4024,105,67,67,9,22,2.88,3.0,58.0,0.2547,-1000.0,high
V6843,Vendor_185_Corp,Raw Materials,23,2703,1718,1365,1712,514,26,3.46,10.0,64.0,0.0664,228418.0,RISK
V7780,Vendor_738_Corp,Packaging,11,4457,90,6,87,29,9,4.45,,8.0,0.0473,258508.0,
V8695,Vendor_869_Corp,Office Supplies,12,4409,1926,763,791,1237,5,4.32,2.0,26.0,0.0185,200211.0,High
V4164,Vendor_496_LLC,Food & Beverage,4,2180,1616,24,33,119,7,2.06,4.0,61.0,0.0832,383081.0,NO
V2493,Vendor_663_LLC,Chemicals,11,4119,1331,571,1050,1241,12,2.68,8.0,22.0,0.0843,81720.0,0
V8174,Vendor_168_Inc,Food & Beverage,2,4359,1357,302,543,1126,14,3.46,10.0,51.0,0.2448,18259.0,
V9731,Vendor_547_LLC,Packaging,27,2409,1599,362,638,972,15,4.78,3.0,28.0,0.1232,86227.0,low
V8844,Vendor_493_Co,Textiles,11,2268,599,168,393,260,27,2.15,4.0,2.0,0.0194,276807.0,Low
V4451,Vendor_319_Corp,Office Supplies,6,4228,1045,1005,590,92,6,2.69,10.0,42.0,0.0792,22473.0,low
V7018,Vendor_916_Co,Chemicals,26,2787,765,508,708,509,3,4.18,2.0,56.0,0.1807,432143.0,0
V9279,Vendor_523_Ltd,Chemicals,22,4680,747,258,393,248,27,2.72,3.0,,0.263,49034.0,low
V8434,Vendor_488_Co,Food & Beverage,20,3086,1435,1065,817,873,16,,10.0,52.0,0.2318,191807.0,NO
V6023,Vendor_881_Ltd,Packaging,5,2117,1004,317,852,589,30,3.29,6.0,8.0,0.2542,101906.0,High
V9714,Vendor_257_LLC,Machinery,28,2674,1728,677,222,685,2,3.78,5.0,63.0,0.1203,180381.0,Low Risk
V9162,Vendor_567_Corp,Packaging,15,3839,3128,2491,1760,2671,13,2.14,8.0,1.0,0.0053,387785.0,1
V8988,Vendor_106_Inc,Automotive,16,4131,2529,1802,456,746,16,2.49,2.0,56.0,0.2019,50580.0,low
V5556,Vendor_319_Ltd,Textiles,7,1593,952,730,232,63,4,3.59,6.0,52.0,0.2913,12428.0,low
V8029,Vendor_375_Co,Chemicals,20,847,438,92,94,195,21,2.32,7.0,13.0,0.0936,465779.0,0
V6689,Vendor_580_Inc,IT Hardware,25,2553,461,421,133,21,19,3.05,6.0,51.0,0.265,56857.0,RISK
V1272,Vendor_600_Corp,Automotive,16,4823,4197,3624,1381,3317,27,,10.0,57.0,0.2573,71966.0,
V4967,Vendor_977_LLC,Textiles,18,273,199,158,155,172,11,2.96,,38.0,,24466.0,
V9805,Vendor_416_Corp,IT Hardware,22,3810,2189,69,243,1590,14,2.83,3.0,30.0,0.1681,447165.0,Low
V8558,Vendor_166_Co,Machinery,30,1000,333,117,241,225,23,2.25,5.0,5.0,0.1968,374823.0,High
V8067,Unknown,Textiles,29,3576,2448,1512,266,53,4,3.95,2.0,18.0,0.1557,255113.0,
V7710,Vendor_203_Inc,Packaging,11,74,20,17,19,9,9,3.11,2.0,15.0,0.2423,256106.0,
V7863,Vendor_230_Corp,IT Hardware,21,2693,2555,101,1101,169,10,4.99,4.0,37.0,0.0345,480220.0,0
V2713,Vendor_610_Ltd,Chemicals,21,2811,2644,2566,665,1337,18,3.07,6.0,20.0,0.2769,212578.0,High
V4713,Vendor_888_Co,Raw Materials,16,1578,912,174,766,179,25,3.14,10.0,53.0,0.1673,462964.0,
V8157,Vendor_110_Inc,Packaging,21,1024,330,168,286,36,27,4.6,6.0,60.0,0.0812,168900.0,Low
V4763,Vendor_678_LLC,Packaging,8,291,154,58,90,123,23,3.29,4.0,23.0,0.0473,225631.0,0
V8019,Vendor_956_LLC,Food & Beverage,13,2217,1605,1023,1140,266,999,2.38,7.0,9.0,0.0019,378566.0,Low Risk
V9109,Vendor_459_LLC,IT Hardware,18,76,73,36,13,39,20,4.12,,60.0,0.0117,164077.0,YES
V4057,Vendor_234_LLC,Textiles,30,1699,690,564,84,678,22,3.67,1.0,67.0,0.2725,479082.0,High
V3935,Vendor_386_Inc,IT Hardware,23,334,204,119,168,152,8,4.83,3.0,25.0,0.0261,71377.0,
V6033,Vendor_371_Inc,Chemicals,3,4576,4125,2763,875,3630,8,4.95,9.0,70.0,0.2516,166670.0,High Risk
V5363,Vendor_557_Inc,Machinery,21,1212,287,39,45,89,25,4.37,6.0,,0.1293,348970.0,low
V5638,Vendor_389_Corp,Textiles,10,3371,469,6,329,405,5,4.82,2.0,50.0,0.1047,472821.0,High
V5565,Vendor_368_Corp,IT Hardware,27,837,51,33,47,5,7,4.66,7.0,35.0,0.1635,413602.0,low
V6877,Vendor_558_Ltd,Raw Materials,4,4237,4178,1720,1806,3664,17,2.52,2.0,,0.1998,323989.0,low
V8699,Vendor_842_LLC,Office ,23,2393,931,764,91,785,10,3.87,7.0,29.0,0.029,266589.0,Low
V2539,Vendor_323_Corp,Raw Materials,1,1498,1489,559,1070,885,7,4.65,9.0,4.0,TBD,455964.0,NO
V5298,Vendor_578_Ltd,Office Supplies,22,3975,721,282,248,202,1,2.8,9.0,34.0,0.086,432897.0,low
V6599,Vendor_691_Ltd,Machinery,2,4437,4306,1566,2945,551,17,3.75,8.0,71.0,0.1391,466003.0,1
V4829,Vendor_298_Inc,Textiles,13,4069,2254,1417,2163,1849,30,4.78,8.0,55.0,0.2796,210310.0,High Risk
V6810,Vendor_681_Corp,Textiles,1,2822,1166,475,609,925,30,4.4,5.0,32.0,0.1023,342971.0,High Risk
V3632,Vendor_246_Corp,Chemicals,15,1103,670,200,268,221,30,3.23,10.0,36.0,0.0835,239569.0,0
V9615,Vendor_293_Ltd,Chemicals,11,4032,660,339,218,590,8,3.33,1.0,10.0,0.2241,202641.0,High Risk
V5776,Vendor_744_Inc,Food & Beverage,14,4440,890,618,144,635,7,2.59,8.0,63.0,0.2316,301038.0,1
V2450,Vendor_986_LLC,Electronics,19,4441,375,343,226,142,21,,5.0,72.0,0.1935,338596.0,high risk
V5545,Vendor_185_Corp,IT Hardware,19,4006,3564,1478,1214,2063,10,-5.0,8.0,43.0,0.2375,474013.0,1
V8754,Vendor_414_LLC,Office Supplies,26,2008,1038,195,702,576,21,3.82,6.0,42.0,0.2423,186501.0,Low
V5503,Vendor_489_Corp,IT Hardware,3,1615,1104,382,53,925,-5,3.88,8.0,,0.1831,259196.0,high
V5281,Vendor_781_Corp,Chemicals,11,1581,218,171,71,168,22,3.31,5.0,63.0,0.2646,239880.0,Low
V7051,Vendor_650_LLC,Machinery,4,2483,281,230,241,225,14,3.0,9.0,54.0,0.0809,489341.0,0
V9615,Vendor_541_Corp,Textiles,7,432,18,6,9,12,2,3.42,3.0,70.0,0.1198,365096.0,YES
V8142,Vendor_998_Ltd,Electronics ,12,2708,2131,1327,802,591,25,2.52,9.0,61.0,0.2151,225818.0,Low Risk
V5114,Vendor_106_Corp,Textiles,28,4219,3538,970,1274,2241,25,2.26,8.0,7.0,0.2672,341831.0,YES
V3005,Vendor_663_Inc,Office Supplies,5,1400,472,350,189,378,20,3.98,7.0,46.0,0.1197,,NO
V9315,Vendor_312_LLC,Office Supplies,1,1378,160,123,144,93,15,3.92,8.0,58.0,0.2196,399704.0,High Risk
V6735,Vendor_412_Ltd,Machinery,11,417,74,2,54,74,14,4.73,5.0,18.0,0.2434,361672.0,0
V7381,Vendor_750_Corp,IT Hardware,21,2586,11,4,10,5,15,4.7,5.0,8.0,0.0084,370544.0,Low
V6415,Vendor_611_Co,Textiles,11,3693,2803,2074,1664,1137,11,4.25,6.0,64.0,0.1056,91255.0,High
V7249,Vendor_388_Ltd,Raw Materials,16,108,13,6,8,5,27,4.45,9.0,34.0,0.0108,487089.0,Low Risk
V7144,Vendor_358_Ltd,Office Supplies,7,958,426,227,194,63,23,4.06,1.0,39.0,0.1263,53942.0,YES
V2943,Vendor_866_Inc,Raw Materials,23,3341,2721,1909,1777,879,7,4.02,10.0,23.0,,414717.0,1
V7747,Vendor_438_Corp,Raw Materials,17,1378,1346,13,1002,443,19,2.69,10.0,36.0,0.0,366103.0,RISK
V5518,Vendor_550_Co,Electronics,10,1986,780,594,23,26,14,4.2,5.0,34.0,0.018,,YES
V5980,Vendor_864_Corp,Textiles,28,2149,1659,258,1515,1552,23,3.95,5.0,60.0,0.0826,418154.0,Low Risk
V1173,Vendor_531_Ltd,Textiles,4,2394,1919,1859,988,94,18,2.71,8.0,49.0,0.0433,317512.0,Low
V2289,Vendor_530_Inc,IT Hardware,8,3252,2121,1350,1127,1193,7,2.3,2.0,12.0,0.096,397772.0,YES
V5784,Vendor_454_Co,IT Hardware,27,3706,1996,2,905,1317,24,2.24,4.0,8.0,0.0763,167616.0,0
V6396,Vendor_603_LLC,Chemicals,25,2779,396,237,117,173,30,4.41,10.0,25.0,0.2999,240325.0,high
V4889,Vendor_772_Co,Electronics,28,1536,67,32,6,5,28,3.64,4.0,37.0,0.1881,,YES
V5476,Vendor_249_LLC,Chemicals,1,2708,2622,364,1486,1366,4,,4.0,49.0,0.2855,411377.0,1
V8692,Vendor_158_Co,Food & Beverage,6,29,28,8,22,16,30,3.57,5.0,6.0,0.2969,7174.0,high
V4857,Vendor_343_Co,Raw Materials,5,1864,1213,920,333,1067,4,4.96,9.0,64.0,0.009,483319.0,0
V3164,Vendor_311_LLC,IT Hardware,9,4161,2439,1480,703,406,4,3.63,9.0,40.0,0.129,120596.0,YES
V1158,Vendor_840_Corp,Packaging,28,1271,1171,485,178,154,30,3.85,3.0,59.0,0.1893,174487.0,
V1124,Vendor_729_Inc,Packaging,6,3758,507,229,141,310,20,4.88,9.0,1.0,0.1349,257013.0,Low Risk
V9508,Vendor_132_Inc,Food & Beverage,8,108,46,35,4,15,6,2.35,7.0,57.0,0.2572,397995.0,YES
V9453,Vendor_955_Co,Raw Materials,13,1215,1110,903,912,594,7,2.16,1.0,19.0,0.2,349898.0,1
V2556,Vendor_514_Corp,Chemicals,5,1121,70,34,26,4,27,3.24,4.0,64.0,0.1111,315474.0,YES
V3207,Vendor_912_Inc,Textiles,24,2000,267,76,14,50,26,4.18,1.0,71.0,0.0565,20743.0,0
V3052,Vendor_221_Corp,Raw Materials ,5,1885,1689,654,947,1244,11,2.07,10.0,72.0,0.1837,490927.0,Low
V5089,Vendor_612_Corp,Packaging,6,3776,2045,82,326,665,18,4.34,8.0,55.0,0.0314,271444.0,High
V6772,Vendor_929_Inc,Office Supplies,18,2728,1084,925,406,574,29,3.0,4.0,28.0,0.2922,207724.0,Low Risk
V8835,Vendor_364_Corp,Automotive,5,2356,1232,85,1211,1137,365,2.34,10.0,66.0,0.179,478865.0,Low
V1000,Vendor_901_Inc,Packaging,10,3970,3728,2735,3609,3340,20,3.2,2.0,41.0,0.0944,426173.0,High Risk
V9513,Vendor_681_Ltd,Packaging,30,3315,2637,1408,604,569,8,4.16,10.0,52.0,0.1684,223426.0,0
V9842,Vendor_212_Corp,Raw Materials,22,2855,595,71,461,212,17,4.46,8.0,31.0,0.2226,365041.0,YES
V8359,Vendor_706_Co,Machinery,1,4921,723,109,696,192,23,2.92,6.0,60.0,0.1235,75866.0,low
V9682,Vendor_287_Ltd,Automotive,1,2011,1551,1368,1138,1256,5,4.88,6.0,71.0,0.1259,179937.0,0
V5509,Vendor_192_LLC,Office Supplies,23,3134,2204,1901,1484,1961,17,3.42,8.0,2.0,0.2035,140997.0,High
V8270,Vendor_813_Ltd,Machinery,9,2581,716,582,91,519,6,4.46,1.0,28.0,0.1439,403886.0,1 
V9711,Vendor_315_Co,Packaging,23,2954,1071,536,875,109,3,3.43,10.0,28.0,0.1351,412187.0,High Risk
V9580,Vendor_529_LLC,Textiles,15,3306,2650,2342,2167,1902,2,3.36,5.0,16.0,0.0568,441926.0,1
V8775,Vendor_296_Co,IT Hardware,6,511,71,51,20,1,25,4.51,10.0,11.0,,298087.0,High Risk
V5443,Vendor_350_LLC,Raw Materials,19,3267,1323,856,715,915,24,2.1,10.0,3.0,0.0315,64327.0,High
V1532,Vendor_602_Inc,IT Hardware,28,4576,725,578,112,585,19,2.39,7.0,39.0,0.0131,212636.0,Low Risk
V2529,Vendor_448_Ltd,Packaging,20,4301,1470,1049,736,1226,15,2.6,9.0,52.0,0.2265,228795.0,1
V9710,Vendor_494_LLC,Machinery,17,4265,795,103,742,236,22,2.75,3.0,72.0,0.2248,218676.0,NO
V5571,Vendor_671_Inc,Machinery,10,2175,1983,393,1960,504,25,2.87,4.0,,0.0951,183873.0,High Risk
V8557,Vendor_760_Co,Raw Materials,10,4657,445,435,384,281,22,2.2,2.0,26.0,0.2177,256428.0,Low
V2737,Vendor_107_LLC,Chemicals,18,1867,82,57,53,71,1,4.02,9.0,47.0,0.2353,245067.0,High Risk
V2764,Vendor_253_Ltd,Electronics,26,641,71,47,28,0,15,2.58,7.0,52.0,0.0536,215656.0,YES
V8005,Vendor_514_Corp,Raw Materials ,24,4023,2817,1330,1874,1010,27,3.14,6.0,51.0,0.1835,390266.0,No
V6805,Vendor_210_Corp,Raw Materials,21,4496,3376,1896,2689,1723,16,2.23,,Fast,0.0516,315249.0,High Risk
V3946,Vendor_279_Corp,Machinery,6,3242,294,269,147,125,30,3.09,5.0,37.0,,430022.0,1
V3928,Vendor_637_Co,Food & Beverage,21,37,6,0,1,3,5,2.4,10.0,57.0,0.1222,321241.0,
V8202,Vendor_704_Co,Automotive,16,1742,1507,998,183,484,1,3.58,6.0,32.0,0.1518,283918.0,Low Risk
V2052,Vendor_938_Corp,Office Supplies,28,367,139,136,57,40,5,2.28,3.0,10.0,0.1116,156227.0,High Risk
V4107,Vendor_213_Ltd,Raw Materials,12,1850,250,80,82,53,8,4.3,Bad,6.0,0.1556,25709.0,0
V3327,Unknown,IT Hardware,10,827,737,386,719,189,16,2.7,2.0,9.0,0.2577,312134.0,High Risk
V6636,Vendor_460_LLC,Chemicals,15,3750,3479,1038,1468,3352,26,2.14,8.0,,0.2306,85196.0,1
V6067,Vendor_980_Ltd,Packaging,4,2280,375,57,266,336,5,4.9,3.0,16.0,0.0087,204842.0,NO
V1976,Vendor_402_Corp,Machinery,10,403,59,45,11,17,29,2.29,8.0,54.0,0.0012,353852.0,Low Risk
V4102,Vendor_437_Corp,Chemicals,20,1344,1258,528,1082,851,12,2.59,5.0,7.0,0.0705,185541.0,0
V3617,Vendor_664_Corp,Automotive,3,4649,1752,647,846,1665,22,2.2,5.0,20.0,0.0997,193120.0,1
V2101,Vendor_867_Co,Chemicals,11,3156,2779,1367,2559,2385,27,4.45,5.0,39.0,0.1298,403367.0,Low
V2163,Vendor_190_Co,Machinery,17,3372,892,499,574,519,28,4.07,10.0,7.0,,497898.0,0
V7973,Vendor_670_LLC,Raw Materials ,15,1989,1475,463,231,1377,15,3.57,3.0,58.0,0.0997,71242.0,NO
V4362,Vendor_368_Ltd,Electronics,30,4326,1396,885,134,957,26,3.64,4.0,56.0,0.2503,41995.0,High
V1924,Vendor_886_Corp,Packaging,4,4622,2922,2137,2745,1900,21,2.38,6.0,30.0,0.1538,342755.0,0
V5364,Vendor_326_Inc,Raw Materials,24,1215,494,35,443,61,13,3.15,4.0,70.0,0.0476,243227.0,
V2079,Vendor_775_Corp,Food & Beverage,9,3309,2503,2376,215,682,30,4.33,5.0,13.0,0.0871,468170.0,Low Risk
V4059,Vendor_611_Corp,Packaging,9,3515,1446,630,940,142,17,3.37,9.0,61.0,0.0111,210248.0,high
V5804,Vendor_695_Co,Office Supplies,12,4810,3946,1371,3304,2022,26,3.16,4.0,63.0,0.0972,,High
V8607,Vendor_225_LLC,Packaging,27,4278,4201,1240,3084,468,16,3.79,7.0,53.0,,388878.0,Low Risk
V1713,Vendor_118_Inc,Machinery,22,4725,1633,307,1567,1552,11,2.26,10.0,70.0,0.0753,475138.0,0
V2378,Vendor_844_Co,Automotive,8,2730,1212,890,1202,197,22,4.46,3.0,31.0,0.2036,,High
V4512,Vendor_329_Inc,Raw Materials,29,2355,555,224,1,9,18,3.44,2.0,,0.2121,415191.0,YES
V4347,Vendor_130_Co,Food & Beverage,17,3088,349,287,67,162,28,4.31,10.0,4.0,0.18,93687.0,High Risk
V1935,Vendor_926_Corp,Automotive,13,234,87,79,55,54,24,4.8,5.0,69.0,0.1391,301208.0,NO
V9648,Vendor_581_Inc,Textiles,25,3838,118,92,51,110,16,2.18,2.0,70.0,0.2041,63783.0,0
V2951,Vendor_918_Ltd,IT Hardware,27,1448,198,190,20,188,15,4.15,4.0,51.0,0.1202,143729.0,0
V3081,Vendor_476_LLC,Machinery,14,4228,2206,1112,448,1275,1,4.73,9.0,,0.1807,377584.0,High Risk
V4285,Vendor_442_Corp,Office Supplies,7,255,16,10,13,8,18,4.45,,8.0,0.0707,39226.0,
V8841,Vendor_718_Co,Textiles,7,2893,2828,2425,494,502,19,2.25,8.0,23.0,0.1926,115299.0,NO
V8997,Vendor_933_Inc,IT Hardware,12,4678,3606,265,1328,1054,1,2.35,4.0,28.0,0.1154,450784.0,0
V6644,Vendor_231_Co,IT Hardware,6,2607,303,230,238,264,25,4.9,7.0,65.0,0.2732,30052.0,1
V4833,Vendor_430_Inc,Automotive,15,3491,893,456,524,291,13,4.13,7.0,26.0,0.1837,225758.0,Low Risk
V7312,Vendor_996_Co,Electronics,27,1142,481,317,46,140,28,2.3,6.0,64.0,0.0782,361116.0,
V5832,Vendor_241_Co,Food & Beverage,9,63,8,7,0,8,27,4.02,7.0,21.0,0.147,367051.0,high
V5778,Vendor_847_LLC,Machinery,7,862,105,20,46,71,1,4.39,9.0,6.0,0.1084,131676.0,0
V4379,Vendor_626_LLC,Chemicals,28,3161,331,50,135,225,9,3.62,6.0,56.0,0.0836,210148.0,High
V2936,Vendor_494_Co,IT Hardware,28,3098,1651,842,1399,1263,6,,8.0,58.0,0.2022,354931.0,High Risk
V8780,Vendor_218_Inc,Electronics,4,3047,71,36,27,44,16,2.7,1.0,57.0,0.064,143934.0,
V3098,Vendor_930_Corp,Chemicals,9,3758,2659,1834,1428,2415,16,3.44,3.0,4.0,0.2304,180113.0,1
V5896,Vendor_687_LLC,Automotive,3,3399,3376,621,616,2415,15,2.74,,70.0,0.2288,,High Risk
V9507,Vendor_519_Inc,Textiles,15,4721,4580,311,2153,542,999,,6.0,56.0,0.2528,158534.0,YES
V7849,Vendor_218_Ltd,Food & Beverage,14,731,112,86,63,75,13,3.43,2.0,46.0,0.296,415758.0,low
V4330,Vendor_662_LLC,IT Hardware,21,169,37,34,27,23,12,3.38,7.0,40.0,0.1208,433681.0,YES
V9090,Vendor_445_LLC,Machinery,22,3236,1684,34,501,128,23,2.85,8.0,62.0,0.2366,362189.0,
V5515,Vendor_215_LLC,Packaging,27,3302,379,343,216,300,4,2.52,,34.0,0.2365,292820.0,1
V6441,Vendor_181_Corp,Chemicals,12,2029,110,59,91,29,17,4.86,8.0,39.0,0.0598,211038.0,0
V2286,Vendor_912_Co,Electronics,1,2565,2483,2437,987,2434,24,4.8,2.0,12.0,0.0392,142039.0,
V8546,Vendor_997_Ltd,Electronics,20,3769,2525,1748,1153,644,29,3.39,6.0,20.0,0.1119,442514.0,
V1775,Vendor_250_Inc,Food & Beverage,7,67,15,1,14,9,23,3.98,10.0,59.0,0.1881,284564.0,
V5681,Vendor_687_LLC,Electronics,23,399,259,188,33,148,15,4.98,10.0,22.0,0.1209,314445.0,NO
V2500,Vendor_641_Co,Machinery,23,543,355,259,34,192,5,3.72,9.0,56.0,0.0973,225320.0,high
V8408,Vendor_472_Ltd,Office Supplies,7,4271,1729,1265,522,204,2,3.67,,9.0,0.2048,337122.0,high
V2353,Vendor_962_Co,Chemicals,17,3098,2219,1336,110,543,19,4.79,5.0,46.0,0.0815,478860.0,NO
V4377,Vendor_246_Inc,Automotive,15,4873,2324,1704,1949,519,14,2.72,3.0,5.0,0.1789,377018.0,
V9343,Vendor_593_Inc,IT Hardware,21,4974,2435,527,429,460,1,2.08,5.0,9.0,0.248,345925.0,
V1463,Vendor_571_Inc,IT Hardware,17,1090,896,667,398,691,18,3.86,9.0,54.0,0.1057,441747.0,YES
V8174,Unknown,Textiles,16,3385,1732,1208,623,128,1,3.69,9.0,59.0,0.0921,357366.0,low
V4941,Vendor_870_Ltd,Office Supplies,24,41,10,7,1,3,11,2.73,5.0,37.0,0.0661,227559.0,Low
V6241,Vendor_756_Inc,Textiles,26,4992,316,126,260,246,29,4.99,7.0,11.0,0.0703,96448.0,High Risk
V9870,Vendor_979_Corp,Office Supplies,22,3931,877,101,176,397,5,4.57,3.0,9.0,0.1433,39058.0,Low Risk
V9297,Vendor_709_Corp,Textiles,28,2961,371,259,114,254,11,4.05,2.0,56.0,0.0804,408187.0,High
V3672,Vendor_662_Ltd,Chemicals,29,4938,2736,1034,1884,2659,2,3.37,2.0,32.0,0.1833,489415.0,High
V3447,Vendor_557_Inc,Electronics,2,4542,2847,1703,968,59,1,2.64,6.0,50.0,0.2279,212443.0,1
V4526,Vendor_350_Inc,Office Supplies,8,2421,580,257,141,428,4,3.98,6.0,37.0,0.151,261957.0,1
V1339,Vendor_651_LLC,Office Supplies,25,1855,1307,1169,725,197,16,4.01,7.0,51.0,0.1561,224167.0,High Risk
V7140,Vendor_777_LLC,IT Hardware,24,4738,2185,539,1343,1728,30,4.55,7.0,7.0,0.2383,96510.0,0
V6979,Vendor_757_Ltd,Food & Beverage,26,3234,1546,514,1543,633,18,4.07,7.0,66.0,0.1793,209803.0,RISK
V8139,Vendor_313_Ltd,Raw Materials,2,2071,660,306,414,585,19,4.44,10.0,52.0,0.0817,48115.0,0
V1344,Vendor_519_Co,IT Hardware,6,2064,527,125,91,459,16,3.18,8.0,21.0,0.1184,299701.0,High
V8011,Vendor_502_Inc,Office Supplies,14,258,198,90,41,179,15,4.6,4.0,48.0,0.0191,,low
V6848,Vendor_316_Co,Automotive,1,4986,288,20,17,133,9,4.1,9.0,,0.2397,219690.0,low
V9350,Vendor_385_Corp,IT Hardware,15,4703,1330,1103,25,1021,3,2.07,3.0,38.0,0.2575,363110.0,Low
V7865,Vendor_320_LLC,Automotive,13,508,18,18,6,1,30,3.88,7.0,7.0,0.0463,77838.0,low
V1714,Vendor_933_Corp,Electronics,9,515,217,149,126,26,25,2.81,4.0,5.0,Low,23663.0,Low Risk
V2044,Vendor_925_LLC,Electronics,21,1758,1029,117,241,212,12,2.52,10.0,20.0,0.2835,278679.0,1
V6947,Vendor_802_LLC,Electronics,11,4732,1941,216,1786,1324,22,3.53,7.0,48.0,0.0789,110427.0,1
V5547,Vendor_953_Inc,Electronics,26,3335,538,461,334,191,1,3.46,10.0,63.0,0.2657,299285.0,Low Risk
V9149,Vendor_251_LLC,Office Supplies,7,1334,983,694,411,888,28,2.5,10.0,1.0,0.1383,354281.0,NO
V5528,Vendor_419_Ltd,Chemicals,14,824,393,27,129,354,3,4.36,1.0,71.0,0.0455,329109.0,0
V2828,Vendor_726_Ltd,Food & Beverage,17,2617,294,183,223,159,20,3.28,1.0,7.0,0.1697,109289.0,Low
V6358,Vendor_909_Co,Food & Beverage,10,142,111,4,64,111,19,3.0,2.0,10.0,0.1696,293705.0,
V6543,Vendor_713_Inc,Food & Beverage,29,2646,1181,844,1053,163,13,3.86,,46.0,0.1537,-10000.0,YES
V9871,Vendor_978_Inc,Packaging,13,2870,544,509,250,88,19,3.0,5.0,48.0,0.1348,52763.0,
V3543,Vendor_464_Ltd,Electronics,29,2514,1015,813,1007,848,19,3.74,3.0,66.0,0.1296,5343.0,0
V2617,Vendor_511_Inc,Packaging,15,4499,1889,1181,173,1826,21,3.2,8.0,52.0,0.2797,429040.0,low
V6246,Vendor_629_Co,Electronics,10,421,279,59,263,238,4,2.87,1.0,25.0,0.1257,117946.0,High
V2106,Vendor_768_Ltd,Raw Materials,12,2291,770,280,274,627,20,2.13,9.0,57.0,0.1829,295326.0,0
V6059,Vendor_722_Ltd,Raw Materials,28,4150,1489,256,1362,775,1,,8.0,11.0,0.0894,61763.0,low
V1838,Vendor_745_Ltd,Machinery,24,1206,1161,374,990,433,27,3.86,4.0,58.0,0.2813,254798.0,1
V1194,Vendor_123_Corp,Machinery,14,4168,1100,1056,836,439,27,4.0,7.0,33.0,0.1388,226890.0,High Risk
V9830,Vendor_369_Co,Textiles,29,3768,585,271,142,252,19,3.2,4.0,18.0,0.1529,48662.0,
V6301,Vendor_761_Inc,Raw Materials,4,4765,2576,39,1761,138,23,4.64,8.0,14.0,0.2794,337519.0,YES
V3673,Vendor_963_Co,Packaging,15,2740,896,837,210,616,22,3.62,7.0,,0.2481,431449.0,Low Risk
V8539,Vendor_414_Corp,Automotive,1,475,18,13,7,8,27,2.79,3.0,6.0,0.2034,83254.0,1
V7407,Vendor_571_LLC,Textiles,27,2756,1968,1129,785,858,25,2.08,3.0,13.0,0.0334,355596.0,NO
V4760,Vendor_930_Corp,Textiles,22,2224,385,352,315,268,30,2.74,4.0,56.0,0.0938,473796.0,0
V4853,Vendor_974_Corp,Chemicals,17,4959,3840,1661,1303,2845,6,3.36,3.0,12.0,0.101,25558.0,
V8869,Vendor_963_Co,Machinery,17,4008,467,102,255,244,13,2.89,5.0,60.0,0.2464,143457.0,0
V9407,Vendor_744_Co,Electronics,17,3665,3603,196,833,127,21,4.69,2.0,59.0,0.0478,79759.0,No
V1440,Vendor_856_Corp,IT Hardware,1,2933,1852,1139,1425,336,22,2.83,,21.0,0.0703,24700.0,NO
V6217,Vendor_562_Inc,Chemicals,13,4487,1202,682,626,807,30,3.12,4.0,24.0,0.1124,430377.0,Low
V6071,Vendor_726_LLC,Food & Beverage,19,1950,593,502,32,83,4,4.87,3.0,49.0,0.185,457402.0,low
V7548,Vendor_780_Inc,Food & Beverage,8,2316,1493,138,705,1293,28,2.24,10.0,70.0,0.2198,191151.0,
V6587,Vendor_548_Co,Textiles,11,3277,2506,1408,534,781,25,Excellent,5.0,12.0,0.041,181163.0,SAFE
V9104,Vendor_779_Inc,Office Supplies,23,1989,903,618,529,510,21,,10.0,56.0,0.2507,103322.0,high
V8594,Vendor_977_Ltd,Textiles,24,1878,1568,606,1419,555,6,2.7,10.0,50.0,0.1224,130909.0,low
V9756,Vendor_289_Ltd,Food & Beverage,16,4225,3179,2713,581,1046,12,2.63,4.0,,0.0043,8128.0,
V7533,Vendor_462_Corp,Raw Materials,12,711,411,176,172,269,30,2.09,6.0,47.0,0.111,54958.0,
V5064,Vendor_154_LLC,Food & Beverage,22,1079,920,650,306,247,6,4.43,8.0,9.0,0.1611,334310.0,YES
V8440,Vendor_414_Inc,Food & Beverage,8,2537,2454,379,1058,1835,25,3.1,4.0,46.0,0.2317,157008.0,low
V7504,Vendor_340_LLC,IT Hardware,8,4386,3778,3550,2418,1531,19,3.72,6.0,68.0,0.0199,38382.0,YES
V5125,Vendor_407_LLC,Textiles,20,3356,3159,2498,2297,894,23,3.01,9.0,5.0,0.1068,401115.0,NO
V1274,Vendor_951_Corp,IT Hardware,2,2911,81,67,3,4,18,2.65,7.0,24.0,0.1082,363724.0,NO
V8538,Vendor_563_LLC,Machinery,25,1842,477,57,0,125,13,2.27,2.0,28.0,0.2524,357993.0,1
V5594,Vendor_558_Ltd,Textiles,21,1809,1258,952,214,218,14,3.55,5.0,44.0,0.2491,425931.0,YES
V4471,Vendor_750_LLC,Automotive,30,1380,953,514,764,595,28,3.39,4.0,19.0,0.2812,408293.0,0
V6555,Vendor_310_Corp,Textiles,30,2458,393,157,309,84,9,3.86,,67.0,0.2278,399434.0,1
V2821,Vendor_107_Inc,Packaging,23,637,523,476,121,475,20,3.72,10.0,21.0,0.2149,24630.0,low
V5102,Vendor_775_LLC,Raw Materials,29,1237,1003,340,302,164,25,4.31,4.0,19.0,0.0984,386526.0,
V4974,Vendor_207_Corp,Electronics,5,4513,675,287,348,624,6,3.84,9.0,30.0,0.2306,477469.0,Low Risk
V4356,Vendor_478_LLC,IT Hardware,4,2379,408,41,327,289,21,2.0,9.0,10.0,0.2081,427939.0,1 
V6061,Vendor_642_LLC,Chemicals,7,1751,1681,1551,356,602,26,4.59,8.0,15.0,0.1118,39131.0,Low
V4955,Vendor_765_Ltd,Food & Beverage,21,423,212,204,66,19,19,3.91,8.0,43.0,0.2405,160142.0,0
V9552,Vendor_218_Inc,IT Hardware,22,2483,936,582,54,649,15,3.94,3.0,35.0,0.2765,350200.0,NO
V3598,Vendor_162_Corp,Food & Beverage,17,410,129,0,110,118,10,2.61,2.0,37.0,0.0422,,0
V2121,Vendor_965_Corp,Chemicals,1,117,83,63,68,51,22,3.39,8.0,3.0,0.0694,345169.0,low
V1351,Vendor_755_Ltd,Packaging,16,776,536,503,338,290,1,4.13,3.0,38.0,0.1007,182137.0,0
V9064,Vendor_165_Co,Packaging,12,3094,2930,2773,1150,2867,20,2.93,8.0,19.0,0.0681,150765.0,
V8858,Vendor_305_LLC,Raw Materials,23,2681,1289,995,1263,1136,28,3.2,9.0,,0.0637,411099.0,High Risk
V3611,Vendor_388_Inc,Electronics,15,3043,1460,779,1349,1411,11,4.63,9.0,38.0,0.0909,278651.0,0
V5795,Vendor_398_LLC,Machinery,22,4616,4190,1171,3187,3853,16,4.72,4.0,15.0,0.2924,331650.0,0
V2266,Vendor_715_Ltd,Raw Materials,17,4986,4326,768,3087,1323,20,2.75,9.0,32.0,0.1573,78457.0,Low Risk
V6852,Vendor_945_Inc,Chemicals,15,2615,731,82,266,353,5,2.46,1.0,7.0,0.262,,Low Risk
V5131,Vendor_448_Inc,Packaging,8,452,399,126,138,275,14,3.36,4.0,23.0,0.2721,100645.0,1
V8676,Vendor_877_Co,Food & Beverage,24,582,165,14,84,63,4,2.64,6.0,18.0,0.1739,293716.0,High Risk
V3357,Vendor_502_Co,Automotive,17,312,46,29,22,18,25,,3.0,8.0,0.2741,322912.0,Low Risk
V6561,Vendor_207_Ltd,Electronics,18,2895,873,745,641,244,13,4.37,6.0,34.0,,178011.0,1
V1849,Vendor_457_Ltd,Food & Beverage,16,2387,2002,443,1819,1388,4,4.27,7.0,16.0,0.2034,306431.0,YES
V9875,Vendor_810_Co,Automotive,7,4388,4021,1200,1168,3611,20,4.63,3.0,32.0,0.1404,-1000.0,NO
V3075,Vendor_384_Corp,Electronics,29,3345,2845,130,480,1811,6,4.49,9.0,45.0,0.1238,26067.0,low
V3884,Vendor_290_Co,IT Hardware,30,3669,2049,1959,612,642,20,3.62,8.0,31.0,0.265,359529.0,1
V1341,Vendor_305_Co,IT Hardware,12,3430,2190,1640,1418,364,7,3.42,3.0,18.0,0.1378,371158.0,
V7602,Vendor_324_Corp,Textiles,11,2846,216,14,85,70,17,4.89,8.0,16.0,0.0454,186479.0,0
V4267,Vendor_837_Ltd,IT Hardware,25,900,406,309,258,69,19,-5.0,4.0,39.0,0.0401,333913.0,0
V2952,Vendor_339_Co,Packaging,4,2550,685,45,512,305,29,3.82,5.0,63.0,0.1335,268957.0,high
V7034,Vendor_819_Co,Machinery,20,3242,646,191,305,321,29,3.77,6.0,56.0,0.0855,305931.0,1
V4404,Vendor_869_Inc,IT Hardware,7,3568,713,482,98,262,9,2.34,7.0,14.0,0.1941,222176.0,Low
V9480,Vendor_524_Corp,Automotive,19,1345,336,106,258,136,4,4.33,8.0,10.0,0.2767,25723.0,
V3686,Vendor_835_Corp,Raw Materials,4,1664,931,92,256,331,23,3.35,6.0,11.0,0.1571,202372.0,NO
V2017,Vendor_350_Ltd,Textiles,18,3179,555,27,59,33,22,4.67,3.0,61.0,0.2267,336412.0,high
V7859,Vendor_819_Inc,Machinery,25,1318,1004,122,575,157,26,2.7,2.0,59.0,0.2213,484422.0,
V2684,Vendor_544_Corp,Chemicals,23,2753,1336,2,533,800,8,3.62,,7.0,0.068,458727.0,low
V9238,Vendor_756_LLC,Chemicals,2,2318,1535,1049,44,299,24,,3.0,13.0,0.0096,478194.0,Low Risk
V8473,Vendor_486_Inc,Packaging,12,3736,983,873,426,350,10,2.99,1.0,27.0,0.0751,265379.0,1
V9386,Vendor_504_Inc,Office Supplies,14,4312,273,21,142,100,28,3.57,2.0,71.0,0.2235,226301.0,SAFE
V7962,Vendor_307_Inc,Electronics,6,3410,1453,1266,768,228,8,2.44,2.0,34.0,0.0474,104023.0,Low
V4373,Vendor_600_Co,Raw Materials,10,4780,3856,1924,1108,1864,19,2.4,1.0,22.0,High,123449.0,
V4914,Vendor_506_Inc,Textiles,12,1033,94,21,63,3,23,3.43,,6.0,0.108,74413.0,low
V3200,Vendor_898_Corp,Machinery,6,2238,857,821,852,499,14,4.58,8.0,64.0,0.2561,112366.0,
V7092,Vendor_554_Ltd,Chemicals,19,3278,1763,1212,1565,768,16,4.45,,12.0,0.1945,421438.0,NO
V6903,Vendor_778_Co,Packaging,8,2786,2242,333,2051,484,11,2.01,7.0,17.0,0.1807,190096.0,High Risk
V6614,Vendor_382_Co,Packaging,15,3082,242,25,14,163,30,2.85,8.0,18.0,,39791.0,Low
V3599,Vendor_216_LLC,Electronics,25,4107,172,127,75,37,7,4.97,8.0,28.0,0.2394,7379.0,0
V6728,Vendor_190_Inc,Packaging,6,1577,1139,948,250,296,29,4.15,1.0,43.0,0.2031,99999999.0,
V9118,Vendor_998_Corp,Textiles,21,4593,2768,1146,853,586,7,4.19,4.0,31.0,0.0961,221624.0,YES
V2268,Vendor_210_Inc,Chemicals,13,1772,766,51,668,0,4,3.43,9.0,8.0,0.1623,26578.0,1
V4381,Vendor_458_LLC,Automotive,30,2477,867,309,656,326,23,,6.0,64.0,0.1055,450340.0,Low Risk
V2559,Vendor_101_LLC,Food & Beverage,3,1928,879,671,93,720,5,3.78,9.0,57.0,0.0028,365693.0,Low
V4294,Vendor_732_Ltd,Machinery,25,4398,3481,1884,2510,285,21,,5.0,9.0,,210319.0,0
V5175,Vendor_581_Inc,Office Supplies,7,4128,3824,1544,106,2513,22,2.02,6.0,33.0,0.2523,360125.0,YES
V6118,Vendor_624_Inc,IT Hardware,20,1327,266,74,245,65,8,4.65,8.0,66.0,0.2633,265798.0,low
V1727,Vendor_736_LLC,Electronics,4,3226,1,0,0,1,4,3.85,9.0,42.0,0.1008,207947.0,1
V9482,Vendor_848_Inc,Textiles,18,3454,1183,660,772,154,19,4.67,6.0,70.0,0.2233,103793.0,1
V4259,Vendor_696_Corp,Packaging,24,494,52,28,52,25,2,4.97,9.0,72.0,0.1012,97046.0,1
V1382,Vendor_997_LLC,Chemicals,12,3120,1273,585,212,1078,19,2.88,9.0,45.0,0.2948,319003.0,YES
V5976,Vendor_410_Inc,Machinery,24,4568,3611,1681,345,3214,23,4.54,8.0,30.0,0.1133,338696.0,YES
V4449,Vendor_529_Inc,Packaging,28,2820,1498,376,1021,868,13,2.84,3.0,17.0,0.2938,360667.0,1
V2916,Vendor_802_Ltd,Raw Materials,9,1601,147,75,8,147,16,,1.0,31.0,0.2314,326589.0,1
V2353,Vendor_298_Co,Office Supplies,14,666,543,509,255,157,16,2.37,4.0,46.0,0.2162,,YES
V5303,Vendor_753_LLC,Office Supplies,18,1396,1207,581,186,1015,22,2.57,3.0,35.0,0.2796,228848.0,1
V7606,Vendor_282_Ltd,Chemicals,30,2858,1246,886,1233,820,18,3.71,8.0,26.0,0.2815,3852.0,1
V2438,Vendor_801_Co,Textiles,15,1464,86,7,37,19,9,3.37,2.0,48.0,0.0412,131841.0,
V6807,Vendor_981_LLC,Automotive,3,4994,4475,632,3401,787,4,3.18,9.0,26.0,TBD,47338.0,0
V5471,Vendor_474_Corp,Automotive,21,1395,80,10,11,57,17,4.97,10.0,32.0,0.0791,241359.0,1
V7970,Vendor_100_Corp,Machinery,6,3860,3170,1911,2792,2908,29,3.25,9.0,35.0,0.0699,42453.0,YES
V3314,Vendor_365_Co,Electronics,27,4361,1455,1043,1128,968,14,4.67,6.0,51.0,0.1983,256681.0,high
V7682,Vendor_379_Ltd,IT Hardware,6,621,165,159,28,31,29,2.76,7.0,37.0,0.0534,313597.0,
V2335,Vendor_943_Ltd,Automotive,2,1839,498,490,120,284,17,4.89,6.0,41.0,0.2136,253554.0,NO
V8317,Vendor_586_Inc,Office Supplies,10,550,371,319,161,298,10,2.3,9.0,21.0,0.2702,80700.0,0
V1556,Vendor_388_LLC,Textiles,19,1754,1332,155,1171,4,25,3.2,6.0,44.0,0.0817,,YES
V1434,Vendor_245_Inc,Packaging,30,958,675,382,173,105,13,3.39,2.0,2.0,0.1137,294815.0,1
V9057,Vendor_220_LLC,Machinery,13,2600,1320,767,1150,605,4,2.67,2.0,9.0,0.2798,194674.0,low
V7163,Vendor_340_Ltd,Textiles,13,4611,1735,1068,518,538,18,3.6,,28.0,0.1871,,0
V5593,Vendor_170_Corp,Electronics,17,3000,12,5,5,2,16,3.93,2.0,42.0,0.0916,413872.0,Low Risk
V9469,Vendor_463_Co,IT Hardware,10,4297,476,395,44,317,10,4.79,1.0,30.0,TBD,307624.0,No
V9520,Vendor_700_Corp,Electronics ,25,205,17,3,10,8,21,3.66,2.0,43.0,0.1007,289142.0,0
V9911,Vendor_919_Inc,Textiles,12,1219,961,383,196,224,15,2.59,N/A,40.0,0.117,64732.0,0
V9668,Vendor_202_Inc,IT Hardware,13,470,92,54,46,56,8,-1.0,6.0,4.0,0.0237,110845.0,Low
V1313,Vendor_502_Inc,Chemicals,8,4920,4058,643,3296,319,14,2.52,5.0,N/A,0.0605,459020.0,Low
V8427,Vendor_532_Inc,Raw Materials,16,2363,37,27,17,24,5,3.45,8.0,41.0,,83335.0,Low Risk
V7383,Vendor_424_Inc,Raw Materials,3,682,274,78,194,78,1,4.83,8.0,47.0,0.2284,54598.0,0
V7735,Vendor_894_Corp,Raw Materials,18,3845,1642,1288,208,834,12,3.39,1.0,12.0,0.2493,444939.0,Low Risk
V3021,Vendor_460_LLC,Office Supplies,29,620,444,326,317,165,25,4.94,4.0,34.0,0.0982,404774.0,0
V3108,Vendor_187_Inc,Office Supplies,30,3728,1702,878,477,752,14,3.45,8.0,15.0,0.0218,237978.0,
V2171,Vendor_854_LLC,Chemicals,29,3427,442,282,320,193,15,2.21,7.0,12.0,0.198,450683.0,low
V1950,Vendor_471_Inc,Raw Materials ,12,4043,2384,2383,1081,1446,6,4.12,3.0,33.0,0.189,390780.0,
V4582,Vendor_313_LLC,Textiles,7,3996,2147,135,1189,147,4,2.54,6.0,14.0,0.2337,400078.0,low
V6183,Vendor_636_Corp,Automotive,10,3946,3297,1881,1569,1257,7,2.24,10.0,54.0,0.1903,86230.0,NO
V9471,Vendor_444_Co,Textiles,17,1565,831,332,483,291,11,3.62,8.0,30.0,0.1965,192545.0,low
V3002,Vendor_656_Corp,Electronics,2,3722,2164,673,296,1047,15,2.48,10.0,4.0,0.1511,135854.0,low
V3348,Vendor_401_LLC,Textiles,26,970,314,32,258,271,24,4.55,8.0,N/A,,353997.0,High Risk
V3519,Vendor_484_Inc,Automotive,18,2651,823,207,268,218,6,3.42,9.0,69.0,0.0371,429646.0,Low
V4268,Vendor_877_Ltd,Textiles,21,2986,2530,147,218,1319,4,2.68,9.0,14.0,0.257,,low
V1198,Vendor_584_LLC,Office Supplies,18,1225,1183,115,840,483,1,4.43,6.0,49.0,0.2814,77222.0,0
V2278,Vendor_425_Co,IT Hardware,8,4931,906,110,490,765,17,3.55,7.0,36.0,0.2965,454066.0,
V7723,Vendor_366_Co,Food & Beverage,11,1067,447,240,134,204,26,4.08,1.0,26.0,0.2138,193221.0,Low Risk
V6512,Vendor_580_Ltd,Automotive,23,1714,171,11,113,133,18,2.84,3.0,5.0,0.1115,153242.0,0
V4838,Vendor_312_Co,Food & Beverage,17,935,360,100,175,283,21,4.83,6.0,11.0,0.2194,423906.0,Low Risk
V5033,Vendor_692_Co,Electronics,20,571,69,30,51,15,3,3.26,10.0,67.0,0.0949,137716.0,1
V5785,Vendor_152_Corp,IT Hardware,23,363,8,6,7,7,15,2.17,9.0,28.0,0.0397,331154.0,YES
V9279,Vendor_491_LLC,Chemicals,9,2248,1066,237,823,749,24,4.16,9.0,32.0,0.0542,353240.0,0
V2194,Vendor_270_Inc,Packaging,22,4653,819,262,433,241,8,2.78,5.0,9.0,0.2847,213970.0,0
V3186,Vendor_663_Ltd,Packaging,3,2862,2642,2457,1391,586,5,4.97,,6.0,0.0197,48088.0,
V8494,Vendor_602_Corp,Packaging,23,3378,78,24,18,70,14,3.91,5.0,,0.0414,366593.0,high
V9153,Vendor_231_Ltd,Office Supplies,7,275,262,58,155,131,23,2.14,4.0,54.0,0.0032,,0
V6434,Vendor_418_Corp,Raw Materials,17,1276,1041,982,353,565,5,2.5,Good,21.0,0.0004,94130.0,High Risk
V3569,Vendor_530_Ltd,Office Supplies,10,2720,1728,1009,1221,1267,8,4.57,2.0,60.0,0.2363,345601.0,1
V1928,Vendor_856_Corp,Raw Materials,2,2509,1230,322,705,225,27,3.8,1.0,1.0,0.2622,109433.0,YES
V1045,Vendor_403_Inc,Chemicals,27,687,520,157,5,410,1,3.81,9.0,23.0,0.2847,342756.0,NO
V3013,Vendor_967_LLC,Food & Beverage,26,62,11,5,11,8,4,3.41,4.0,21.0,0.1194,,Low
V1584,Vendor_743_Co,Raw Materials,1,987,67,64,18,67,11,3.37,5.0,10.0,0.1605,246326.0,YES
V1168,Vendor_152_LLC,Electronics,21,3625,442,243,280,106,12,3.14,,11.0,0.0965,312683.0,high
V1848,Vendor_672_Inc,Machinery,16,3065,2036,550,1313,1135,21,4.78,,21.0,0.1231,253203.0,1
V4637,Vendor_622_Co,Automotive,19,3536,433,5,50,132,23,3.73,8.0,48.0,0.1173,405929.0,YES
V3829,Vendor_854_Corp,Automotive,5,345,262,35,98,88,6,4.64,5.0,,0.1557,346405.0,NO
V6153,Vendor_909_Co,Electronics,7,2209,540,132,85,485,23,3.85,1.0,16.0,0.0651,282600.0,
V1244,Vendor_266_Inc,Office Supplies,12,3157,713,510,576,387,15,2.18,4.0,29.0,0.1971,326364.0,1 
V1991,Vendor_618_LLC,Packaging,16,3128,1246,96,265,331,29,3.84,1.0,7.0,0.1933,221003.0,0
V2293,Vendor_664_Ltd,IT Hardware,25,4145,891,677,687,73,26,4.36,2.0,17.0,0.0013,359360.0,Low
V5078,Vendor_821_Corp,Textiles,20,4621,1637,1429,1161,54,14,2.78,7.0,67.0,0.0031,79647.0,high
V4942,Vendor_912_Ltd,Electronics ,20,1912,1481,251,983,673,15,3.62,,6.0,0.0662,62056.0,High Risk
V2317,Vendor_428_Ltd,IT Hardware,6,3014,1977,122,665,207,8,4.52,10.0,31.0,0.2685,425208.0,NO
V6151,Vendor_298_Inc,Food & Beverage,30,955,252,88,170,7,5,2.49,9.0,17.0,0.2771,5013.0,
V8169,Vendor_616_LLC,Textiles,17,3005,2167,246,1345,2024,19,4.35,3.0,13.0,0.2422,299290.0,Low
V8953,Vendor_714_Ltd,Machinery,19,3682,890,528,367,454,26,3.58,3.0,35.0,0.2493,173757.0,YES
V8787,Vendor_518_LLC,Automotive,14,4721,2480,479,1494,345,3,3.66,10.0,4.0,0.1646,158866.0,0
V7179,Vendor_256_LLC,Packaging,10,1715,1387,743,1168,775,13,3.34,10.0,46.0,0.2406,,High Risk
V6226,Vendor_757_Corp,Packaging,18,3070,1842,1751,311,1548,30,3.72,3.0,61.0,0.2745,98336.0,Low
V8907,Vendor_439_Ltd,Food & Beverage,14,2277,1401,1340,860,552,11,4.28,8.0,17.0,0.2372,395775.0,High
V9123,Vendor_891_Inc,IT Hardware,9,4183,4000,3332,2031,1085,22,2.86,4.0,37.0,0.2518,374745.0,Low
V7873,Vendor_842_Corp,Automotive,25,3986,1824,1040,1008,537,16,2.42,3.0,34.0,0.2978,384893.0,low
V8779,Vendor_513_Corp,Machinery,5,2369,2336,1315,781,2232,28,TBD,10.0,14.0,0.2624,266050.0,Low Risk
V9482,Vendor_656_Inc,Electronics,29,3142,1497,5,231,1331,12,2.74,5.0,47.0,0.2899,190786.0,Low
V5561,Vendor_214_Inc,IT Hardware,16,4332,2148,1861,461,1525,1,3.95,5.0,11.0,0.2585,161028.0,Low
V7013,Vendor_638_Co,Office Supplies,25,4124,3737,1982,414,3717,30,4.91,,72.0,0.2394,383336.0,0
V5059,Vendor_490_Ltd,Raw Materials ,13,1617,721,596,671,376,11,2.78,9.0,43.0,0.2374,179580.0,Low
V2885,Vendor_784_Inc,Machinery,24,1186,761,657,400,580,21,4.18,4.0,1.0,0.1031,414179.0,1
V6038,Vendor_517_Inc,Office Supplies,1,2427,699,534,585,660,8,4.64,3.0,48.0,0.2167,444044.0,High Risk
V3815,Vendor_513_Co,Machinery,28,3969,728,351,398,171,23,2.67,9.0,48.0,0.0307,452123.0,High Risk
V8923,Vendor_480_Ltd,Automotive,19,3058,1185,997,552,302,12,3.95,5.0,20.0,0.2892,324617.0,Low
V8415,Vendor_346_Corp,Office Supplies,14,4242,1497,329,1410,536,3,3.17,9.0,48.0,,35556.0,0
V6911,Vendor_749_Ltd,Textiles,19,3743,2509,1345,1673,2005,25,4.86,3.0,6.0,0.0314,457341.0,Low
V1233,Vendor_887_Inc,Automotive,17,4636,3694,2762,2368,2810,14,2.28,6.0,54.0,0.211,425870.0,Low
V2348,Vendor_155_LLC,Food & Beverage,21,528,309,216,105,301,10,2.52,8.0,65.0,0.0582,341186.0,high
V2276,Vendor_108_Ltd,Machinery,1,1111,813,412,769,798,1,4.77,3.0,13.0,0.1677,90441.0,
V8443,Vendor_291_Ltd,Machinery,10,3047,2933,2477,2426,1297,17,4.23,N/A,2.0,0.0144,131881.0,YES
V8237,Vendor_935_Ltd,Automotive,6,1044,489,220,343,7,28,3.3,8.0,37.0,0.2834,10827.0,high
V8259,Vendor_801_Inc,Machinery,26,1457,460,371,5,110,6,4.92,6.0,29.0,0.2613,439949.0,low
V9716,Vendor_824_Inc,Raw Materials,25,3991,937,252,87,472,28,4.25,3.0,51.0,0.0056,341457.0,High Risk
V2543,Vendor_241_Inc,Food & Beverage,7,3280,2186,1574,699,1449,10,3.85,10.0,21.0,0.103,118186.0,
V5700,Vendor_449_Corp,Office ,24,4299,2350,1278,1088,557,20,4.24,9.0,52.0,0.0874,186617.0,
V8297,Vendor_629_LLC,Automotive,1,3548,1458,1405,320,323,15,4.87,4.0,46.0,0.2518,407840.0,
V6335,Vendor_894_LLC,Automotive,5,2895,570,566,160,129,21,2.36,2.0,72.0,0.2487,100640.0,NO
V7405,Vendor_301_Ltd,Packaging,16,397,4,1,3,1,30,10.0,1.0,67.0,0.0209,34418.0,NO
V5844,Vendor_148_LLC,Food & Beverage,21,1973,1149,471,1035,576,13,3.06,4.0,35.0,0.0463,384433.0,High Risk
V7052,Vendor_383_Ltd,Textiles,5,4679,3700,2041,1018,2120,7,4.88,4.0,55.0,0.0115,212409.0,
V1745,Vendor_456_Ltd,Textiles,8,3703,1436,478,133,1322,3,4.06,1.0,11.0,0.008,280873.0,Low Risk
V1988,Vendor_167_Inc,Chemicals,30,1205,1056,749,958,612,23,2.25,6.0,,0.1197,412643.0,Low Risk
V3305,Vendor_973_LLC,Automotive,16,3789,298,107,20,154,22,3.2,1.0,1.0,0.0042,493041.0,low
V9951,Vendor_846_Inc,Raw Materials,17,2304,673,64,468,29,9,3.09,7.0,7.0,0.2613,422217.0,1
V3396,Vendor_999_Corp,IT Hardware,15,2742,2357,2309,2339,792,25,2.82,6.0,51.0,0.062,331780.0,High Risk
V2800,Vendor_442_Ltd,Textiles,16,4898,2712,868,323,1629,23,3.66,6.0,57.0,0.2263,111599.0,High
V2817,Vendor_570_Co,Raw Materials,4,1187,47,40,37,6,5,2.85,3.0,12.0,0.0232,443826.0,Low
V1407,Vendor_763_LLC,Textiles,10,390,26,5,5,0,25,2.39,9.0,22.0,0.0409,181176.0,Low
V3898,Vendor_719_LLC,Chemicals,16,4872,4463,813,2548,2822,4,3.78,1.0,37.0,0.0374,221574.0,High Risk
V5180,Vendor_400_Inc,Automotive,6,2680,2016,653,1523,918,12,3.96,8.0,35.0,0.0514,260890.0,
V8894,Vendor_971_Inc,Machinery,20,4906,4800,4490,1013,1254,21,2.46,6.0,44.0,0.0318,425003.0,High
V8024,Vendor_544_Co,Office Supplies,26,2917,2149,33,110,2092,23,4.93,6.0,3.0,0.2789,34971.0,High
V7221,Vendor_513_Corp,Food & Beverage,2,2903,1897,1408,1035,1666,6,4.48,6.0,3.0,0.1369,201168.0,high
V8549,Vendor_172_Inc,Textiles,12,3695,2011,339,1047,1570,20,3.29,10.0,48.0,0.1388,,Low Risk
V2278,Vendor_694_LLC,Food & Beverage,25,4685,1324,223,727,1303,16,4.82,5.0,37.0,0.0749,236032.0,NO
V6383,Vendor_281_Co,Machinery,1,959,875,240,398,574,22,3.29,6.0,32.0,0.284,11847.0,1
V3320,Vendor_100_Ltd,Packaging,25,274,220,79,198,42,28,2.9,5.0,26.0,0.1409,333042.0,
V8159,Vendor_704_Inc,Food & Beverage,26,3989,1074,22,396,239,9,2.73,2.0,69.0,0.1592,400188.0,
V8202,Vendor_631_LLC,Food & Beverage,20,2046,983,12,539,361,6,2.37,2.0,55.0,0.2447,389289.0,High Risk
V7965,Vendor_173_LLC,Chemicals,3,4662,1717,739,1614,1144,16,2.77,10.0,10.0,0.1754,116374.0,
V7667,Vendor_745_Corp,Machinery,1,4520,3132,2346,1549,1411,18,3.45,7.0,13.0,0.2016,360489.0,0
V7920,Vendor_596_Ltd,Food & Beverage,17,2818,1749,1096,1489,610,1,3.83,7.0,36.0,0.0972,290230.0,1
V5055,Vendor_404_Corp,Food & Beverage,9,3625,2237,895,1741,419,12,4.59,2.0,57.0,0.2596,62544.0,
V6985,Vendor_530_Corp,Automotive,26,2044,703,581,221,155,28,6.0,8.0,6.0,0.0373,180708.0,low
V9289,Vendor_865_Co,Packaging,29,4328,2867,2146,1844,1226,21,4.62,8.0,15.0,0.0734,420319.0,YES
V4819,Vendor_985_Co,IT Hardware,1,3300,392,316,385,210,15,3.15,7.0,13.0,0.1019,492564.0,YES
V6931,Vendor_194_Ltd,Machinery,16,4819,2312,1126,1569,1426,5,2.75,3.0,30.0,0.299,78130.0,
V7148,Vendor_687_Ltd,Food & Beverage,23,1493,1324,1112,663,100,5,4.16,1.0,51.0,0.2867,444143.0,
V2697,Vendor_585_Corp,Automotive,15,1001,532,99,253,209,13,2.17,2.0,39.0,0.1214,97492.0,1
V4266,,Chemicals,26,3172,1509,359,901,1229,21,4.25,3.0,19.0,,104672.0,NO
V5878,Vendor_283_Ltd,Food & Beverage,28,4559,192,140,167,139,5,2.58,10.0,2.0,,257905.0,high
V2025,Vendor_420_LLC,Raw Materials,15,4555,3561,753,1294,2802,23,2.92,6.0,28.0,0.278,383173.0,1
V9636,Vendor_810_Co,Machinery,16,314,79,59,13,51,23,2.31,2.0,14.0,0.1097,487456.0,
V9303,Vendor_539_Corp,Chemicals,1,2836,2432,1148,2220,1707,20,3.16,10.0,47.0,0.2577,393509.0,0
V7747,Vendor_220_Inc,Textiles,19,376,26,18,13,8,20,2.84,4.0,66.0,0.2611,331368.0,Low
V4550,Vendor_643_Co,Raw Materials,19,1282,15,15,3,12,7,4.13,10.0,19.0,0.143,297948.0,1
V5965,Vendor_569_Corp,Office Supplies,7,1793,1604,1590,961,48,28,-5.0,2.0,21.0,0.1088,198544.0,
V3023,Vendor_825_Inc,Electronics,12,2862,1035,949,562,10,21,4.04,6.0,34.0,0.0665,99999999.0,1
V5691,Vendor_787_Corp,Chemicals,19,542,343,322,293,40,26,4.22,9.0,52.0,0.1919,359326.0,Low Risk
V4781,Vendor_969_Co,Textiles,6,3308,338,281,116,9,18,3.74,2.0,72.0,0.1843,320740.0,Low Risk
V7850,Vendor_711_Corp,Automotive,15,1172,969,952,42,782,21,2.34,4.0,12.0,0.2227,242960.0,0
V7501,Vendor_514_Ltd,Raw Materials,9,3192,1482,1194,313,1257,24,3.8,7.0,25.0,0.1819,228917.0,High Risk
V3702,Vendor_431_Corp,Food & Beverage,25,3956,3893,3378,2567,1267,29,-1.0,10.0,27.0,0.2033,201464.0,YES
V8453,Vendor_815_Inc,Textiles,20,338,93,70,20,60,25,2.83,9.0,24.0,0.0996,153541.0,
V7951,Vendor_663_Co,Food & Beverage,18,3001,1364,61,982,1141,13,2.08,3.0,6.0,0.0686,310378.0,0
V9374,Vendor_559_Corp,Office Supplies,9,3122,2065,765,1846,545,12,3.2,6.0,30.0,0.2672,355239.0,0
V5252,Vendor_747_Ltd,Electronics,26,2877,1427,599,700,164,20,4.47,2.0,30.0,0.0973,42100.0,low
V5094,Vendor_983_Co,Textiles,9,3514,1154,572,1066,1016,16,3.23,9.0,28.0,0.1189,490212.0,high
V2657,Vendor_951_Ltd,IT Hardware,22,4915,1963,1285,33,1945,10,4.25,3.0,56.0,0.132,86368.0,High
V7356,Vendor_985_Ltd,Automotive,30,1642,127,44,92,60,30,2.45,5.0,8.0,0.1158,401936.0,1
V6594,Vendor_642_LLC,Food & Beverage,12,3064,652,99,0,543,12,4.05,9.0,23.0,0.2908,496025.0,1
V1046,Vendor_312_Ltd,Office Supplies,18,1597,1543,536,1125,564,20,3.86,6.0,37.0,0.0932,137314.0,low
V2337,Vendor_384_Inc,Packaging,5,41,40,7,0,24,19,4.37,10.0,49.0,0.2794,185825.0,NO
V4849,Vendor_663_Corp,Packaging,18,2685,735,276,250,542,23,2.49,7.0,,0.198,296989.0,
V9059,Vendor_873_Ltd,Chemicals,1,2827,1174,960,1095,17,25,3.29,5.0,30.0,0.239,288421.0,Low
V7939,Vendor_650_Ltd,Packaging,21,89,22,20,0,0,6,2.57,1.0,39.0,0.0408,12618.0,YES
V3712,Vendor_509_LLC,IT Hardware,1,3715,2941,2329,629,2159,4,3.26,6.0,14.0,0.0947,380321.0,Low Risk
V5578,Vendor_857_Inc,Chemicals,24,2675,2370,1468,298,1053,6,2.49,6.0,43.0,0.101,103836.0,1
V3507,Vendor_128_Co,Automotive,30,773,95,3,55,1,3,3.72,1.0,17.0,0.295,333641.0,YES
V2976,Vendor_995_Corp,Raw Materials,28,3437,1384,150,638,1117,28,2.88,7.0,71.0,0.1496,,high
V2104,Vendor_347_Ltd,IT Hardware,12,321,198,47,21,195,15,N/A,8.0,6.0,0.1989,265041.0,
V8250,Vendor_534_Co,Automotive,19,3837,1018,651,650,676,26,3.04,7.0,3.0,0.1713,95675.0,High
V2357,Vendor_426_Co,Packaging,25,3997,910,695,164,572,23,2.92,2.0,19.0,0.078,214967.0,low
V5912,Vendor_196_Co,Packaging,9,3910,1173,329,692,1094,18,4.92,8.0,65.0,0.2905,206948.0,High
V2573,Vendor_595_LLC,Office Supplies,18,2031,1283,650,287,282,10,2.42,9.0,62.0,0.2779,352271.0,0
V8796,Vendor_976_Corp,Food & Beverage,22,2049,600,587,366,90,14,3.32,8.0,45.0,0.172,,low
V3162,Vendor_421_LLC,Office Supplies,6,1541,504,397,155,466,9,4.14,9.0,30.0,0.2883,486079.0,High Risk
V7121,Vendor_123_Corp,Electronics,25,3726,3105,2418,2879,1406,-1,2.89,2.0,45.0,0.1279,442885.0,
V5808,Vendor_760_LLC,Food & Beverage,6,3271,3129,844,994,2721,1,Poor,9.0,69.0,0.1139,89980.0,1
V7473,Vendor_489_Ltd,Electronics,25,4386,3362,1957,3049,3051,21,4.42,8.0,48.0,0.1008,349146.0,YES
V7910,Vendor_959_Corp,Packaging,8,790,71,1,4,5,1,3.91,9.0,72.0,0.2741,268615.0,
V2424,Vendor_412_Ltd,Packaging,28,4274,1874,625,1301,1757,3,3.9,2.0,31.0,0.2835,87566.0,Yes
V9874,Vendor_472_Corp,Food & Beverage,1,2052,1684,1146,1479,631,3,,5.0,18.0,0.2394,120437.0,Low
V1699,Vendor_390_Inc,Electronics,29,2697,2191,413,2057,503,5,2.9,8.0,27.0,0.1201,475887.0,Low
V5765,Vendor_948_LLC,Textiles,13,1560,957,215,445,498,29,2.97,3.0,17.0,0.111,212703.0,high
V7257,Vendor_114_Inc,Electronics,6,2887,1706,753,1521,1279,18,3.97,5.0,40.0,0.1381,480392.0,0
V9886,Vendor_517_Corp,Automotive,20,2043,149,104,117,6,2,3.43,9.0,60.0,0.1376,306147.0,YES
V9804,Vendor_603_Inc,Office Supplies,5,2943,1597,437,1189,540,9,2.61,5.0,8.0,0.177,-1000.0,1
V7372,Vendor_779_Inc,Packaging,6,1859,119,27,16,108,30,3.11,8.0,29.0,0.0725,321752.0,NO
V4293,Vendor_412_Ltd,Automotive,9,191,37,3,9,14,5,4.52,8.0,22.0,0.2444,206526.0,YES
V1908,Vendor_126_Corp,Automotive,16,3969,991,649,93,684,20,2.76,1.0,14.0,0.1633,208611.0,High Risk
V6691,Vendor_106_Inc,Chemicals,6,320,145,50,134,13,3,4.82,6.0,15.0,0.2876,29593.0,1
V5417,Vendor_161_Corp,Automotive,7,1369,22,3,4,22,21,3.56,1.0,58.0,0.121,419649.0,Low Risk
V7016,Vendor_692_LLC,Raw Materials,27,1902,161,133,157,154,3,4.18,10.0,24.0,0.2023,342206.0,1
V3167,Vendor_109_Ltd,Electronics,28,12,7,4,1,7,19,2.36,1.0,8.0,0.0188,440997.0,0
V7840,Vendor_888_Co,Office Supplies,26,1808,1614,44,303,102,5,2.04,Good,66.0,,414944.0,0
V5625,Vendor_473_Corp,IT Hardware,18,1180,1005,160,37,647,1,3.3,4.0,45.0,0.0686,109427.0,Low
V7876,Vendor_273_Co,Chemicals,10,4641,2893,361,2490,208,365,2.08,3.0,3.0,0.2459,20597.0,high
V7158,Vendor_455_Ltd,Raw Materials,19,132,130,57,57,33,16,3.6,10.0,49.0,0.163,37952.0,0
V2477,Vendor_611_Inc,Raw Materials,12,3049,1092,358,419,451,4,4.87,2.0,31.0,0.2812,132240.0,0
V8133,Vendor_269_Corp,IT Hardware,17,1880,415,283,130,59,12,4.21,2.0,44.0,0.1119,479080.0,NO
V6921,Vendor_863_Ltd,Automotive,27,211,191,105,125,169,16,3.99,4.0,52.0,0.2742,363867.0,
V2753,Vendor_289_LLC,Textiles,3,4081,3494,707,2946,730,4,2.4,9.0,,0.2028,496203.0,
V1474,Vendor_147_Inc,Electronics,10,833,454,85,355,153,12,3.12,3.0,32.0,0.1593,297709.0,YES
V5149,Vendor_900_Corp,Machinery,21,3633,2940,1005,2328,80,4,2.53,5.0,51.0,0.0287,151586.0,NO
V9837,Vendor_153_Inc,Machinery,21,3463,1033,167,963,39,3,4.34,1.0,4.0,0.2849,,0
V3520,Vendor_432_Inc,Textiles,1,2081,362,69,335,121,3,3.66,10.0,12.0,N/A,410850.0,1
V8657,Vendor_129_Corp,Electronics,25,4766,3693,674,2548,1770,2,4.24,5.0,29.0,0.0883,315444.0,Low Risk
V3206,Vendor_584_Ltd,Automotive,6,3498,2682,1236,693,2539,7,4.89,7.0,71.0,0.0209,487516.0,
V2829,Vendor_359_Ltd,Automotive,25,3616,2307,842,1834,1746,24,2.46,4.0,27.0,0.27,13005.0,High
V5831,Vendor_930_Ltd,Automotive,6,2577,1916,776,498,603,2,2.14,4.0,63.0,0.1989,269285.0,1
V3495,Vendor_629_LLC,Packaging,27,1131,1112,384,578,580,28,4.92,3.0,57.0,0.0182,6671.0,low
V4657,Vendor_405_Co,Machinery,12,1475,1193,700,1005,50,24,3.12,5.0,16.0,0.1425,32030.0,low
V6524,Vendor_257_Ltd,Machinery,24,4890,4456,1607,3717,1567,14,3.44,2.0,25.0,0.0137,142635.0,
V6014,Vendor_254_Ltd,Office Supplies,11,897,37,28,11,24,3,3.2,10.0,54.0,N/A,,1
V6424,Vendor_698_LLC,Raw Materials,23,1485,1071,619,844,728,17,3.76,7.0,70.0,0.1521,211086.0,High
V8568,Vendor_993_Corp,Electronics,15,1538,889,525,223,600,999,4.89,10.0,43.0,0.0575,345522.0,1
V6930,Vendor_969_Corp,Packaging,25,3208,256,231,92,55,5,2.02,6.0,30.0,0.0991,403413.0,1
V5731,Vendor_251_Inc,Chemicals,25,1776,74,5,57,10,30,3.98,7.0,13.0,0.1374,245090.0,
V9259,Vendor_364_Corp,Packaging,25,1433,1156,908,147,367,12,3.03,3.0,31.0,0.0387,389400.0,low
V3759,Vendor_522_Inc,Office Supplies,1,3260,2364,776,495,1165,29,2.36,3.0,4.0,0.0324,159319.0,0
V7153,Vendor_656_Inc,Raw Materials,20,550,172,125,106,67,4,4.13,8.0,61.0,0.1335,328063.0,high
V2132,Vendor_614_Co,Food & Beverage,25,2104,2022,1823,19,1612,16,3.8,6.0,6.0,0.0375,360061.0,High
V3646,Vendor_905_Corp,Raw Materials,9,2613,1215,1044,218,47,24,2.09,10.0,12.0,0.0943,416759.0,High Risk
V2626,Vendor_996_Ltd,Machinery ,16,3831,3256,418,1438,2685,3,2.9,9.0,29.0,0.1697,22616.0,Low
V6037,Vendor_456_Co,IT Hardware,26,3277,46,2,18,2,20,,5.0,59.0,0.0029,288596.0,1
V3606,Vendor_585_Ltd,Electronics,6,2464,1768,315,1408,129,12,2.11,3.0,54.0,0.0326,401774.0,0
V4454,Vendor_340_Ltd,Textiles,18,327,68,36,36,55,27,3.45,5.0,48.0,0.2083,168654.0,High
V6306,Vendor_208_Corp,Automotive,6,670,306,223,80,102,21,4.09,3.0,35.0,0.2602,289758.0,High
V6456,Vendor_583_LLC,Textiles,5,3516,865,765,622,550,14,2.14,7.0,9.0,0.0818,-10000.0,
V5392,Vendor_842_Ltd,Textiles,7,2285,1370,80,1260,856,24,4.21,7.0,67.0,0.1178,454154.0,1
V4197,Vendor_839_Co,Textiles,26,1735,696,633,149,516,5,3.11,8.0,59.0,0.0786,54194.0,YES
V7744,Vendor_621_Corp,Raw Materials,6,4837,3550,823,3144,2163,23,3.26,10.0,25.0,0.2495,18791.0,Low
V8882,Vendor_801_LLC,Raw Materials,16,2443,1946,1914,1305,38,28,3.28,10.0,,0.1873,185379.0,1
V5222,Vendor_772_Corp,IT Hardware,29,4364,1351,434,420,337,9,4.93,1.0,1.0,0.2529,291398.0,YES
V4531,Vendor_808_Ltd,Chemicals,2,4667,1865,444,67,740,22,3.27,5.0,18.0,,30010.0,NO
V2402,Vendor_731_Co,Chemicals,18,2222,340,204,9,43,1,3.57,1.0,16.0,0.1414,363880.0,High Risk
V4941,Vendor_792_Corp,Raw Materials,10,431,276,94,190,206,29,2.06,3.0,13.0,0.1049,27151.0,High Risk
V9413,Vendor_602_LLC,Electronics,2,3024,812,76,481,59,5,4.21,2.0,3.0,0.1987,387033.0,
V7500,Vendor_547_Corp,Office Supplies,3,4259,2699,2595,2297,1792,23,3.35,5.0,34.0,0.0932,182161.0,high
V3197,Vendor_814_Corp,Raw Materials,12,3778,2253,118,1603,49,18,2.33,3.0,67.0,0.2431,28346.0,High
V3737,Vendor_874_Corp,Office Supplies,5,3364,1034,766,774,379,3,2.17,10.0,38.0,0.0617,322340.0,
V5295,Vendor_758_Co,Machinery,2,2061,112,101,18,21,23,4.26,3.0,2.0,0.221,272849.0,low
V6245,Vendor_542_Co,Electronics,21,4512,2165,183,1289,675,28,4.36,5.0,36.0,0.1521,496461.0,NO
V1707,Vendor_333_Inc,Packaging,23,849,497,62,383,69,16,4.08,2.0,57.0,0.1022,181622.0,
V8562,Vendor_538_LLC,Textiles,29,3667,1234,573,731,944,5,3.16,7.0,57.0,0.1615,366229.0,0
V1110,Vendor_840_Ltd,Food & Beverage,16,1936,425,138,376,279,12,3.52,5.0,9.0,0.1904,34151.0,0
V7417,Vendor_533_Ltd,Packaging,13,4657,245,170,91,169,1,2.04,9.0,51.0,0.0289,171249.0,0
V6001,Vendor_675_Co,Food & Beverage,17,4336,2326,572,2287,269,8,4.47,1.0,1.0,,243566.0,1
V2104,Vendor_468_Ltd,IT Hardware,27,4060,3191,1286,2095,2184,28,4.16,8.0,56.0,0.2192,29688.0,NO
V9869,Vendor_860_Ltd,Packaging,3,3974,2530,152,1377,782,24,4.08,10.0,44.0,0.0637,399801.0,High
V5675,Vendor_641_Ltd,Packaging,7,4510,2100,1969,127,1925,29,,3.0,71.0,0.1944,196975.0,RISK
V1542,Vendor_451_Corp,Office Supplies,20,1944,993,185,818,540,30,4.47,8.0,53.0,0.2311,,YES
V4532,Vendor_568_LLC,Packaging,4,1546,247,238,218,100,25,3.24,10.0,16.0,0.2316,237194.0,low
V2805,Vendor_835_Inc,Chemicals,19,3832,756,620,624,65,1,4.25,5.0,25.0,0.2686,274330.0,NO
V3445,Vendor_986_Ltd,Machinery,8,107,60,41,32,48,24,4.25,8.0,30.0,0.1547,413077.0,High Risk
V8844,Vendor_425_Co,Automotive,17,3579,304,269,119,225,13,2.93,3.0,32.0,0.0338,394918.0,Low Risk
V7687,Vendor_107_Inc,IT Hardware,22,1261,52,45,37,4,30,2.88,2.0,62.0,0.2207,83612.0,1
V9683,Vendor_678_Co,Electronics,25,4903,3114,1324,1458,633,2,4.96,8.0,52.0,0.1746,426920.0,high
V4537,Vendor_444_Co,Automotive,7,99,62,18,34,24,19,3.45,9.0,35.0,0.1343,59793.0,NO
V8603,Vendor_480_Corp,Electronics,19,4963,1132,858,1124,37,13,3.37,9.0,31.0,0.2679,467798.0,High Risk
V6343,Vendor_965_Co,Electronics,19,3268,653,65,593,175,29,4.2,5.0,39.0,0.0225,157527.0,low
V5531,Vendor_891_LLC,Automotive,6,3997,75,56,34,8,9,3.6,4.0,12.0,0.0925,358298.0,high
V9509,Vendor_719_Inc,Food & Beverage,15,1684,1644,1257,1463,760,7,Excellent,3.0,22.0,0.1573,435848.0,low
V3634,Vendor_692_Corp,Raw Materials,18,3280,1218,635,912,964,17,4.99,5.0,6.0,0.2202,61949.0,
V6638,Vendor_698_LLC,Raw Materials,20,1446,919,232,24,350,10,4.95,7.0,8.0,0.1899,55287.0,High Risk
V7771,Vendor_438_Ltd,Raw Materials,22,1858,1306,476,107,205,25,,9.0,21.0,0.1221,491226.0,low
V7672,Vendor_769_Co,Electronics,23,16,10,7,8,3,7,2.09,5.0,10.0,0.2463,129917.0,YES
V2430,Vendor_460_Ltd,Chemicals,28,563,346,239,236,215,999,2.67,6.0,14.0,0.2901,201077.0,High
V9832,Vendor_896_Corp,Chemicals,16,3439,725,600,94,337,30,2.91,8.0,32.0,0.145,149923.0,0
V3736,Vendor_245_Corp,Raw Materials,12,158,7,1,7,5,24,3.65,2.0,72.0,0.0843,83008.0,1
V2259,Vendor_542_Co,Raw Materials,10,2292,2024,770,455,1662,12,3.06,10.0,7.0,0.0619,178380.0,1
V5757,Vendor_821_Ltd,Automotive,2,3492,1400,1308,144,604,27,2.27,5.0,56.0,0.2611,161388.0,Low
V4055,Vendor_238_LLC,Textiles,8,1923,256,40,185,227,25,4.99,2.0,58.0,0.2521,471349.0,High Risk
V3490,Vendor_277_Inc,Food & Beverage,3,1293,488,142,272,88,12,3.96,6.0,,0.0956,177896.0,YES
V9509,,Food & Beverage,1,3928,2100,290,1000,834,8,,2.0,45.0,0.1181,220010.0,low
V1774,Vendor_953_Inc,Textiles,1,1264,460,14,439,402,19,3.95,5.0,35.0,0.1878,457972.0,1
V7076,Vendor_199_Corp,Chemicals,1,1121,452,377,109,111,30,3.76,2.0,36.0,0.1929,467512.0,low
V1475,Vendor_110_Ltd,Office Supplies,8,4389,3811,3760,2824,1792,22,3.84,,36.0,0.2877,222116.0,High
V4055,TBD,Food & Beverage,11,536,234,46,121,43,11,,2.0,29.0,0.0847,90737.0,low
V5971,Vendor_575_Corp,Office Supplies,30,810,596,316,16,138,17,3.67,2.0,38.0,0.0276,70478.0,
V2006,Vendor_506_Ltd,Textiles,3,34,4,4,4,4,15,2.06,10.0,48.0,0.0354,395450.0,
V4314,Vendor_286_Corp,Textiles,30,4451,2410,2226,915,440,27,2.12,3.0,58.0,0.1083,219389.0,
V6285,Vendor_,IT Hardware,3,303,22,16,11,17,23,2.87,7.0,45.0,0.0203,471040.0,low
V9870,Vendor_235_Ltd,Packaging,14,1683,1066,46,600,853,15,4.21,1.0,38.0,0.0567,12553.0,
V7395,Vendor_201_Inc,Machinery,10,1864,464,366,395,103,21,2.95,5.0,69.0,0.2211,201737.0,low
V1671,Vendor_749_Inc,Office Supplies,12,2219,48,27,36,48,25,3.69,10.0,33.0,0.0959,495166.0,
V9146,Vendor_754_LLC,Textiles,7,750,654,415,320,636,9,4.57,8.0,45.0,0.1011,230517.0,Low
V7563,Vendor_192_LLC,IT Hardware,26,1601,314,1,79,8,21,2.39,4.0,14.0,0.2334,218747.0,low
V5832,Vendor_821_Ltd,Textiles,2,786,615,19,145,336,22,4.11,3.0,4.0,0.1218,326573.0,Low
V5850,Vendor_359_Corp,Office Supplies,14,3192,1371,550,459,1040,8,2.49,7.0,24.0,0.0692,329195.0,
V7586,Vendor_462_Co,Office Supplies,3,72,72,34,46,16,14,3.02,2.0,39.0,0.2417,91504.0,YES
V6312,Vendor_838_Corp,Chemicals,17,4316,2172,517,1096,893,4,4.64,5.0,70.0,0.1051,315352.0,YES
V4966,Vendor_764_Corp,Raw Materials,14,4376,2771,1041,1802,913,4,4.91,8.0,19.0,0.0894,199226.0,0
V4156,Vendor_598_Ltd,Machinery,22,3794,329,162,107,30,4,3.46,5.0,65.0,0.0314,377207.0,high
V1234,Vendor_239_LLC,Raw Materials,29,4633,224,200,98,112,15,4.3,1.0,68.0,0.0297,169068.0,1
V7162,Vendor_896_LLC,Electronics,29,4777,333,68,51,323,16,2.24,1.0,23.0,0.2778,371535.0,YES
V4303,Vendor_204_Ltd,Textiles,25,3535,1765,130,251,1415,29,2.36,6.0,65.0,0.2249,192833.0,NO
V2313,Vendor_904_Co,Textiles,6,2978,1249,443,653,764,18,2.48,3.0,45.0,0.0026,56726.0,High Risk
V4860,Vendor_384_Corp,Raw Materials,30,2123,1851,1553,603,141,20,4.78,3.0,28.0,0.1248,467889.0,0
V7229,Vendor_690_Corp,Chemicals,2,961,586,376,130,320,19,,7.0,55.0,0.0959,192377.0,High 
V6234,Vendor_519_LLC,Textiles,20,1304,939,194,658,935,27,2.29,9.0,48.0,0.2619,157291.0,
V6331,Vendor_317_LLC,Food & Beverage,23,3128,1031,240,623,626,12,4.53,1.0,13.0,0.2457,200842.0,Low Risk
V1896,Vendor_283_Corp,Textiles,19,2948,2907,1289,825,524,22,4.97,5.0,44.0,0.1065,137899.0,High Risk
V7237,Vendor_966_Co,Electronics,25,3695,2558,1879,1917,1568,2,4.39,1.0,22.0,0.1345,405258.0,
V8812,Vendor_177_Co,Machinery,10,406,269,133,60,184,6,2.91,2.0,6.0,0.2353,197062.0,High Risk
V5474,Vendor_633_Ltd,Raw Materials,24,2655,1509,235,377,950,26,3.85,7.0,10.0,0.2478,402464.0,NO
V3605,Vendor_340_Co,Textiles,14,4070,2209,1832,1784,995,28,2.9,10.0,59.0,0.1988,137786.0,YES
V6714,Vendor_385_Co,Office Supplies,4,4867,3882,1066,2548,790,30,4.87,2.0,68.0,0.2399,265728.0,High Risk
V1327,Vendor_802_Corp,Electronics ,16,2784,313,277,258,216,22,2.88,10.0,24.0,0.0613,365010.0,1
V9053,Vendor_547_Co,Packaging,11,3124,94,69,34,26,1,3.5,10.0,50.0,0.2515,319008.0,
V1550,Vendor_557_Co,Electronics,8,138,61,13,4,6,24,2.13,8.0,30.0,0.1619,396515.0,
V5126,Vendor_675_Inc,Machinery,28,167,61,17,52,33,24,4.88,8.0,5.0,,221186.0,0
V2435,Vendor_656_Co,Office Supplies,25,1044,108,62,100,63,2,2.51,8.0,47.0,0.0612,405838.0,YES
V1237,Vendor_277_Corp,Packaging,7,956,121,63,30,61,18,-1.0,5.0,45.0,0.0125,108009.0,Low
V8907,Vendor_905_Corp,Machinery,15,14,1,0,0,1,30,4.94,8.0,15.0,0.024,241966.0,
V8665,Vendor_814_LLC,Machinery,9,2428,1270,471,455,1100,25,2.31,5.0,19.0,0.1781,303563.0,Low Risk
V1326,Vendor_906_Corp,Automotive,10,1598,897,589,885,550,23,3.94,9.0,36.0,0.1684,62676.0,Low
V6931,Vendor_891_LLC,Food & Beverage,11,4725,2880,1118,542,2574,1,3.1,9.0,65.0,0.1916,268677.0,High
V7484,Vendor_107_Inc,Machinery,17,1029,718,475,422,660,10,2.8,5.0,40.0,0.2515,417881.0,high
V4323,Vendor_496_Ltd,Food & Beverage,2,173,41,37,14,13,12,2.42,8.0,18.0,0.106,284506.0,High
V6284,Vendor_111_Co,Food & Beverage,16,1181,69,30,20,50,28,3.03,10.0,52.0,0.1356,,low
V4596,Vendor_694_Co,Machinery,28,2037,97,75,60,58,-1,4.54,7.0,4.0,0.1708,345638.0,
V3797,Vendor_524_LLC,Raw Materials,15,801,125,115,73,59,22,2.52,8.0,18.0,0.0043,451540.0,Low
V7123,Vendor_476_LLC,IT Hardware,25,52,51,9,35,34,23,4.57,9.0,3.0,0.0121,466936.0,
V8244,Vendor_258_Corp,Electronics,1,1824,64,0,62,52,28,3.39,3.0,64.0,0.0521,380535.0,High
V4443,Vendor_969_LLC,Office Supplies,22,4998,3093,2434,2258,421,3,2.51,10.0,47.0,0.0822,487811.0,YES
V6067,Vendor_311_LLC,Office Supplies,9,126,85,8,43,28,20,4.33,2.0,,0.107,241816.0,
V5183,Vendor_401_Ltd,Raw Materials,29,2278,317,77,287,0,28,2.48,9.0,26.0,0.2272,68192.0,High
V7099,Vendor_123_LLC,Office Supplies,4,4252,1783,1387,432,164,20,3.53,10.0,54.0,0.2892,419312.0,
V9553,Vendor_668_Inc,Machinery,2,606,132,73,69,124,1,5.0,6.0,3.0,0.1393,420660.0,1
V3832,Vendor_801_Corp,Machinery,16,3462,1094,933,770,581,6,4.71,6.0,39.0,0.004,298961.0,Low
V5845,Vendor_178_Inc,Food & Beverage,16,1642,1331,206,281,419,11,4.54,1.0,15.0,0.0769,447393.0,NO
V1180,Vendor_656_Corp,Automotive,26,4906,1344,1146,938,1297,12,3.55,4.0,45.0,0.0305,397024.0,1
V8701,Vendor_248_Corp,Packaging,23,3474,2220,1839,171,271,3,3.6,5.0,60.0,0.2888,149388.0,High
V4194,Vendor_966_Co,Food & Beverage,5,4680,1888,1017,1426,94,28,3.17,2.0,60.0,0.1513,488579.0,0
V3267,Vendor_670_Inc,Chemicals,1,3199,2869,2437,2054,188,30,4.77,8.0,67.0,0.06,363927.0,0
V3772,Vendor_300_LLC,Raw Materials,15,2103,862,234,12,196,12,4.29,8.0,45.0,0.0536,428634.0,0
V6940,Vendor_498_Co,Chemicals,17,1262,1137,550,224,429,1,2.9,1.0,60.0,0.0614,396056.0,
V7632,Vendor_295_Co,Packaging,21,1319,28,26,1,7,28,4.38,7.0,34.0,0.2838,383168.0,1
V3176,Vendor_417_Corp,IT Hardware,30,3624,1187,451,663,863,22,2.13,6.0,22.0,0.2422,22993.0,YES
V6508,Vendor_351_Ltd,Raw Materials,1,2151,1112,776,742,781,18,3.39,3.0,39.0,0.0853,167224.0,NO
V7178,Vendor_897_Corp,Office Supplies,3,640,41,35,40,27,5,3.92,1.0,51.0,0.1394,428170.0,1
V3462,Vendor_906_LLC,Food & Beverage,21,800,677,223,325,599,3,3.12,6.0,63.0,0.2119,319576.0,high
V5895,Vendor_178_Inc,Food & Beverage,8,793,282,222,55,194,7,3.43,9.0,35.0,0.0022,325582.0,1
V8932,Vendor_859_Corp,Textiles,17,3082,430,311,403,221,29,3.34,8.0,45.0,0.0795,411109.0,NO
V3730,Vendor_951_Co,Chemicals,28,1049,930,751,137,634,27,,9.0,53.0,0.065,283034.0,
V7457,Vendor_706_Corp,Textiles,17,2862,1953,731,14,1158,12,3.17,3.0,35.0,0.0644,207776.0,low
V7436,Vendor_244_Ltd,Raw Materials,18,3354,1535,1318,628,437,21,3.36,10.0,53.0,0.0153,114863.0,Low
V2937,Vendor_729_Inc,Packaging,7,2368,1003,454,13,801,22,3.84,2.0,11.0,0.201,262595.0,high
V6790,Vendor_309_Co,Food & Beverage,19,711,549,232,492,422,25,2.1,,59.0,0.2971,,
V3366,Vendor_233_LLC,Machinery,18,4326,3553,2912,267,485,13,4.08,6.0,55.0,0.2931,129214.0,0
V1116,Vendor_783_Corp,Automotive,9,2918,1679,1675,758,331,13,3.5,9.0,67.0,0.1631,495349.0,low
V2397,Vendor_865_Ltd,Food & Beverage,17,3066,1050,281,298,420,4,4.78,3.0,15.0,0.2186,84949.0,low
V7305,Vendor_220_Corp,Electronics,13,3303,704,124,589,287,24,4.36,1.0,69.0,0.2659,184265.0,NO
V2872,TBD,Food & Beverage,14,2679,954,831,430,837,27,,3.0,69.0,0.0643,282770.0,High Risk
V8383,Vendor_847_LLC,Textiles,12,1118,777,174,350,500,21,2.35,7.0,46.0,0.2126,241244.0,Low
V5180,Vendor_484_LLC,Electronics,7,3965,1521,453,1456,732,28,2.71,10.0,2.0,0.232,51123.0,high
V6876,Vendor_327_Inc,Packaging,11,1836,1815,126,398,293,999,3.81,6.0,26.0,0.1792,95922.0,0
V3210,Vendor_826_LLC,Raw Materials,9,1448,1011,479,997,911,9,2.94,4.0,70.0,0.1417,161090.0,low
V8753,Vendor_358_Inc,Machinery,5,1481,258,3,134,176,29,2.9,5.0,15.0,0.2818,23362.0,
V2244,Vendor_413_Inc,Electronics,20,1451,451,357,275,214,999,2.37,9.0,22.0,0.0466,187105.0,
V7450,Vendor_245_Ltd,Office Supplies,9,1443,1209,1196,155,1014,1,2.2,6.0,61.0,0.1443,363064.0,0
V7354,Vendor_819_Corp,IT Hardware,12,709,547,356,116,537,28,3.9,8.0,15.0,0.2853,361768.0,
V4831,Vendor_826_Inc,IT Hardware,21,713,195,113,25,129,16,4.1,10.0,20.0,0.2363,321437.0,1
V9376,Vendor_323_Ltd,Raw Materials,12,400,263,102,99,241,27,3.9,3.0,50.0,0.1244,213762.0,high
V8016,Vendor_378_Corp,IT Hardware,30,599,79,72,43,42,22,2.27,7.0,28.0,0.1773,237380.0,High Risk
V3701,Vendor_931_Ltd,Electronics,8,1106,701,501,367,192,8,4.18,3.0,28.0,0.2202,310168.0,
V9090,Vendor_443_Corp,Chemicals,10,2992,673,151,215,476,26,3.57,1.0,51.0,0.1959,330872.0,0
V9372,Vendor_489_LLC,Food & Beverage,2,1998,583,565,242,36,29,4.64,2.0,20.0,0.2638,261623.0,NO
V1231,Vendor_313_Ltd,Textiles,15,1614,349,344,156,94,4,2.79,3.0,5.0,0.0205,487937.0,high
V6078,Vendor_955_Corp,IT Hardware,17,265,171,59,121,136,27,4.4,7.0,65.0,,281324.0,high
V8010,Vendor_594_Ltd,Electronics,14,3750,1789,210,1084,1280,14,3.46,2.0,21.0,0.2395,93734.0,High Risk
V8038,Vendor_313_Ltd,Automotive,11,4005,1164,1004,767,120,7,3.69,3.0,65.0,0.1197,108486.0,high
V1489,Vendor_878_Co,Electronics,11,3647,3428,1910,2378,1109,21,3.69,7.0,3.0,0.0661,338314.0,low
V9942,Vendor_692_Inc,Automotive,13,3786,1353,1174,848,84,20,3.35,4.0,43.0,0.2603,157968.0,1
V9296,Vendor_419_LLC,Office Supplies,5,155,138,52,138,121,7,3.0,5.0,18.0,0.0441,6004.0,High Risk
V4665,NA,Electronics,12,1596,938,185,442,312,17,4.4,10.0,57.0,0.2943,470659.0,High
V3035,Vendor_611_LLC,Office Supplies,5,2379,1624,926,978,1049,27,3.19,8.0,11.0,0.2916,156055.0,1
V4137,Vendor_344_Ltd,IT Hardware,16,416,182,134,31,31,9,2.68,2.0,6.0,0.0751,55179.0,High Risk
V9656,Vendor_210_Ltd,Office Supplies,7,953,947,80,364,766,3,3.06,10.0,35.0,0.0481,39435.0,1
V2641,Vendor_208_Co,Raw Materials,26,1235,303,290,301,298,10,4.6,6.0,53.0,0.0792,,low
V7566,Vendor_231_Ltd,Chemicals,16,1886,204,123,95,59,11,2.45,9.0,52.0,0.0756,54941.0,0
V5190,Vendor_805_Corp,Textiles,1,4750,1275,701,903,1222,18,Poor,2.0,27.0,0.2529,285833.0,high risk
V9438,Vendor_383_LLC,Machinery,14,2016,83,6,2,76,4,4.67,4.0,58.0,0.0247,51395.0,High Risk
V2464,Vendor_483_Inc,Machinery,15,4632,3845,2648,1193,1790,10,4.68,1.0,30.0,0.0025,381620.0,YES
V3297,Vendor_811_Ltd,Electronics,2,4635,75,16,66,19,20,4.41,5.0,48.0,0.1853,432620.0,0
V4422,Vendor_183_Inc,IT Hardware,3,2969,1859,1187,786,752,24,4.92,1.0,60.0,0.1423,340688.0,
V9647,Vendor_578_Co,Packaging,18,452,448,197,363,272,30,2.08,10.0,13.0,0.0427,421593.0,low
V3087,Vendor_432_Ltd,Automotive,24,3459,2003,1126,1014,1638,30,4.23,7.0,17.0,0.0329,57559.0,
V7273,Vendor_786_Corp,Textiles,22,828,640,544,163,94,7,3.71,4.0,9.0,0.1584,198241.0,low
V1849,Vendor_730_Ltd,Office Supplies,7,1583,669,104,580,336,27,2.74,5.0,4.0,0.2025,451378.0,NO
V7181,Vendor_860_Co,Machinery,18,94,22,0,4,20,16,3.66,1.0,28.0,0.2234,163360.0,YES
V9611,Vendor_948_Co,Automotive,26,2001,574,402,250,150,6,3.64,4.0,50.0,0.1512,120247.0,YES
V8775,Vendor_902_LLC,Electronics,25,2447,947,332,751,737,20,3.56,7.0,41.0,0.1413,254074.0,1
V1409,Vendor_747_Ltd,Machinery,8,348,224,149,140,42,4,2.99,1.0,53.0,0.1911,254069.0,Low Risk
V2086,Vendor_662_LLC,Textiles,13,569,192,32,169,180,19,4.44,5.0,67.0,0.0747,309083.0,High Risk
V1498,Vendor_735_Inc,Packaging,22,159,115,81,62,24,20,4.19,8.0,15.0,0.0794,330572.0,
V2839,Vendor_728_Ltd,Packaging,1,1189,980,140,885,313,5,3.53,8.0,26.0,0.0732,35336.0,low
V9777,Vendor_473_Corp,Raw Materials,12,2277,2053,576,1306,36,10,4.38,5.0,58.0,0.2073,439428.0,Low
V4650,Vendor_962_Ltd,Office Supplies,8,1127,527,401,14,487,23,4.53,TBD,9.0,0.2155,186579.0,Low Risk
V6155,Vendor_557_Inc,IT Hardware,3,3446,2308,2092,1474,2182,25,2.26,7.0,56.0,0.1373,80291.0,high
V8923,Vendor_246_Ltd,Chemicals,6,747,700,664,120,525,20,2.58,2.0,60.0,0.1033,428109.0,1
V4189,Vendor_331_LLC,Chemicals,9,2032,1162,557,69,166,7,3.43,7.0,62.0,0.197,108541.0,YES
V6345,Vendor_202_Corp,Raw Materials,21,736,372,335,331,294,4,3.6,5.0,20.0,0.1081,97819.0,high
V6338,Vendor_529_Ltd,Chemicals,1,464,325,185,43,189,19,4.36,1.0,15.0,0.2188,339684.0,low
V3348,Vendor_746_Ltd,Textiles,4,2981,915,27,597,378,22,2.72,1.0,8.0,0.2126,215358.0,1
V1077,Vendor_157_Ltd,Automotive,18,3965,1197,1145,1014,938,365,2.36,3.0,44.0,0.0727,176287.0,1
V8913,Vendor_764_Inc,Textiles,19,1567,865,519,605,187,27,4.25,9.0,52.0,0.0853,393934.0,1
V7818,Vendor_921_Co,Office Supplies,15,1927,974,221,652,108,12,N/A,8.0,40.0,0.1241,25803.0,1
V2633,Vendor_486_Ltd,Electronics,4,831,741,539,140,12,27,2.04,1.0,17.0,0.0745,44828.0,High
V1632,Vendor_115_Co,Food & Beverage,30,4512,3150,744,463,2003,25,3.52,4.0,23.0,0.1836,472717.0,1
V9998,Vendor_664_Ltd,Machinery,7,3821,2444,1596,1267,952,10,4.13,3.0,21.0,0.0854,211850.0,High
V4606,Vendor_167_Inc,IT Hardware,12,2600,49,24,13,29,2,2.2,4.0,53.0,0.0905,314979.0,low
V8800,Vendor_871_Corp,Chemicals,21,4738,2066,435,1830,950,9,4.06,2.0,37.0,0.25,83006.0,0
V2788,Vendor_434_Inc,Raw Materials,5,720,166,135,32,155,4,4.14,7.0,8.0,0.2926,400324.0,high
V2646,Vendor_311_LLC,Office Supplies,1,2010,72,46,9,43,19,3.19,4.0,8.0,0.2595,490804.0,Low Risk
V4281,Vendor_891_Ltd,Machinery,10,1390,582,292,9,177,21,4.51,1.0,33.0,0.0271,418971.0,NO
V9025,Vendor_635_Inc,Textiles,21,4583,3289,1331,1174,464,3,2.84,6.0,N/A,0.1566,204289.0,Low Risk
V1508,Vendor_515_Corp,Electronics,8,587,59,6,5,46,1,4.25,9.0,43.0,0.1753,118351.0,low
V6896,Vendor_995_Corp,Automotive,6,2488,1133,717,472,900,19,,1.0,26.0,0.2863,378117.0,Low
V7312,Vendor_197_LLC,Electronics ,22,3742,818,253,452,256,11,4.49,6.0,55.0,0.2157,400767.0,NO
V2859,Vendor_161_Inc,Electronics,8,2965,325,105,297,318,2,3.62,1.0,7.0,0.2405,212409.0,Low Risk
V4717,Vendor_340_Ltd,Textiles,14,2138,1264,145,237,565,14,4.3,10.0,12.0,0.1286,415339.0,low
V2463,Vendor_327_Inc,Machinery,24,2128,749,696,343,670,28,2.92,6.0,48.0,0.0782,155167.0,low
V1737,Vendor_143_Corp,Chemicals,11,2266,1804,1358,1340,729,18,2.9,9.0,18.0,0.039,251377.0,0
V5721,Vendor_424_LLC,Raw Materials,13,3383,3087,2666,641,1239,29,2.78,1.0,13.0,0.2601,298244.0,0
V3682,Vendor_237_LLC,IT Hardware,7,898,603,241,557,350,4,4.85,5.0,24.0,0.2545,42585.0,1
V3891,Vendor_850_Co,Automotive,22,1311,1196,841,1073,330,365,99.0,5.0,20.0,0.136,109072.0,NO
V6641,Vendor_351_Ltd,Machinery,30,1888,1669,1495,374,812,8,4.68,8.0,69.0,0.1102,131064.0,low
V4643,Vendor_681_Corp,Office Supplies,27,904,33,6,18,29,19,3.52,4.0,41.0,0.1559,148708.0,High Risk
V2218,Vendor_541_Ltd,IT Hardware,29,2504,951,217,114,416,22,3.42,5.0,53.0,0.1747,21797.0,low
V5341,Vendor_246_Inc,Food & Beverage,2,3797,469,435,382,112,14,4.0,5.0,18.0,0.0385,68012.0,Low
V4283,Vendor_596_Inc,Raw Materials,10,2940,126,121,27,31,11,4.79,2.0,32.0,0.1436,42835.0,High
V3501,Vendor_526_Ltd,Automotive,17,3354,111,64,52,22,27,3.43,10.0,4.0,0.0364,363625.0,0
V8992,Vendor_939_Inc,IT Hardware,6,4251,2869,933,1581,2587,18,3.89,2.0,68.0,0.2995,247465.0,1
V5367,Vendor_576_LLC,Food & Beverage,5,3559,604,291,604,282,10,10.0,8.0,50.0,0.1799,307318.0,High Risk
V4154,Vendor_248_LLC,Automotive,1,1699,1121,1001,400,811,2,2.77,4.0,53.0,0.0766,191889.0,High Risk
V9912,Vendor_201_Ltd,Raw Materials,22,4516,1332,991,843,1244,14,2.86,1.0,63.0,0.0758,119438.0,low
V2074,Vendor_391_LLC,Textiles,29,3162,2646,306,724,1390,4,4.89,9.0,11.0,0.0391,34227.0,Low
V3992,Vendor_198_Inc,Automotive,26,2129,1254,1183,770,507,4,3.71,5.0,22.0,0.2544,376315.0,0
V3539,Vendor_269_Ltd,Machinery,12,3264,1906,1060,85,1353,12,3.62,10.0,61.0,0.134,492304.0,Low Risk
V5279,Vendor_310_LLC,Chemicals,6,1785,669,246,13,164,26,4.73,6.0,69.0,0.0257,168024.0,Low Risk
V1209,Vendor_790_Ltd,Raw Materials,13,3906,3846,2781,1505,734,15,3.57,2.0,16.0,0.043,211042.0,NO
V8282,Vendor_866_Inc,Office Supplies,15,1041,297,261,119,237,25,2.16,5.0,72.0,0.0972,386528.0,High Risk
V5210,Vendor_110_Co,Chemicals,24,971,518,188,100,66,17,-1.0,,53.0,0.0341,332401.0,
V2733,Vendor_435_Ltd,Food & Beverage,12,2720,445,267,387,390,2,,2.0,14.0,0.1855,172288.0,0
V9195,Vendor_704_Co,Office Supplies,9,838,822,475,452,639,13,4.52,3.0,37.0,0.1401,149116.0,High Risk
V7916,Vendor_710_Corp,Textiles,13,395,56,9,40,10,20,4.99,9.0,33.0,0.2913,452296.0,0
V3251,Vendor_284_LLC,Food & Beverage,30,2263,401,95,147,243,5,2.13,5.0,9.0,0.1798,182161.0,1
V7961,Vendor_199_Corp,Food & Beverage,4,2116,1982,820,1879,315,27,4.19,10.0,51.0,0.0131,291322.0,1
V1100,Vendor_379_LLC,Packaging,18,3417,535,490,323,163,9,4.63,3.0,13.0,0.2841,156633.0,Low Risk
V1599,Vendor_674_LLC,Office Supplies,13,3608,688,72,575,381,3,3.2,5.0,6.0,0.1031,205339.0,High
V8889,Vendor_907_LLC,Chemicals,25,4951,1837,1009,967,1490,24,2.53,,22.0,0.1448,164522.0,
V8696,Vendor_301_Ltd,Raw Materials,23,768,482,301,87,352,22,2.46,4.0,16.0,0.2083,17938.0,High
V9034,Vendor_603_Co,Automotive,8,3869,1189,369,304,664,1,2.93,3.0,14.0,0.0823,108419.0,0 
V3655,Vendor_328_Corp,Chemicals,8,4199,3541,28,1782,2893,17,3.44,5.0,30.0,0.148,129759.0,0
V1985,Vendor_923_LLC,Food & Beverage,7,971,822,361,281,813,30,2.49,2.0,19.0,0.2599,330229.0,Low Risk
V7419,Vendor_565_LLC,IT Hardware,15,1758,1532,1304,1045,1389,20,3.16,1.0,68.0,0.1254,1160.0,YES
V2485,Vendor_553_LLC,Raw Materials,16,175,35,27,25,11,10,4.85,10.0,18.0,0.2488,14863.0,High
V5770,Vendor_659_Ltd,Machinery,22,1867,1603,1112,1112,470,1,2.22,9.0,38.0,0.0935,444028.0,NO
V7101,Vendor_453_LLC,Machinery,25,3161,187,33,149,55,25,2.55,2.0,57.0,0.2924,39596.0,YES
V4389,Vendor_196_Ltd,Office Supplies,8,1787,393,164,200,287,25,,7.0,63.0,0.0162,158492.0,NO
V4824,Vendor_992_Inc,Food & Beverage,26,3426,1008,214,967,334,9,3.66,10.0,43.0,0.2095,473832.0,0
V2746,Vendor_533_LLC,Electronics,25,4024,1744,1242,247,1007,10,2.47,9.0,48.0,0.0342,141616.0,High Risk
V9073,Vendor_582_Inc,Food & Beverage,7,2610,417,40,64,340,3,3.81,8.0,37.0,0.007,73542.0,1
V4602,Vendor_275_Ltd,Machinery,18,1252,47,35,37,20,20,2.05,3.0,12.0,0.1714,322982.0,High
V3501,Vendor_156_Ltd,Chemicals,22,3340,2514,2449,1093,1397,3,4.8,2.0,3.0,0.1258,55862.0,NO
V5378,Vendor_213_LLC,Packaging,15,1697,42,30,34,7,1,3.99,8.0,8.0,0.1372,437005.0,Low Risk
V9252,Vendor_855_Corp,Office Supplies,10,279,274,73,115,270,4,4.5,7.0,20.0,0.1938,104990.0,
V5887,Vendor_728_Co,Machinery,24,2774,317,161,207,95,16,2.42,10.0,41.0,0.241,381840.0,NO
V3885,Vendor_261_Corp,Food & Beverage,10,4464,3545,2406,701,571,5,3.75,6.0,63.0,0.1433,305563.0,High Risk
V7922,Vendor_247_Co,Office Supplies,5,31,25,22,5,23,12,4.34,10.0,46.0,0.0609,224259.0,0
V5515,Vendor_709_Corp,Chemicals,30,1626,234,74,30,47,5,2.9,8.0,37.0,0.0721,387688.0,0
V1702,Vendor_147_Inc,Automotive,16,4722,3571,1743,3538,2782,25,4.01,10.0,40.0,0.2595,477977.0,1
V6712,Vendor_114_Corp,Machinery,22,860,298,1,183,30,9,3.44,5.0,21.0,0.2911,361735.0,high
V5712,Vendor_862_LLC,IT Hardware,28,981,269,268,245,170,19,-5.0,,36.0,0.1946,209392.0,high
V5393,Vendor_326_Corp,Office Supplies,25,25,22,5,11,4,28,3.7,5.0,30.0,0.0362,428660.0,NO
V8559,Vendor_880_Ltd,IT Hardware,29,2025,1415,954,294,808,8,4.2,9.0,35.0,0.2582,42554.0,
V1085,Vendor_468_Ltd,IT Hardware,18,798,208,8,207,35,28,2.22,3.0,68.0,0.1489,437418.0,RISK
V5524,Vendor_143_Corp,Office Supplies,25,469,266,166,131,78,17,2.52,4.0,12.0,0.1104,79229.0,1
V2579,Vendor_595_Corp,IT Hardware,5,2781,529,274,408,29,26,2.28,7.0,40.0,0.0993,489629.0,low
V2182,Vendor_435_LLC,Chemicals,9,142,24,15,14,19,27,3.21,5.0,38.0,0.0081,87090.0,1
V7278,Vendor_742_LLC,Food & Beverage,8,4120,2081,1127,2011,1744,18,3.4,5.0,71.0,0.1627,100918.0,Low
V4737,Vendor_209_LLC,Machinery,11,1823,1380,382,1274,1093,25,3.65,6.0,18.0,0.2297,26455.0,High Risk
V7021,Vendor_403_Ltd,IT Hardware,1,368,337,30,93,199,21,2.31,5.0,43.0,0.0598,435797.0,YES
V2907,Vendor_125_Inc,Automotive,17,1875,1206,1072,554,39,1,3.36,5.0,68.0,0.1501,59632.0,Low Risk
V4980,Vendor_528_Co,IT Hardware,4,4917,4275,4027,3222,3895,30,3.8,3.0,6.0,0.1758,278606.0,High
V2174,Vendor_875_Ltd,Automotive,13,4542,459,403,416,262,20,3.46,3.0,71.0,0.16,497079.0,low
V1230,Vendor_576_LLC,Textiles,3,602,367,83,252,164,28,5.0,4.0,24.0,0.0107,30709.0,
V3211,Vendor_901_Ltd,Office Supplies,17,950,836,236,247,755,20,2.37,9.0,26.0,0.2202,450147.0,High Risk
V8919,Vendor_378_Inc,Automotive,10,2019,463,417,11,222,16,N/A,7.0,7.0,0.2856,158465.0,Low 
V8336,Vendor_205_Corp,Electronics,6,2406,1449,976,434,14,11,4.2,3.0,50.0,0.1029,352664.0,1
V9579,Vendor_500_Inc,Machinery,4,3975,3965,807,3440,3554,23,4.12,10.0,1.0,0.2165,108366.0,high
V3197,Vendor_457_Ltd,Food & Beverage,5,2598,943,793,863,689,3,4.92,TBD,43.0,0.0228,462958.0,1
V3577,Vendor_545_Inc,Electronics,11,4428,1822,949,1271,1369,7,4.14,8.0,26.0,0.1943,316901.0,high
V9914,Vendor_664_Inc,Packaging,16,1602,736,707,521,729,30,3.4,6.0,4.0,0.2856,331133.0,Low Risk
V4384,Vendor_197_Inc,Chemicals,9,1621,843,761,842,677,3,2.69,7.0,52.0,0.1126,190301.0,NO
V6754,Vendor_338_Co,Textiles,30,4147,3960,840,1118,217,16,4.97,7.0,57.0,0.1367,7389.0,YES
V2016,Vendor_394_Co,IT Hardware,18,2636,757,72,502,372,17,3.49,3.0,72.0,N/A,76283.0,low
V2179,Vendor_731_Ltd,Machinery,30,1020,274,19,141,256,27,3.54,4.0,3.0,0.0116,426330.0,High Risk
V7524,Vendor_612_LLC,Textiles,17,2218,1552,718,528,359,25,2.77,4.0,64.0,0.1356,140941.0,
V2061,Vendor_428_Ltd,IT Hardware,2,1731,947,526,67,361,18,3.74,6.0,66.0,0.2963,400562.0,NO
V6745,Vendor_940_LLC,Raw Materials,8,758,16,13,0,0,29,2.29,3.0,22.0,,269697.0,1
V9677,Vendor_839_Ltd,Chemicals,17,2249,649,204,352,588,9,,10.0,24.0,0.2059,248358.0,0
V9784,Vendor_208_LLC,Packaging,12,256,108,15,96,70,25,4.29,9.0,13.0,0.006,355306.0,
V7403,Vendor_319_Inc,Packaging,17,4538,3378,2119,1516,97,22,3.02,10.0,63.0,0.2756,34231.0,0
V5094,Vendor_267_Ltd,Textiles,8,1554,843,574,447,404,9,2.24,4.0,67.0,0.2294,-1000.0,Low Risk
V2710,Vendor_644_Co,Textiles,21,2165,1770,477,760,914,18,4.28,6.0,36.0,0.1418,122052.0,
V5373,Vendor_390_Co,Raw Materials,9,200,197,80,189,86,4,2.56,8.0,67.0,0.0677,162528.0,0
V4407,Vendor_417_Ltd,Packaging,2,1795,1575,133,697,135,18,4.11,7.0,42.0,0.208,,Low Risk
V4999,Vendor_875_Corp,Office Supplies,3,3190,1372,508,1270,396,14,4.06,2.0,28.0,0.1958,441195.0,High Risk
V6138,Vendor_719_Corp,Electronics ,25,4254,3480,2057,928,2284,3,3.07,2.0,,0.0038,104298.0,high
V3818,Vendor_102_Corp,Machinery,5,3689,2434,1087,2383,394,12,4.67,7.0,49.0,0.0583,17291.0,0
V7061,Vendor_372_Corp,Raw Materials,13,4728,2837,1225,283,2014,8,4.93,8.0,5.0,0.1053,,High
V2215,Vendor_417_Ltd,Food & Beverage,2,2490,1125,115,720,1039,2,3.11,5.0,10.0,0.1934,449420.0,1
V3336,Vendor_732_Inc,IT Hardware,3,2631,2226,1868,624,300,14,2.04,4.0,71.0,0.2442,349959.0,High Risk
V9460,Vendor_444_Inc,Packaging,16,4812,4389,0,1272,2489,26,2.92,10.0,72.0,0.1874,242370.0,NO
V5306,Vendor_549_Inc,Textiles,20,4470,2554,433,2452,1071,1,4.17,8.0,22.0,0.0746,348400.0,NO
V2476,Vendor_914_LLC,Electronics,21,4118,3143,2284,871,1288,9,4.62,3.0,48.0,0.1265,159297.0,High
V7074,Vendor_347_Ltd,Raw Materials,1,1047,415,374,371,187,22,3.9,9.0,57.0,,432323.0,Low
V2419,Vendor_130_Corp,Office Supplies,7,4610,1984,1069,293,938,29,2.38,7.0,9.0,0.1053,66584.0,0
V6057,Vendor_307_Inc,Automotive,23,1227,875,497,524,221,22,4.01,10.0,14.0,0.2614,243872.0,
V4626,Vendor_988_Co,Electronics,19,1072,702,364,265,538,30,2.63,8.0,50.0,0.1808,246842.0,
V4723,Vendor_567_Corp,Packaging,6,3706,1882,1605,1150,967,23,3.5,4.0,8.0,0.1955,27987.0,
V3174,Vendor_374_Corp,Food & Beverage,27,1354,89,65,17,13,25,3.97,7.0,37.0,0.2157,334518.0,Low
V6246,Vendor_508_Co,Electronics,1,810,679,467,497,650,23,2.02,2.0,11.0,0.2854,198246.0,Low
V6491,Vendor_727_Ltd,Electronics,22,4637,858,370,565,25,24,4.86,6.0,30.0,0.0989,199170.0,Low Risk
V5449,Vendor_412_Ltd,Food & Beverage,29,2220,337,72,8,298,6,3.13,1.0,27.0,0.2023,221550.0,YES
V3989,Vendor_882_Inc,Packaging,5,1071,687,235,615,67,30,2.96,1.0,25.0,0.0152,,NO
V3729,Vendor_544_Co,Machinery,21,4385,1787,1777,462,1302,8,2.22,2.0,38.0,0.188,20710.0,high
V6072,Vendor_771_Ltd,Packaging,30,3944,3344,1942,469,3212,22,2.09,3.0,72.0,0.1266,441156.0,1
V6473,Vendor_242_Ltd,Chemicals,23,3220,598,474,146,231,26,2.63,2.0,15.0,0.0737,272723.0,
V6562,Vendor_963_Ltd,Packaging,3,1045,455,49,199,70,1,4.95,1.0,28.0,0.1158,216483.0,
V9029,Vendor_158_Co,Packaging,12,3624,1415,916,1157,319,7,4.21,,51.0,0.2378,183503.0,0
V9578,Vendor_571_Inc,Automotive,28,2532,2011,1571,312,484,29,2.86,10.0,30.0,0.2286,215335.0,Low Risk
V9495,Vendor_987_Corp,Office Supplies,20,3336,3082,2912,1259,912,30,3.71,4.0,35.0,0.2784,340358.0,0
V5191,Vendor_416_Inc,IT Hardware,5,2679,786,335,195,183,19,4.04,6.0,61.0,0.2747,312331.0,low
V7760,Vendor_491_LLC,Chemicals,5,2791,708,497,651,438,17,2.53,8.0,56.0,0.1207,236352.0,High Risk
V4143,Vendor_968_Corp,Automotive,20,542,130,66,58,70,9,4.04,8.0,,0.2814,337050.0,YES
V2441,Vendor_566_Corp,Electronics,14,790,47,24,27,43,6,4.62,3.0,16.0,0.2347,403216.0,
V5632,Vendor_253_Corp,Electronics,26,2140,2052,1171,153,63,22,3.79,8.0,67.0,0.1554,241706.0,high
V5916,Vendor_285_Corp,Packaging,10,140,97,81,27,10,4,2.11,10.0,19.0,0.156,280012.0,low
V6801,Vendor_601_Corp,Automotive,6,182,19,18,15,10,13,3.48,9.0,49.0,0.2551,171969.0,0
V9153,Vendor_669_Ltd,Office Supplies,5,1505,434,64,209,275,2,3.29,,9.0,0.0615,435454.0,1
V2452,Vendor_562_LLC,Raw Materials ,26,3518,2524,1107,471,289,9,3.97,7.0,3.0,0.07,4173.0,Low Risk
V7570,Vendor_775_Inc,Food & Beverage,17,2974,1315,106,411,906,19,4.83,4.0,30.0,0.1839,4872.0,low
V3889,Vendor_860_Co,Chemicals,8,2292,1410,253,646,1041,27,3.18,7.0,65.0,0.2173,379031.0,High Risk
V8557,Vendor_659_Corp,Chemicals,16,426,5,3,0,4,4,4.77,9.0,47.0,0.2764,254034.0,low
V9460,Vendor_646_Inc,Raw Materials,10,2771,1188,815,264,337,29,4.32,2.0,22.0,0.182,82839.0,low
V1009,Vendor_188_Co,Machinery,18,3135,2970,1358,919,2654,10,4.02,1.0,40.0,0.1336,380493.0,low
V8199,Vendor_137_Ltd,Machinery,4,3104,1604,583,704,123,17,4.95,5.0,35.0,0.2163,86395.0,1
V5269,Vendor_899_LLC,Chemicals,16,3095,781,150,767,624,30,2.91,10.0,31.0,,295752.0,0
V6981,Vendor_724_LLC,Automotive,24,47,30,24,23,6,25,2.75,7.0,29.0,0.174,331096.0,
V9896,Vendor_722_Co,Electronics,12,2683,2536,1079,196,501,7,3.54,9.0,19.0,0.2617,255014.0,0
V4170,Vendor_517_Corp,Office Supplies,8,2572,1452,832,457,471,11,2.44,2.0,64.0,0.1892,345781.0,0
V4229,Vendor_251_Co,Office Supplies,27,3436,2609,2451,2566,2228,9,2.17,2.0,49.0,0.0518,268268.0,0
V8845,Vendor_269_Corp,Chemicals,17,3954,1282,493,68,1272,23,4.48,9.0,13.0,0.1644,29023.0,
V2841,Vendor_857_Corp,Machinery,20,1645,1403,765,319,175,30,2.44,5.0,2.0,0.103,422674.0,1
V4821,Vendor_685_Co,Chemicals,12,315,62,44,34,25,9,2.29,4.0,72.0,0.0755,123554.0,1
V1113,Vendor_497_Ltd,Raw Materials,3,3166,632,459,261,553,23,4.75,3.0,54.0,0.2367,389317.0,0
V5822,Vendor_467_Ltd,Raw Materials,23,3930,2396,536,254,2230,5,4.12,Good,61.0,0.2962,252245.0,
V5727,Vendor_799_Inc,Automotive,13,2750,1406,130,426,555,16,2.42,9.0,69.0,0.0686,1416.0,High
V8778,Vendor_758_LLC,Automotive,9,4412,2857,1931,1278,979,28,4.39,2.0,70.0,0.0808,477985.0,Low
V5253,Vendor_345_Ltd,Office Supplies,11,2812,2238,1167,1024,373,20,3.52,10.0,36.0,0.2326,58339.0,Low Risk
V1031,Vendor_369_Ltd,Packaging,4,3384,945,582,263,600,28,2.85,5.0,40.0,0.1262,420935.0,Low
V8478,Vendor_329_Inc,Office Supplies,13,2708,1682,831,1029,47,15,2.95,7.0,46.0,0.2644,326731.0,
V8029,Vendor_134_Corp,Packaging,6,4535,669,397,665,253,25,2.9,10.0,26.0,0.1669,189590.0,0
V8062,Vendor_283_Inc,Machinery,22,141,74,45,58,56,25,3.88,5.0,59.0,0.1219,205752.0,Low Risk
V7298,Vendor_695_LLC,Machinery ,19,2125,399,159,195,248,5,3.11,3.0,13.0,0.2422,337914.0,Low Risk
V7886,Vendor_149_Corp,Food & Beverage,19,231,112,31,42,35,15,4.12,1.0,61.0,0.2367,230142.0,High Risk
V9869,Vendor_824_Co,Electronics,6,3920,1697,179,1237,1516,9,4.6,3.0,62.0,0.08,144723.0,1
V5294,Vendor_236_LLC,Packaging,22,3697,1812,433,56,178,5,3.46,10.0,35.0,,20615.0,low
V7443,Vendor_216_LLC,Machinery,4,1961,395,370,319,316,15,,6.0,26.0,0.061,261858.0,YES
V5649,Vendor_171_Corp,Chemicals,7,4999,3798,3394,1896,2821,15,4.32,9.0,11.0,0.1119,104595.0,1
V6851,Vendor_119_Co,Packaging,23,3505,182,98,147,164,5,3.28,1.0,54.0,0.1539,215830.0,Low
V5066,Vendor_850_Inc,Food & Beverage,9,2220,997,888,945,505,1,2.03,2.0,18.0,0.0468,119447.0,1
V9886,Vendor_231_Corp,Automotive,3,830,223,217,194,27,25,2.58,9.0,4.0,0.099,146536.0,high
V6459,Vendor_940_LLC,Machinery,8,333,207,11,135,121,4,4.49,1.0,66.0,0.04,438783.0,0
V7605,Vendor_565_Corp,Electronics,10,2167,833,172,19,685,2,2.05,3.0,57.0,,343770.0,low
V9329,Vendor_195_Corp,Textiles,19,1482,724,416,237,486,2,4.05,8.0,20.0,0.2564,128411.0,0
V2204,Vendor_345_Ltd,Chemicals,11,1776,1242,1232,1035,302,11,3.25,2.0,33.0,0.2801,365598.0,NO
V6486,Vendor_585_Inc,Machinery,27,1592,818,616,615,605,17,2.13,3.0,14.0,0.2162,452514.0,NO
V4576,Vendor_238_Inc,IT Hardware,6,2288,2274,1885,865,1101,23,4.43,9.0,67.0,0.2603,345146.0,NO
V6470,Vendor_539_Corp,Textiles,28,4436,3912,955,1810,3076,18,4.26,5.0,25.0,0.2148,244577.0,YES
V8837,Vendor_724_Co,Packaging,25,3594,3505,1748,581,3178,27,2.95,1.0,23.0,0.0834,195088.0,1
V1806,Vendor_626_Inc,Automotive,25,2311,387,1,215,248,17,4.29,5.0,49.0,0.0445,172844.0,NO
V2032,Vendor_639_Inc,Raw Materials,21,3291,1822,1049,771,742,25,4.13,2.0,52.0,0.2756,,YES
V3770,Vendor_314_Ltd,Office Supplies,3,1597,1507,1379,99,1308,16,4.62,2.0,23.0,0.1358,105992.0,high
V8133,Vendor_186_Inc,Chemicals,9,2334,2116,1095,2089,288,9,4.55,6.0,62.0,0.1947,232702.0,low
V4243,Vendor_397_Inc,IT Hardware,15,333,277,153,116,83,26,2.47,6.0,48.0,0.0976,238501.0,YES
V9019,Vendor_807_LLC,Chemicals,21,4048,879,574,556,763,2,4.27,1.0,18.0,0.0895,127762.0,0
V8585,Vendor_310_Inc,Textiles,28,2486,952,324,679,695,14,3.88,2.0,50.0,0.1677,167739.0,high
V1866,Vendor_445_Inc,Textiles,13,323,75,12,48,65,1,2.55,5.0,11.0,0.2511,228244.0,
V2385,Vendor_859_Ltd,Packaging,28,3514,2359,1348,1202,566,14,2.39,6.0,22.0,0.1501,7281.0,1
V1539,Vendor_189_Inc,IT Hardware,13,4975,1251,340,1243,756,29,2.4,5.0,4.0,0.1383,227763.0,YES
V3998,Vendor_997_Inc,Textiles,5,3659,58,17,5,57,25,2.79,9.0,58.0,0.2352,38125.0,Low Risk
V6985,Vendor_216_Inc,Raw Materials,17,4372,3578,1885,1485,2497,29,3.28,,67.0,0.2165,106626.0,0
V9861,Vendor_102_Corp,Packaging,28,2457,229,65,52,224,7,2.21,1.0,2.0,0.2256,364652.0,High Risk
V4610,Vendor_982_Inc,IT Hardware,27,1252,140,103,31,107,14,2.26,5.0,51.0,0.0757,237680.0,
V8708,Vendor_168_Corp,Chemicals,23,90,40,26,11,9,7,2.6,2.0,69.0,0.1376,50657.0,0
V1066,Vendor_171_Inc,Packaging,18,3445,1171,695,851,96,4,3.11,7.0,4.0,0.0121,310596.0,0
V8692,Vendor_416_Co,Packaging,10,2559,2390,2216,596,603,12,6.0,9.0,19.0,0.0172,266870.0,High Risk
V4559,Vendor_188_Corp,Office Supplies,25,1250,843,630,703,453,4,3.77,7.0,45.0,0.289,165890.0,
V5073,Vendor_109_LLC,Automotive,30,747,159,57,117,93,9,3.71,7.0,8.0,0.075,198511.0,YES
V1132,Vendor_912_LLC,Machinery,30,688,648,518,34,281,10,3.66,2.0,43.0,0.2611,230970.0,NO
V1614,Vendor_388_LLC,Chemicals,9,4643,1361,389,1268,772,11,2.01,6.0,50.0,0.149,33630.0,0
V6477,Vendor_353_LLC,Automotive,9,2329,1508,1133,1220,512,24,-1.0,4.0,47.0,0.1341,449736.0,High Risk
V4747,Vendor_369_Ltd,Chemicals,12,4886,3415,3193,2975,1103,5,2.92,6.0,41.0,0.1349,223978.0,Low Risk
V1118,Vendor_484_Co,Automotive,25,69,5,0,1,4,9,4.8,8.0,44.0,0.1813,177449.0,Low
V1997,Vendor_498_Co,Electronics,16,821,244,35,238,79,27,,1.0,17.0,0.0802,88802.0,YES
V3323,Vendor_341_Co,Packaging,12,2177,1555,75,1401,1199,29,2.58,9.0,21.0,0.054,201114.0,High
V2288,Vendor_714_Co,Automotive,19,2530,2395,1481,1726,318,19,4.21,6.0,11.0,,54373.0,YES
V6246,Vendor_308_Inc,Packaging,14,3827,403,369,240,389,2,3.69,4.0,19.0,0.0049,291094.0,Low Risk
V1679,Vendor_858_Corp,Textiles,15,543,44,21,24,19,365,2.32,9.0,50.0,0.1486,167835.0,YES
V3287,Vendor_154_Corp,IT Hardware,25,3781,1679,955,1541,1352,24,4.02,2.0,15.0,0.1148,55790.0,0
V3557,Vendor_980_LLC,Food & Beverage,2,1225,102,96,74,63,17,2.85,1.0,41.0,0.2491,207609.0,0
V2418,Vendor_212_Ltd,Textiles,7,4012,2804,2699,11,1991,26,2.62,7.0,13.0,0.1658,342853.0,1
V2897,Vendor_688_LLC,Electronics,23,4184,3871,2257,3440,1789,22,4.86,3.0,,0.1629,181687.0,High
V9833,Vendor_974_LLC,Electronics,12,1579,1169,534,620,1052,19,,7.0,36.0,0.2241,,0
V3451,Vendor_247_Corp,IT/IS,6,1499,334,10,184,148,13,4.04,5.0,49.0,0.255,101850.0,1
V9611,Vendor_976_Ltd,Raw Materials,12,505,144,119,31,119,13,4.81,5.0,33.0,0.0461,168180.0,NO
V6742,Vendor_466_Inc,Automotive,28,1154,101,19,74,64,4,4.39,3.0,52.0,0.143,498959.0,NO
V1105,Vendor_870_LLC,Automotive,22,224,177,137,83,107,19,2.29,8.0,7.0,0.1502,266763.0,High Risk
V1107,Vendor_125_Co,Chemicals,25,2329,1317,691,1030,381,3,4.08,5.0,33.0,0.1078,197777.0,1
V7709,Vendor_546_Corp,Automotive,19,4389,113,78,71,11,18,4.92,10.0,14.0,0.2147,82433.0,High Risk
V1401,Vendor_795_LLC,Automotive,8,3729,1738,1650,1336,1584,28,4.21,5.0,43.0,0.1185,457650.0,high
V1437,Vendor_274_Ltd,Textiles,26,1111,771,341,342,627,15,4.53,2.0,53.0,0.1517,273658.0,0
V9296,Vendor_396_LLC,Raw Materials,21,3303,2152,257,1211,1897,6,4.34,5.0,62.0,0.2461,292869.0,YES
V5256,Vendor_485_Ltd,IT Hardware,29,931,42,28,39,18,29,3.09,10.0,56.0,,43533.0,High
V4266,Vendor_615_Inc,Packaging,1,1271,220,79,82,49,20,2.92,10.0,Slow,0.0973,403404.0,0
V1290,Vendor_190_Ltd,Food & Beverage,3,4605,268,82,68,263,22,,7.0,17.0,0.1692,191240.0,0
V3204,Vendor_510_Inc,Automotive,19,3442,36,1,32,2,23,2.63,5.0,60.0,0.2729,314457.0,low
V2888,Vendor_216_Ltd,Electronics,29,2342,2018,623,891,1267,23,4.07,8.0,2.0,0.04,74731.0,High Risk
V8754,Vendor_472_LLC,Machinery,9,3004,2687,2174,2475,553,2,3.52,1.0,48.0,0.1256,417656.0,YES
V4962,Vendor_706_Inc,Food & Beverage,3,187,36,8,8,18,28,3.97,3.0,69.0,0.1293,324862.0,YES
V8169,Vendor_365_Co,Machinery,8,997,28,1,3,23,3,3.73,1.0,56.0,0.1987,485586.0,high
V1678,Vendor_662_Ltd,Electronics,10,3743,1416,16,1401,906,10,4.91,10.0,60.0,0.1208,113037.0,High
V7503,Vendor_931_Ltd,Food & Beverage,24,2294,1248,1165,762,1187,21,3.28,7.0,12.0,0.2882,28971.0,1
V7355,Vendor_346_Inc,Textiles,6,1070,167,65,129,73,15,4.35,2.0,33.0,0.2325,83153.0,Low
V5264,Vendor_549_LLC,Machinery,27,629,518,232,255,127,11,2.5,5.0,68.0,0.1586,25420.0,low
V8829,Vendor_492_Corp,Packaging,7,958,54,30,34,27,10,4.24,6.0,5.0,0.0615,489052.0,High Risk
V6498,Vendor_206_Ltd,Office Supplies,18,2482,2140,1978,99,705,23,3.77,9.0,40.0,0.1045,276887.0,
V6954,Vendor_924_Corp,Textiles,23,3157,3125,488,298,1828,8,2.67,1.0,61.0,0.0653,466806.0,0
V5361,Vendor_140_Corp,IT Hardware,11,248,36,33,1,9,4,2.97,10.0,16.0,0.1782,495607.0,high
V8865,Vendor_808_Ltd,Machinery,29,158,133,28,102,69,20,3.43,9.0,49.0,0.0943,237200.0,Low Risk
V2802,Vendor_348_Ltd,Chemicals,19,149,43,29,15,5,11,3.86,7.0,20.0,,119822.0,0
V1018,Vendor_193_LLC,Raw Materials,28,2367,12,0,9,3,15,3.06,3.0,45.0,0.051,13720.0,
V1856,Vendor_933_LLC,Packaging,13,2870,1671,358,65,292,5,4.91,1.0,39.0,0.0657,265764.0,Low Risk
V5082,Vendor_983_Co,Electronics,26,3952,3225,1952,337,1445,6,2.5,,39.0,0.1395,409615.0,1
V5253,Vendor_570_Co,Electronics,12,4675,2374,1261,300,499,8,2.92,3.0,72.0,0.0718,188908.0,
V9498,Vendor_172_Co,Electronics,25,4029,3703,3211,2362,2589,21,4.74,2.0,38.0,0.0454,455580.0,1
V1643,Vendor_774_LLC,IT Hardware,11,281,246,102,208,188,20,4.44,8.0,44.0,0.0082,75979.0,0
V8479,Vendor_154_Inc,Packaging,11,2064,880,199,304,6,26,2.09,4.0,27.0,0.0584,496111.0,
V1147,Vendor_734_Ltd,IT Hardware,30,1225,254,204,38,254,17,4.34,1.0,7.0,0.2081,261115.0,low
V7796,Vendor_423_Inc,Electronics,6,1495,733,215,339,236,23,Excellent,9.0,53.0,0.2469,173617.0,YES
V4232,Vendor_408_Corp,Electronics,18,1690,1114,905,707,828,11,3.17,3.0,67.0,0.2976,149859.0,1
V7676,Vendor_864_Corp,Automotive,11,3166,2757,834,878,1981,21,2.34,9.0,52.0,0.0531,239485.0,1
V2424,Vendor_437_Corp,Raw Materials,11,1357,1315,289,428,481,9,2.36,8.0,52.0,0.1107,283592.0,high
V4679,Vendor_719_Co,Office Supplies,3,2492,1534,1373,803,1225,13,2.25,10.0,44.0,0.1559,272249.0,
V1568,Vendor_163_Ltd,Electronics ,5,1911,1321,1077,884,564,10,3.24,7.0,26.0,0.1752,129845.0,0
V8069,Vendor_346_Corp,Machinery,30,495,217,146,59,21,20,3.79,2.0,56.0,0.2234,494368.0,0
V7293,Vendor_977_Inc,Raw Materials,22,1311,853,325,397,354,14,2.95,7.0,54.0,0.1373,176726.0,low
V6181,Vendor_378_Ltd,Automotive,29,4841,1442,865,859,261,2,4.06,10.0,42.0,0.1547,161356.0,high risk
V1071,Vendor_106_Co,Chemicals,13,2855,2131,579,621,939,8,2.91,9.0,11.0,0.166,496003.0,Low Risk
V4800,Vendor_138_Ltd,Packaging,2,1397,1392,1352,953,1298,9,3.32,8.0,,0.2342,336093.0,low
V5189,Vendor_150_Ltd,Automotive,29,3020,1671,1389,1591,1015,16,4.37,6.0,39.0,0.0759,196390.0,1
V1837,Vendor_158_Inc,Electronics,16,477,133,94,109,79,25,4.01,1.0,17.0,0.2924,494323.0,0
V8913,Vendor_883_Corp,Textiles,5,930,893,609,811,68,28,2.43,2.0,64.0,0.1628,307257.0,High
V5141,Vendor_912_Corp,Electronics,26,3984,1514,735,59,540,9,,6.0,23.0,0.2597,160182.0,0
V1658,Vendor_230_Ltd,Raw Materials,5,4022,572,528,139,501,12,3.69,8.0,63.0,0.2666,488127.0,0
V3347,Vendor_719_Co,Electronics,19,3308,1328,21,87,415,2,4.11,1.0,56.0,0.0902,238650.0,high
V4801,Vendor_148_Inc,Machinery,30,4289,1085,164,1077,1055,29,4.28,2.0,60.0,0.1565,82120.0,0
V2038,Vendor_296_Ltd,Packaging,29,3797,485,390,234,476,13,4.43,9.0,54.0,0.2475,,
V5919,Vendor_964_Ltd,Textiles,11,1220,492,77,382,350,28,4.49,2.0,27.0,0.2538,140950.0,High
V4785,Vendor_211_Inc,Textiles,19,571,46,22,7,44,27,2.47,10.0,29.0,0.061,329704.0,High Risk
V8913,Vendor_626_Co,Raw Materials,30,2574,965,329,472,725,-1,3.28,2.0,49.0,0.0382,8143.0,0
V9482,Vendor_338_Inc,Chemicals,8,1212,1063,923,128,723,1,2.39,10.0,60.0,0.2696,126861.0,High Risk
V2787,Vendor_280_LLC,Electronics,16,2767,957,642,476,322,5,2.26,6.0,70.0,0.19,26002.0,Low
V5390,Vendor_353_Corp,Machinery,12,4180,1195,499,157,825,23,3.72,2.0,71.0,0.0215,39507.0,0
V7035,Vendor_335_Co,Office Supplies,21,1608,35,26,13,5,4,2.07,2.0,59.0,0.0748,412659.0,NO
V8231,Vendor_335_Ltd,Packaging,25,4283,1660,170,351,1303,30,2.87,6.0,20.0,0.0552,248430.0,0
V8182,Vendor_868_LLC,Packaging,13,1275,549,284,169,297,20,4.34,3.0,55.0,0.1872,421707.0,YES
V7192,Vendor_597_LLC,Packaging,2,595,452,176,341,411,22,3.6,3.0,2.0,0.2527,144811.0,low
V4276,Vendor_848_LLC,Packaging,16,2903,352,250,89,271,18,4.43,5.0,24.0,0.277,155819.0,High Risk
V6169,Vendor_668_Co,Electronics,7,468,427,266,153,289,-5,4.06,6.0,9.0,0.2909,148041.0,0
V2930,Vendor_908_Co,IT Hardware,16,3520,1817,661,1557,246,14,2.77,4.0,35.0,0.1839,187432.0,
V8970,Vendor_335_Ltd,Automotive,11,616,595,24,394,505,6,4.03,8.0,40.0,0.2782,244376.0,high
V6471,Vendor_511_Ltd,Electronics,6,3280,2869,1570,2750,2719,22,2.08,7.0,19.0,0.0839,385635.0,Low
V8001,Vendor_998_Ltd,Textiles,14,1176,561,5,549,463,3,3.67,1.0,48.0,0.2798,124174.0,Low
V7463,Vendor_741_Ltd,Chemicals,18,1865,1719,668,1274,378,14,3.85,9.0,N/A,0.2097,306014.0,high
V3901,Vendor_967_Ltd,IT Hardware,27,1934,816,383,641,282,20,N/A,5.0,44.0,0.0002,295375.0,1
V7753,Vendor_891_Ltd,Textiles,13,2444,1160,921,1064,203,8,4.24,5.0,18.0,0.2217,286043.0,1 
V9094,Vendor_506_Inc,Raw Materials,6,2145,129,109,95,69,30,4.99,8.0,36.0,0.2928,468272.0,0
V3359,Vendor_892_LLC,Machinery,15,4349,1097,191,599,927,21,4.19,3.0,8.0,0.2779,367328.0,NO
V8738,Vendor_263_Co,Packaging,9,4058,1042,926,8,974,12,2.54,2.0,66.0,0.1868,201774.0,Low
V9383,Vendor_157_LLC,Food & Beverage,3,292,144,82,144,10,365,2.2,3.0,14.0,0.1568,493895.0,NO
V5513,Vendor_267_Co,Textiles,15,2839,294,119,43,62,7,4.34,8.0,33.0,0.1173,424442.0,High Risk
V7091,Vendor_101_Co,Office Supplies,28,2888,2303,241,374,475,15,4.66,2.0,12.0,0.0945,225082.0,1
V5066,Vendor_482_Inc,Machinery,19,2629,1433,741,756,683,13,4.43,10.0,59.0,0.1491,437230.0,1
V3243,Vendor_630_Inc,Packaging,25,795,547,360,147,13,16,3.24,3.0,14.0,,264917.0,1
V4937,Vendor_713_Inc,Office Supplies,24,103,26,19,24,11,23,4.65,7.0,6.0,,282699.0,Low
V4708,Vendor_651_Corp,Food & Beverage,21,2549,0,0,0,0,17,2.73,3.0,57.0,0.1894,150797.0,High
V5923,Vendor_221_Corp,Machinery,17,286,145,144,18,55,26,3.72,6.0,20.0,0.2703,443298.0,High Risk
V4145,Vendor_534_LLC,Textiles,21,1734,666,317,394,601,3,3.83,10.0,8.0,0.15,440093.0,YES
V6665,Vendor_237_Corp,Raw Materials,10,35,13,6,5,9,20,2.21,2.0,68.0,0.1918,302480.0,High
V5819,Vendor_198_Co,Textiles,7,293,167,156,17,89,22,4.07,2.0,13.0,0.0078,216336.0,low
V9315,Vendor_568_Corp,Food & Beverage,3,698,290,177,231,279,12,4.77,4.0,70.0,0.1205,205732.0,low
V1005,Vendor_664_Inc,Automotive,26,337,83,22,72,24,11,4.26,2.0,11.0,0.1208,271505.0,NO
V2304,Vendor_735_Co,Packaging,18,2988,1559,760,906,206,29,3.37,10.0,7.0,0.0245,,1
V8081,Vendor_950_Inc,IT Hardware,13,3972,1941,1223,103,459,10,2.9,3.0,15.0,0.247,306319.0,high
V9769,Vendor_220_LLC,Electronics,11,4729,4576,2292,2810,1701,28,3.89,9.0,2.0,0.1969,268597.0,0
V3357,Vendor_653_Ltd,Machinery,20,3226,730,660,503,111,21,2.32,8.0,34.0,0.031,39230.0,1
V3590,Vendor_811_Corp,Chemicals,19,2790,91,52,69,36,24,3.12,3.0,34.0,High,416637.0,NO
V5276,Vendor_531_LLC,Office Supplies,13,2344,1274,792,984,71,22,3.55,2.0,60.0,0.2419,182554.0,YES
V2439,Vendor_565_LLC,Electronics,8,1756,1090,453,185,1069,11,,7.0,46.0,0.2865,222192.0,High
V7057,Vendor_319_Corp,Textiles,29,479,370,169,279,4,10,3.32,6.0,34.0,0.165,292100.0,low
V8300,Vendor_896_LLC,Automotive,4,504,97,13,96,49,18,4.32,9.0,48.0,,281047.0,High
V3490,Vendor_420_Inc,IT Hardware,8,2881,1564,552,528,1548,8,2.76,9.0,49.0,,162647.0,high
V5786,Vendor_825_Ltd,Automotive,16,977,891,210,370,160,24,4.61,3.0,47.0,0.1004,73232.0,1
V1213,Vendor_220_LLC,Automotive,3,1104,867,369,40,843,17,2.93,9.0,29.0,0.1909,158107.0,Low
V8178,Vendor_236_Corp,Machinery,21,3209,1104,328,983,451,16,3.15,9.0,66.0,0.1926,,1
V6241,Vendor_503_Ltd,IT Hardware,15,267,131,43,36,18,20,3.5,1.0,14.0,0.0457,54016.0,1
V1866,Vendor_227_Inc,Office Supplies,29,2978,1485,536,1299,1004,30,,1.0,31.0,TBD,225298.0,Low Risk
V8215,Vendor_780_Inc,Automotive,8,400,236,115,99,113,4,2.61,2.0,19.0,0.1765,268592.0,Low
V9921,Vendor_985_Inc,Office Supplies,5,196,56,18,48,32,9,4.84,5.0,5.0,0.1975,484021.0,NO
V2650,Vendor_856_LLC,Textiles,25,870,38,27,36,30,8,3.02,2.0,12.0,0.2535,377827.0,0
V6811,Vendor_532_Corp,Textiles,24,2892,489,157,376,235,2,4.39,9.0,37.0,0.1749,172064.0,NO
V1507,Vendor_192_Co,Machinery,30,956,49,5,19,25,30,Poor,3.0,,0.2548,228949.0,0
V1897,Vendor_895_LLC,Automotive,28,159,50,39,40,12,30,2.03,6.0,35.0,0.0617,434526.0,1
V2167,Vendor_111_Ltd,Electronics,26,2478,2135,1548,869,608,11,3.18,6.0,41.0,0.1437,275397.0,NO
V5830,Vendor_467_LLC,Machinery,30,2949,1997,462,1495,20,3,3.77,4.0,33.0,0.1987,382704.0,low
V3945,Vendor_986_Inc,Office Supplies,27,4340,98,5,45,59,19,3.95,5.0,40.0,0.1848,28590.0,
V5183,Vendor_371_Ltd,Raw Materials,12,1618,1212,782,477,16,12,4.97,,28.0,0.1493,99999999.0,0
V9022,Vendor_739_Co,Textiles,27,1035,296,221,209,134,24,2.92,3.0,Fast,0.1277,490685.0,Low Risk
V1004,Vendor_722_Corp,Food & Beverage,5,229,134,38,105,4,6,2.08,8.0,11.0,0.2614,495805.0,
V8384,Vendor_338_Co,Textiles,4,2996,1594,688,1177,981,25,4.79,4.0,33.0,0.0064,247489.0,1
V9146,Vendor_311_LLC,IT Hardware,26,91,67,34,49,66,15,4.68,9.0,35.0,0.2271,224866.0,0
V5088,Vendor_533_LLC,Automotive,2,3309,1145,1107,23,322,28,2.36,10.0,29.0,0.1502,439592.0,NO
V2233,Vendor_884_Corp,Textiles,1,877,456,389,334,111,29,2.24,3.0,37.0,0.2765,379484.0,0
V1576,Vendor_193_Corp,Automotive,7,3220,803,551,428,75,2,2.31,4.0,Fast,0.2257,354581.0,YES
V1930,Vendor_395_Corp,Food & Beverage,18,1176,837,143,74,174,10,2.8,8.0,15.0,0.0141,444011.0,1
V4671,Vendor_837_LLC,Electronics,3,2759,844,243,806,410,19,3.96,10.0,55.0,,95457.0,High
V6663,Vendor_550_Ltd,IT Hardware,21,1039,775,488,344,288,2,3.75,2.0,34.0,0.0389,490553.0,YES
V2904,Vendor_148_Corp,Chemicals,8,1035,230,68,202,137,22,4.87,3.0,71.0,0.2059,498607.0,Low
V6967,NA,Office Supplies,2,1661,331,181,35,145,20,2.09,6.0,37.0,0.0544,125636.0,1
V3188,Vendor_299_Inc,Automotive,12,4765,2547,128,749,784,19,2.69,6.0,66.0,0.0168,109136.0,YES
V6941,Vendor_422_Ltd,Raw Materials,10,908,151,113,88,62,26,2.54,2.0,54.0,0.2821,99027.0,0
V2243,Vendor_800_Co,Electronics,26,1842,1588,148,1464,1202,10,2.7,5.0,31.0,0.014,310997.0,
V9980,Vendor_123_LLC,Food & Beverage,7,1944,1763,1052,1162,623,13,2.2,2.0,70.0,0.0149,318670.0,NO
V3713,Vendor_743_Co,Automotive,14,739,342,326,310,170,14,4.08,1.0,44.0,0.2786,197950.0,0
V8977,Vendor_620_LLC,Office Supplies,21,4253,3152,670,2491,2742,17,4.66,6.0,25.0,0.1562,398256.0,0
V7638,Vendor_869_Inc,Automotive,30,4311,3822,2651,2128,1449,14,2.5,8.0,17.0,,-1000.0,1
V4839,Vendor_314_Ltd,Electronics,24,4840,1063,316,49,139,10,2.96,8.0,35.0,0.214,348110.0,High Risk
V8248,Vendor_226_Co,Raw Materials,21,747,460,39,351,250,14,2.91,4.0,44.0,0.1681,293194.0,Low Risk
V1373,Vendor_939_Inc,Office Supplies,17,4214,71,13,71,63,9,3.06,Good,15.0,0.1069,278406.0,low
V9282,Vendor_265_Co,Raw Materials,11,1629,1544,976,1199,697,18,4.89,6.0,42.0,0.2432,41540.0,high
V8265,Vendor_458_LLC,IT Hardware,23,1284,317,143,159,45,26,4.95,8.0,,0.1086,217399.0,
V6487,Vendor_355_Corp,Packaging,11,1789,1624,1165,1262,1440,26,3.31,5.0,19.0,0.0588,147354.0,0
V5098,Vendor_382_Ltd,Chemicals,1,3331,1413,415,1247,1014,3,4.0,6.0,71.0,0.194,430361.0,high
V8076,Vendor_649_Ltd,Food & Beverage,4,2492,1078,430,626,455,11,4.58,10.0,23.0,0.2852,381593.0,0
V1908,,Textiles,16,3063,1764,1716,1222,753,19,3.21,10.0,9.0,0.1349,38814.0,
V9922,Vendor_828_Corp,Automotive,27,671,227,167,90,106,15,4.76,4.0,5.0,0.1026,288859.0,NO
V9172,Vendor_459_Inc,Automotive,8,51,31,8,30,21,22,3.91,1.0,TBD,0.0766,102852.0,Low Risk
V8953,Vendor_980_Corp,Automotive,19,44,19,19,12,17,8,3.3,2.0,51.0,0.2415,400652.0,0
V7868,Vendor_304_Co,Machinery,21,509,44,17,24,8,26,3.63,1.0,49.0,0.2346,189278.0,
V8580,Vendor_717_Inc,Raw Materials,15,1225,658,83,541,502,13,4.33,5.0,19.0,0.1091,408769.0,0
V2806,Vendor_119_Inc,Packaging,18,2140,1377,432,611,375,23,4.65,10.0,14.0,0.0212,279981.0,1
V6172,Vendor_265_LLC,Raw Materials,16,4774,3676,2557,2458,232,4,2.33,9.0,53.0,0.2372,219894.0,Low
V9831,Vendor_888_Corp,Textiles,23,3889,3527,3267,1571,3083,19,3.86,6.0,63.0,0.2984,200212.0,0
V3980,Vendor_748_Co,Textiles,5,1301,197,115,180,120,30,2.45,3.0,30.0,0.2168,149455.0,NO
V7326,Vendor_378_Co,Textiles,20,1817,963,203,38,602,6,4.89,8.0,11.0,0.033,,Low Risk
V7764,Vendor_950_LLC,Automotive,1,788,501,208,153,73,19,2.39,2.0,16.0,0.1076,167645.0,0
V1915,Vendor_864_LLC,Raw Materials,23,3459,993,215,847,229,23,2.43,1.0,55.0,0.1115,368736.0,1
V3075,Vendor_273_Co,Machinery,14,860,645,17,481,223,1,4.04,5.0,25.0,0.1478,125734.0,0
V7588,Vendor_605_Ltd,Raw Materials,28,1815,273,138,195,196,7,3.22,8.0,30.0,0.122,431681.0,Low Risk
V1125,Vendor_750_Co,Chemicals,6,3594,2185,640,1007,1603,5,3.78,,53.0,0.0987,160692.0,High
V3370,Vendor_630_Corp,IT Hardware,10,897,895,688,882,663,16,3.76,4.0,33.0,0.255,408832.0,0
V3647,Vendor_727_Co,Automotive,20,4305,483,167,426,462,23,3.02,9.0,9.0,0.0849,272302.0,High Risk
V2783,Vendor_571_LLC,IT Hardware,28,3331,840,835,195,612,26,3.77,5.0,,0.0646,431261.0,Low Risk
V7877,Vendor_963_Corp,Packaging,20,1489,368,31,174,321,19,3.51,1.0,29.0,0.1478,407807.0,
V4086,Vendor_653_Inc,Machinery,2,3961,435,28,308,111,1,2.13,1.0,8.0,0.1997,111995.0,YES
V6345,Vendor_105_Corp,Food & Beverage,9,4086,1778,1431,1718,1493,9,3.83,5.0,21.0,0.2617,120166.0,YES
V9251,Vendor_150_Corp,Chemicals,12,44,35,20,28,35,30,3.76,9.0,26.0,0.0825,314374.0,Low Risk
V3097,Vendor_716_Corp,IT Hardware,7,4671,1127,740,786,747,1,3.12,7.0,62.0,0.2052,56562.0,High
V4392,Vendor_614_Ltd,Office Supplies,28,4445,1388,122,1179,1185,4,,1.0,28.0,0.1535,380215.0,Low Risk
V1867,Vendor_618_Corp,IT Hardware,19,4188,2149,92,429,1035,25,4.7,3.0,43.0,0.0037,245142.0,Low
V2339,Vendor_943_Ltd,Raw Materials,17,1316,1174,285,421,811,18,2.13,2.0,1.0,,289593.0,YES
V1210,Vendor_205_LLC,Automotive,28,2695,1669,1204,311,565,23,3.02,9.0,56.0,0.2728,419981.0,High
V4395,Vendor_291_LLC,IT Hardware,28,4228,2167,1766,2045,934,3,4.89,3.0,37.0,0.1633,174169.0,Low
V7411,Vendor_360_Inc,Office Supplies,8,2976,50,45,43,48,26,3.91,2.0,54.0,,17404.0,0
V5529,Vendor_297_Ltd,IT Hardware,15,4675,3216,427,1407,306,30,2.76,8.0,67.0,0.0633,39198.0,low
V1639,Vendor_998_Co,Automotive,25,1463,974,923,629,614,4,2.28,3.0,,0.2483,471270.0,
V2640,Vendor_405_Co,Textiles,3,3419,1629,215,94,723,18,2.14,7.0,66.0,0.1188,264273.0,High Risk
V1795,Vendor_672_Ltd,Machinery,8,82,3,3,0,2,6,2.65,4.0,4.0,0.2397,213976.0,High 
V8209,Vendor_978_Corp,Chemicals,10,3460,1965,1305,639,194,17,3.06,10.0,2.0,0.2358,35827.0,1
V9114,Vendor_393_Ltd,Chemicals,11,3471,1601,652,300,132,7,4.28,4.0,13.0,0.284,395297.0,High
V6882,Vendor_798_Inc,Packaging,25,4588,2286,761,225,1418,8,4.02,5.0,37.0,0.2811,446340.0,0
V8868,Vendor_885_Corp,Raw Materials,4,4108,2922,1294,451,603,17,4.15,7.0,8.0,0.1186,499262.0,
V9107,Vendor_730_LLC,Chemicals,18,4277,1408,936,1185,1181,7,2.52,5.0,67.0,0.0049,140017.0,0
V4106,Vendor_523_Inc,Raw Materials,23,3159,258,114,14,79,21,3.31,4.0,55.0,,167128.0,YES
V5712,Vendor_219_Corp,Textiles,4,3930,1663,863,574,609,19,2.5,9.0,40.0,0.2254,370409.0,0
V9902,Vendor_951_Ltd,Raw Materials,12,2579,679,493,290,457,21,2.99,4.0,25.0,0.2884,38055.0,
V3307,Vendor_176_Co,Office Supplies,3,4221,3026,477,2396,398,13,2.05,8.0,51.0,0.2332,2577.0,1
V4295,Vendor_932_LLC,Machinery,7,713,619,552,498,551,2,3.27,6.0,58.0,0.2313,37415.0,1
V2075,Vendor_175_Co,IT Hardware,20,656,352,297,29,309,23,3.92,2.0,,0.053,291462.0,0
V9741,Vendor_427_Corp,IT Hardware,28,1710,1014,505,638,979,13,4.97,3.0,70.0,0.0883,174649.0,High
V2271,Vendor_895_Corp,Machinery,5,2546,1729,557,1302,448,7,4.95,9.0,46.0,0.2433,128247.0,low
V2385,Vendor_188_Corp,Raw Materials,17,4707,625,190,102,133,15,4.9,1.0,31.0,0.2091,361898.0,High Risk
V4996,Vendor_321_Corp,IT Hardware,30,1081,1078,716,470,342,3,3.2,5.0,56.0,0.1444,430086.0,low
V7068,Vendor_974_Corp,Electronics ,23,1985,1705,447,1431,73,22,4.44,10.0,64.0,0.29,76833.0,High
V7520,Vendor_227_Co,Food & Beverage,6,4093,1306,1082,1228,184,7,4.69,,11.0,0.1526,414990.0,1
V3136,Vendor_788_Co,Electronics,2,2032,1170,611,237,632,29,3.71,1.0,16.0,0.1326,254152.0,NO
V2007,Vendor_108_Ltd,Raw Materials,5,4138,3194,812,4,2468,3,2.14,3.0,,,155771.0,YES
V5708,Vendor_925_Co,Automotive,23,3818,2366,467,1532,1882,26,4.47,3.0,42.0,0.2055,481363.0,1
V8030,Vendor_137_LLC,Electronics,16,4429,2932,2589,229,39,25,3.97,10.0,67.0,0.0922,397427.0,high
V6693,Vendor_617_Ltd,Electronics,11,4459,229,151,59,108,13,2.77,7.0,51.0,0.0389,218677.0,High Risk
V7387,Vendor_584_Ltd,Chemicals,20,2897,2565,1463,1589,1272,6,2.53,4.0,14.0,0.0669,328846.0,1
V4181,Vendor_747_Inc,Chemicals,7,1468,793,382,139,468,11,2.38,10.0,8.0,0.0842,59253.0,low
V9100,Vendor_984_LLC,Food & Beverage,5,2563,1661,1287,1012,112,27,3.81,TBD,40.0,0.1957,30272.0,1
V6117,Vendor_805_Corp,Packaging,11,4511,3607,1276,2075,1561,19,2.78,6.0,7.0,0.0332,322754.0,0
V4397,Vendor_946_Co,Packaging,6,2847,831,283,354,172,4,2.88,,10.0,0.2754,42934.0,0
V3473,Vendor_642_Corp,Office Supplies,5,3832,1135,138,753,913,14,2.79,9.0,57.0,0.0924,277628.0,low
V3605,Vendor_838_Ltd,Machinery,20,2292,2205,713,1354,1774,14,N/A,4.0,26.0,0.2567,226685.0,1
V8573,Vendor_666_Co,Food & Beverage,28,505,363,101,84,223,30,3.8,7.0,16.0,0.0374,2034.0,1
V7505,Vendor_100_Corp,Chemicals,20,4517,2081,1474,1853,1832,1,3.55,5.0,1.0,0.0901,117332.0,1
V6453,Vendor_307_Co,Automotive,8,150,26,14,23,8,5,2.46,2.0,Fast,0.2574,1088.0,0
V7815,Vendor_962_Co,Automotive,16,2582,1081,1006,104,113,8,4.41,1.0,18.0,0.2432,219814.0,YES
V7587,Vendor_257_LLC,Electronics,28,3396,2869,1683,2215,1440,17,4.04,1.0,72.0,0.1038,472296.0,low
V8534,Vendor_866_LLC,Food & Beverage,8,2910,2214,569,2185,215,12,3.63,8.0,39.0,0.0424,490166.0,0
V9454,Vendor_885_Inc,Food & Beverage,24,2019,53,28,13,14,12,3.57,1.0,54.0,0.0235,280410.0,0
V3654,Vendor_312_Inc,Office Supplies,21,3664,961,247,670,394,12,4.63,3.0,69.0,0.179,223493.0,NO
V3733,Vendor_994_LLC,Packaging,30,997,798,236,169,454,14,4.76,3.0,42.0,0.1382,112243.0,0
V8359,Vendor_223_Ltd,Automotive,19,4231,651,67,328,20,27,2.38,4.0,19.0,0.2323,62861.0,low
V7937,Vendor_640_Co,IT Hardware,16,3547,2916,1340,1845,308,5,3.77,4.0,10.0,0.1802,40523.0,0
V9645,Vendor_455_Corp,Packaging,14,688,646,588,94,585,12,N/A,4.0,29.0,0.095,447807.0,High Risk
V1832,Vendor_194_Ltd,Chemicals,2,4150,4002,1028,3708,3719,1,3.0,3.0,34.0,0.0485,232649.0,High Risk
V8255,Vendor_551_Ltd,Food & Beverage,20,4498,3902,138,2559,3143,12,3.41,4.0,53.0,0.0433,117822.0,low
V7989,Vendor_538_Co,Raw Materials,20,2769,950,31,583,496,9,3.68,10.0,52.0,0.0375,492620.0,Low Risk
V7950,Vendor_299_Inc,Raw Materials,4,3126,675,55,380,662,3,3.09,6.0,4.0,0.0719,86333.0,High Risk
V8717,Vendor_348_Co,Office Supplies,10,2268,736,693,535,468,17,3.33,6.0,27.0,0.2826,15608.0,Low Risk
V6618,Vendor_229_Ltd,Packaging,14,891,675,205,159,256,15,4.49,10.0,44.0,0.0142,423700.0,
V6189,Vendor_416_LLC,Electronics,15,1299,850,836,119,308,19,3.24,8.0,29.0,0.0313,476770.0,YES
V8377,Vendor_739_Co,IT Hardware,1,1193,450,334,242,60,5,4.65,4.0,61.0,0.2038,301526.0,0
V8433,Vendor_433_Inc,Packaging,5,191,107,97,18,32,14,3.37,3.0,7.0,0.2023,-10000.0,YES
V2555,Vendor_134_Co,Chemicals,7,3999,1860,524,637,1734,19,3.41,2.0,15.0,0.1559,370420.0,0
V3175,Vendor_638_Co,Machinery,21,4289,2970,2526,836,1077,26,3.72,4.0,59.0,0.1841,319341.0,low
V7745,Vendor_692_Inc,Packaging,16,1913,1709,1064,1320,687,19,4.0,9.0,71.0,0.1336,160426.0,Low Risk
V3039,Vendor_745_LLC,Textiles,5,1463,1262,288,932,1136,9,4.04,1.0,35.0,0.13,247197.0,Low Risk
V7146,Vendor_552_Ltd,Automotive,7,3515,1922,901,304,486,19,2.03,8.0,41.0,0.2682,214444.0,1
V1264,Vendor_329_Ltd,Packaging,1,3783,1259,11,697,758,4,4.69,7.0,1.0,,257525.0,NO
V2270,Vendor_448_Ltd,Chemicals,23,3059,901,238,115,778,17,2.66,7.0,23.0,0.2853,492988.0,NO
V6385,Vendor_930_Corp,Chemicals,26,2698,2378,2167,1225,1075,30,,8.0,21.0,0.1569,206111.0,0 
V2132,Vendor_211_Ltd,Electronics,4,4200,3979,3737,3872,909,12,3.14,6.0,31.0,0.2664,297827.0,Low Risk
V8081,Vendor_616_Ltd,Textiles,20,4749,1422,262,212,793,30,4.08,4.0,36.0,0.1194,180756.0,High
V9620,Vendor_270_Co,IT Hardware,24,556,48,10,21,25,15,4.07,10.0,57.0,0.2323,149506.0,high
V4512,Vendor_286_Co,Packaging,24,565,35,8,17,16,29,4.98,1.0,45.0,0.2392,451110.0,High Risk
V3506,Vendor_560_Co,Packaging,3,4072,3906,3345,2761,2766,7,4.58,5.0,51.0,0.0976,287339.0,High 
V1073,Vendor_638_Corp,Electronics,6,2762,901,713,67,306,26,3.2,4.0,30.0,0.0624,325224.0,high
V8792,Vendor_592_Inc,Chemicals,16,1163,1012,573,210,436,7,6.0,5.0,43.0,0.1355,499466.0,Low Risk
V3530,Vendor_617_LLC,Office Supplies,1,1285,552,221,448,315,6,2.38,5.0,10.0,0.0011,154391.0,Low Risk
V3992,Vendor_275_Ltd,Chemicals,15,1805,1604,849,521,147,5,2.96,5.0,29.0,0.2098,388868.0,0
V6668,Vendor_851_Corp,Raw Materials,11,2605,2438,1846,823,836,12,4.4,5.0,12.0,0.1045,253862.0,low
V6920,Vendor_152_Ltd,IT Hardware,7,4565,3712,909,124,2724,27,2.7,8.0,30.0,0.0316,69251.0,Low Risk
V2607,Vendor_857_Co,Textiles,5,4048,3887,2433,2814,2530,21,2.72,5.0,11.0,0.1974,300312.0,YES
V4318,Vendor_454_LLC,IT Hardware,24,816,190,48,112,108,8,4.83,6.0,44.0,0.245,308797.0,NO
V9563,Vendor_288_LLC,Food & Beverage,3,1724,407,288,176,221,3,4.0,8.0,48.0,0.2591,362457.0,low
V6810,Vendor_447_LLC,Textiles,14,1148,262,156,4,255,22,4.26,9.0,39.0,0.0978,13184.0,Low Risk
V5819,Vendor_961_Ltd,Textiles,3,224,37,10,11,19,23,3.24,2.0,61.0,0.2097,189431.0,High Risk
V4734,Vendor_864_Inc,Automotive,24,986,769,7,145,496,3,2.18,10.0,8.0,0.0448,254995.0,Low
V2494,Vendor_337_Ltd,Office Supplies,29,4743,3063,1968,641,2983,5,3.7,10.0,45.0,0.18,148063.0,1
V1778,Vendor_880_LLC,Automotive,6,1501,96,59,84,65,23,3.38,4.0,69.0,0.0138,408990.0,Low Risk
V8228,Vendor_334_Corp,Automotive,3,4081,653,437,515,289,14,3.78,1.0,26.0,0.1028,109663.0,NO
V8107,Vendor_252_Ltd,Machinery,2,439,60,32,41,21,4,2.72,8.0,39.0,0.2064,91432.0,YES
V9401,Vendor_539_Corp,Electronics,12,1786,997,563,876,317,28,4.74,3.0,47.0,0.0214,269928.0,high
V9784,Vendor_613_Corp,IT Hardware,18,640,178,176,38,34,5,4.33,5.0,17.0,0.1052,79175.0,high
V8353,Vendor_777_Corp,Food & Beverage,23,1749,1097,40,559,51,25,4.27,10.0,31.0,0.1248,189470.0,0
V5189,Vendor_908_LLC,Chemicals,25,930,110,109,102,32,26,3.92,3.0,33.0,0.1727,143355.0,
V6867,Vendor_851_LLC,Textiles,2,2748,1885,1718,1033,172,27,3.19,5.0,,0.0141,415349.0,High Risk
V7585,Vendor_146_Inc,Textiles,25,726,276,173,250,166,2,3.44,8.0,57.0,0.2911,44891.0,
V9358,Vendor_874_Co,Machinery,20,1929,1595,624,1196,1298,15,3.08,6.0,43.0,0.0711,345301.0,High
V8369,Vendor_755_Co,Automotive,27,3960,3831,651,329,2590,5,4.71,,60.0,0.0994,117060.0,0
V3736,Vendor_675_Corp,IT Hardware,7,1680,823,180,759,720,15,3.09,2.0,34.0,0.029,6277.0,Low
V8544,Vendor_816_Corp,Chemicals,3,3523,504,217,89,352,7,2.84,3.0,64.0,0.1958,260293.0,1
V8372,Vendor_915_Corp,Food & Beverage,15,4766,1268,344,376,810,28,,1.0,12.0,0.2305,193531.0,Low Risk
V8799,Vendor_455_LLC,Chemicals,2,4166,2676,2518,83,458,23,4.95,2.0,59.0,,13885.0,High
V2752,Vendor_456_Ltd,Packaging,17,338,126,80,81,101,11,,10.0,14.0,0.2302,283765.0,YES
V1042,Vendor_375_LLC,IT Hardware,10,2974,2973,747,1233,2361,16,3.8,9.0,22.0,0.2818,293682.0,high
V1182,Vendor_743_Ltd,Raw Materials,1,1810,1375,788,526,800,20,3.28,4.0,30.0,0.1559,82387.0,
V2059,Vendor_552_Corp,Electronics,15,3799,1919,289,75,733,7,2.18,9.0,60.0,0.0368,202470.0,
V2981,Vendor_284_Corp,Electronics,7,2155,1852,561,891,1684,6,2.17,5.0,40.0,0.1233,279303.0,Low Risk
V8330,Vendor_212_Corp,IT Hardware,4,178,132,29,15,96,15,3.87,6.0,13.0,0.0053,422760.0,Low
V4376,Vendor_408_Co,IT Hardware,3,4993,1955,1276,440,1281,10,2.17,7.0,50.0,0.2891,470432.0,1
V2276,Vendor_814_LLC,Textiles,30,3090,602,348,333,530,13,3.23,2.0,69.0,0.2809,18403.0,0
V5487,Vendor_115_LLC,Office Supplies,8,4851,541,423,473,444,999,3.73,2.0,30.0,0.1976,180982.0,0
V7039,Vendor_251_Ltd,Raw Materials,16,3249,637,456,237,444,6,3.38,,25.0,0.1709,495589.0,NO
V5257,Vendor_701_Co,IT Hardware,25,22,0,0,0,0,6,3.49,3.0,34.0,,276661.0,YES
V4566,Vendor_554_Co,Packaging,6,1693,710,445,206,258,8,2.58,10.0,58.0,0.2791,49880.0,low
V9798,Vendor_176_LLC,Automotive,17,258,127,22,106,123,22,2.73,10.0,,0.1805,284140.0,Low
V6072,Vendor_761_Ltd,Office Supplies,28,3236,2470,430,981,1658,22,4.43,10.0,71.0,0.2465,201227.0,High Risk
V9147,Vendor_824_Inc,Food & Beverage,14,1868,1852,340,1115,979,20,2.56,2.0,33.0,0.1279,228476.0,0
V5310,Vendor_292_LLC,Office Supplies,23,2627,203,139,22,160,19,3.5,8.0,55.0,0.1232,108380.0,0
V2744,Vendor_895_Co,Chemicals,18,4561,3774,1390,791,2811,30,4.8,4.0,31.0,0.1136,296023.0,0
V7506,Vendor_711_LLC,Textiles,8,4484,3555,2686,709,1302,11,3.29,1.0,50.0,0.1944,176492.0,
V3554,Vendor_932_Inc,Chemicals,28,525,496,10,444,400,10,4.36,10.0,50.0,0.0948,19891.0,0
V2975,Vendor_586_Corp,Raw Materials,21,4689,524,158,434,436,8,4.34,4.0,45.0,0.0672,1953.0,High
V3609,Vendor_592_Corp,Raw Materials,2,2233,28,9,28,8,22,3.54,4.0,62.0,,279014.0,low
V6679,Vendor_634_Co,Automotive,10,875,137,27,46,10,-5,3.75,4.0,51.0,0.19,379205.0,0
V1971,Vendor_836_Inc,Office Supplies,5,15,8,6,6,6,23,4.77,2.0,18.0,0.2427,255359.0,1
V5006,Vendor_538_Co,Chemicals,3,1557,756,241,216,710,28,3.33,2.0,65.0,0.0088,2685.0,low
V4893,Vendor_665_Inc,Electronics,4,922,306,247,50,136,26,4.94,6.0,37.0,0.0087,360621.0,
V8507,Vendor_700_Inc,Electronics,13,2247,1101,159,7,704,23,2.97,6.0,28.0,0.053,130353.0,
V1439,Vendor_678_Co,IT Hardware,18,2922,1819,523,543,677,14,N/A,5.0,48.0,0.2295,167376.0,0
V5636,Vendor_107_Co,Food & Beverage,29,3906,2083,33,873,750,26,2.33,3.0,68.0,0.0718,260848.0,Low
V3713,Vendor_750_Co,Machinery,27,1376,766,162,102,696,30,4.25,3.0,70.0,0.2827,320640.0,high
V1871,Vendor_107_Co,IT Hardware,10,1889,1469,965,1431,1463,5,3.96,5.0,5.0,0.0613,234712.0,0
V4661,Vendor_871_LLC,Textiles,6,380,28,25,15,8,18,4.71,5.0,28.0,0.0502,118275.0,YES
V9161,Vendor_793_Corp,Packaging,1,4685,1479,852,157,504,10,4.04,2.0,51.0,0.1121,488141.0,1
V8861,Vendor_564_Inc,IT Hardware,22,2660,629,29,83,471,1,2.99,1.0,58.0,0.0975,384540.0,NO
V3130,Vendor_732_Inc,Textiles,17,332,200,180,108,54,19,3.62,7.0,46.0,0.1318,263867.0,
V3843,Vendor_970_Corp,Chemicals,23,3664,1730,1626,235,1593,11,3.98,10.0,7.0,0.2694,326027.0,NO
V1829,Vendor_736_Inc,Food & Beverage,23,3683,569,315,275,435,16,4.69,5.0,69.0,0.1438,152438.0,low
V9361,Vendor_873_Corp,Food & Beverage,9,4540,2370,1307,999,348,14,,9.0,18.0,0.0585,163178.0,high
V7810,Vendor_487_Ltd,Textiles,25,2581,1766,613,781,1099,21,4.8,5.0,53.0,0.1842,492739.0,1
V9052,Vendor_323_Ltd,Packaging,4,938,319,165,54,271,27,3.12,9.0,45.0,0.2401,478063.0,1
V3318,Vendor_610_LLC,Raw Materials,7,4981,4213,1743,2644,1348,25,2.66,10.0,70.0,0.2839,446008.0,Low Risk
V9346,Vendor_114_Co,Packaging,16,3103,3079,2831,2015,1225,21,3.92,4.0,33.0,0.203,466709.0,Low
V9046,Vendor_548_Inc,Machinery,7,3103,545,204,200,258,24,2.49,9.0,25.0,0.0258,13710.0,YES
V1894,Vendor_562_Inc,Machinery,13,1255,761,227,152,301,3,4.75,9.0,38.0,0.1101,223489.0,High
V7536,Vendor_394_Inc,Raw Materials,5,2883,2674,2311,1171,64,11,3.66,5.0,37.0,0.1017,78243.0,0
V9733,Vendor_138_Corp,Electronics,3,11,5,0,5,0,17,3.96,7.0,1.0,0.2067,98036.0,
V7913,Vendor_320_Corp,Chemicals,14,3002,2706,2574,1718,2582,18,4.55,1.0,36.0,0.2227,42006.0,
V5891,Vendor_472_Co,Office Supplies,14,2113,143,21,31,129,22,2.0,5.0,6.0,0.2839,273337.0,
V2990,Vendor_339_Inc,Electronics,7,1420,1095,190,399,588,7,2.85,1.0,61.0,0.0933,311774.0,high
V7199,Vendor_588_Co,Chemicals,27,4080,1351,853,1130,147,7,4.97,1.0,63.0,0.2523,364553.0,1
V7832,Vendor_923_Ltd,Packaging,16,2038,816,365,639,306,7,3.82,6.0,37.0,,434123.0,Low Risk
V1396,Vendor_888_Inc,Office Supplies,12,3002,1426,390,656,705,20,4.46,8.0,19.0,0.1321,485553.0,1
V8479,Vendor_204_Co,Office Supplies,20,4080,2578,155,2533,1342,29,2.94,5.0,61.0,0.2186,272758.0,0
V9189,Vendor_585_Inc,Packaging,14,2331,2258,1557,14,330,5,2.49,2.0,Fast,0.0212,223482.0,low
V3995,Vendor_269_Co,Electronics,24,3560,2885,2118,1571,582,21,2.97,5.0,37.0,0.2419,242166.0,1
V7987,Vendor_419_Co,Packaging,15,1873,854,246,586,156,18,2.4,3.0,70.0,0.2052,107068.0,0
V7715,Vendor_168_Corp,IT Hardware,7,862,779,472,316,566,2,2.13,5.0,60.0,0.0322,179159.0,
V3331,Vendor_729_Co,Automotive,20,3763,3176,216,1777,353,15,4.86,3.0,70.0,0.0919,210130.0,High Risk
V9721,Vendor_575_Inc,Machinery,11,800,273,113,118,48,16,2.03,3.0,,0.1313,465604.0,0
V5874,Vendor_142_LLC,Chemicals,18,4635,1546,353,613,1428,8,3.34,5.0,35.0,0.0233,261157.0,0
V7042,Vendor_639_Ltd,Machinery,13,3516,513,126,176,215,8,4.2,9.0,57.0,0.1658,107759.0,1
V9559,Vendor_359_Co,Office Supplies,10,3606,3519,2345,299,78,4,3.49,5.0,49.0,0.2046,196908.0,0
V7227,Vendor_489_Co,Machinery,5,1183,531,447,352,514,16,4.26,9.0,34.0,0.031,346563.0,High Risk
V5447,Vendor_683_Corp,Food & Beverage,18,745,526,191,416,328,15,2.52,6.0,5.0,0.2118,163965.0,1
V1206,Vendor_104_Inc,Textiles,10,3066,391,86,0,270,1,4.4,10.0,48.0,0.2578,91383.0,1
V1035,Vendor_984_Co,Packaging,12,2707,2320,556,1351,926,23,4.55,9.0,63.0,0.1483,420811.0,NO
V8307,Vendor_639_Corp,Machinery,8,1025,803,766,570,566,22,4.15,,30.0,0.0296,161322.0,Low Risk
V8194,Vendor_620_Ltd,Food & Beverage,15,1641,1600,105,16,689,30,3.21,5.0,58.0,0.0197,399900.0,Low
V8129,Vendor_488_Ltd,Electronics,18,68,33,28,25,30,5,3.62,8.0,39.0,0.0963,366060.0,High Risk
V8290,Vendor_301_Ltd,IT Hardware,3,555,198,193,48,156,4,4.02,6.0,48.0,0.1396,388156.0,High
V8515,Vendor_819_Ltd,Raw Materials,6,874,784,653,590,366,26,2.54,7.0,65.0,0.1013,83930.0,High Risk
V4427,Vendor_676_Ltd,Machinery,25,3008,1065,421,107,704,10,4.53,2.0,25.0,0.2031,182781.0,
V2925,Vendor_989_LLC,IT Hardware,4,4430,1826,552,254,470,10,2.08,5.0,46.0,0.1295,50233.0,0
V1372,Vendor_908_Co,Textiles,21,2320,721,102,92,291,17,2.42,6.0,2.0,0.1729,172253.0,0
V7686,Vendor_855_Corp,Automotive,7,1820,762,503,529,184,6,3.73,2.0,10.0,0.0274,404573.0,
V3281,Vendor_823_Corp,Food & Beverage,17,2941,233,197,130,159,26,3.86,8.0,6.0,0.1928,477216.0,Low Risk
V9156,Vendor_956_Inc,IT Hardware,4,2316,1604,309,105,1244,29,4.37,8.0,61.0,0.1225,,high
V9909,Vendor_341_Inc,Packaging,15,4875,1762,1424,1718,622,10,3.73,9.0,44.0,0.1319,466494.0,low
V2255,Vendor_879_Co,Raw Materials,24,302,62,59,61,53,13,Poor,5.0,15.0,0.0016,201293.0,low
V1416,Vendor_803_Co,IT Hardware,25,3045,963,265,6,355,5,3.42,10.0,54.0,0.2227,475378.0,Low
V1988,Vendor_286_Inc,Machinery,18,1313,254,161,12,89,3,2.5,1.0,40.0,0.0857,329025.0,Low Risk
V3942,Vendor_415_Ltd,Electronics,21,2507,2122,484,1430,855,13,4.57,10.0,,0.0323,275921.0,0
V3062,Vendor_859_Ltd,Packaging,26,1121,799,304,559,444,12,4.41,8.0,60.0,0.1781,412648.0,High Risk
V1521,Vendor_658_Inc,Packaging,27,66,56,9,20,46,24,4.24,5.0,3.0,0.1646,230090.0,NO
V2024,Vendor_811_Inc,Automotive,1,4661,3391,1808,3148,3359,7,4.11,1.0,7.0,0.2743,354131.0,NO
V6238,Vendor_302_Corp,Food & Beverage,22,1083,568,66,257,66,29,4.27,9.0,26.0,0.0168,12708.0,1
V3396,Vendor_751_Corp,Office Supplies,5,4488,2132,1798,504,1770,27,4.23,4.0,22.0,0.1535,367806.0,High Risk
V9140,Vendor_638_LLC,IT Hardware,5,412,222,82,77,184,10,2.17,10.0,65.0,0.1569,420045.0,high
V4743,Vendor_615_Co,Electronics,2,698,293,216,60,272,24,3.15,1.0,71.0,0.0944,187349.0,1
V3848,Vendor_917_Co,Raw Materials,26,1765,289,158,15,241,20,4.49,10.0,65.0,0.0314,478090.0,YES
V4874,Vendor_604_Co,IT/IS,13,434,103,30,96,76,4,2.81,6.0,60.0,0.1659,35318.0,low
V2767,Vendor_727_Corp,,5,1704,186,171,63,69,18,3.54,5.0,69.0,0.066,452130.0,low
V9463,Vendor_421_Ltd,Food & Beverage,1,2600,1030,63,840,466,5,4.93,8.0,10.0,0.2303,104399.0,low
V1328,Vendor_264_Inc,Chemicals,16,2387,1245,498,446,1059,24,2.27,3.0,61.0,0.2925,3506.0,
V8277,Vendor_888_Inc,Machinery,4,613,206,181,105,59,8,2.73,2.0,12.0,0.2084,361078.0,low
V5628,Vendor_639_Corp,Food & Beverage,8,1002,392,130,287,377,3,3.1,6.0,17.0,0.1004,19416.0,High Risk
V7642,Vendor_823_Inc,Raw Materials,13,2336,1354,410,202,1155,10,4.38,2.0,71.0,0.1985,410905.0,Low
V4874,Vendor_142_Ltd,Textiles,8,3297,198,84,13,100,14,4.49,6.0,6.0,0.0388,279345.0,YES
V8389,Vendor_304_LLC,Packaging,9,1815,1436,930,808,482,30,3.39,5.0,4.0,0.0199,315102.0,1
V1187,Vendor_749_Ltd,Electronics,10,997,890,788,232,765,17,2.12,,20.0,0.098,366831.0,1
V1170,Vendor_963_Ltd,Raw Materials,26,3147,1185,517,432,284,3,4.96,5.0,71.0,0.1217,260828.0,High Risk
V5751,Vendor_434_Ltd,Raw Materials,11,2220,1953,963,414,670,8,,6.0,41.0,0.1513,355956.0,1
V5367,Vendor_692_Corp,IT Hardware,19,1450,970,230,499,651,9,3.97,8.0,12.0,0.1602,496344.0,YES
V9522,Vendor_411_Ltd,Food & Beverage,26,2755,2642,2085,1101,2119,19,4.72,3.0,51.0,0.1729,202346.0,High Risk
V7642,Vendor_802_Co,Chemicals,23,518,121,59,39,20,4,3.92,5.0,48.0,0.1844,115886.0,0
V4643,Vendor_180_Corp,Machinery,22,972,613,94,553,288,28,4.73,,49.0,0.0301,176786.0,High Risk
V2326,Vendor_252_Inc,Raw Materials,7,3391,813,421,46,449,16,2.62,5.0,12.0,0.0411,165069.0,High Risk
V8637,Vendor_911_LLC,Office Supplies,18,2033,16,15,9,5,17,2.06,7.0,68.0,0.2169,24383.0,low
V3874,Vendor_829_Corp,Machinery,5,325,262,156,121,124,3,4.77,2.0,9.0,0.2486,,
V2909,Vendor_472_Ltd,Office Supplies,23,3822,1927,474,458,294,30,4.0,6.0,59.0,0.1463,35270.0,low
V5962,Vendor_864_Inc,Chemicals,30,4446,1544,1426,644,446,30,4.45,8.0,14.0,0.2085,68458.0,0
V6703,Vendor_997_LLC,Office Supplies,6,4944,3017,2809,2183,589,25,3.81,2.0,15.0,0.2903,350975.0,
V4299,Vendor_122_Ltd,Electronics,15,4563,1826,1773,157,705,29,3.8,2.0,6.0,0.2388,-1000.0,High Risk
V3358,Vendor_827_Inc,Raw Materials,21,2304,1612,1056,414,735,11,,7.0,46.0,0.0476,488823.0,NO
V6992,Vendor_422_Corp,Machinery,22,1392,763,275,292,693,1,3.36,6.0,70.0,0.0398,132787.0,
V5267,Vendor_986_LLC,Machinery,30,2862,1069,913,174,734,21,,3.0,42.0,0.0908,255156.0,
V9816,Vendor_821_Co,Chemicals,29,2514,1370,540,48,334,10,2.61,9.0,18.0,0.1131,309284.0,
V4091,Vendor_938_Corp,Office Supplies,30,2262,1091,770,475,689,26,3.35,,12.0,0.134,140784.0,1
V5475,Vendor_376_Corp,IT Hardware,16,1933,932,890,907,593,3,4.19,3.0,28.0,0.0195,356477.0,high
V5225,Vendor_423_LLC,Chemicals,8,945,922,312,476,594,4,Unknown,4.0,3.0,0.2944,72848.0,0
V8006,Vendor_830_Inc,Packaging,2,4064,838,822,627,645,13,3.5,7.0,11.0,0.2864,213562.0,
V3298,Vendor_977_LLC,Chemicals,23,453,398,50,370,253,9,3.18,8.0,63.0,0.1893,367656.0,YES
V5422,Vendor_520_LLC,Packaging,22,2209,1960,460,841,1773,16,3.17,4.0,24.0,0.0383,426258.0,high risk
V6877,Vendor_933_Corp,Electronics ,14,1671,1283,723,273,284,19,4.75,10.0,54.0,0.2924,347306.0,low
V6826,Vendor_282_LLC,Electronics,22,2026,247,227,201,188,1,3.01,2.0,55.0,,332961.0,Low
V6408,Vendor_619_Corp,IT Hardware,18,3824,1255,1214,1248,8,21,3.41,8.0,9.0,0.2643,315485.0,
V9776,Vendor_642_Corp,Machinery,6,1843,1572,1164,113,1176,26,3.92,5.0,Fast,0.1514,400330.0,
V4264,Vendor_281_Inc,Chemicals,23,3401,925,855,192,279,15,2.79,8.0,46.0,0.1736,183902.0,
V6556,Vendor_543_Inc,Electronics,5,4656,130,27,77,10,27,3.06,9.0,63.0,0.0112,388623.0,
V3154,Vendor_114_Ltd,Automotive,26,3749,2843,1391,43,2335,13,,8.0,48.0,0.045,242915.0,YES
V7506,Vendor_225_Ltd,Raw Materials,22,4470,2938,248,1630,1130,7,3.93,10.0,3.0,0.0152,175854.0,1
V7800,Vendor_377_Inc,Machinery,8,589,535,69,287,386,24,3.37,6.0,61.0,0.2192,418058.0,1
V1589,Vendor_436_LLC,Electronics,8,4118,1280,1090,586,919,3,4.01,3.0,70.0,0.1666,475292.0,low
V8716,Vendor_799_LLC,Automotive,21,1114,499,460,120,56,7,3.19,5.0,17.0,0.1886,267342.0,
V8862,Vendor_597_Co,Raw Materials,27,3228,2667,1782,2512,1749,28,2.62,2.0,40.0,0.239,79487.0,High
V2559,Vendor_362_Ltd,Electronics,14,4122,1964,1478,1209,101,23,3.61,4.0,6.0,0.0656,22598.0,No
V2994,Vendor_586_Inc,Electronics,17,3018,1263,519,1257,432,7,-5.0,3.0,56.0,0.0503,17120.0,Low Risk
V5023,Vendor_649_Co,Automotive,8,26,15,13,7,10,7,4.77,,14.0,0.1994,426451.0,low
V1375,Vendor_876_Ltd,Chemicals,9,3533,1939,437,110,433,21,2.53,3.0,9.0,0.0822,43839.0,High
V1693,Vendor_715_Inc,Food & Beverage,17,727,106,34,13,0,6,4.16,5.0,,0.2075,442086.0,
V7180,Vendor_812_LLC,Textiles,23,4536,3949,213,1585,3136,14,3.65,2.0,57.0,0.0354,323779.0,Low
V7211,Vendor_980_LLC,Electronics,14,3610,3468,126,769,3111,13,4.61,1.0,2.0,0.1036,319523.0,High
V8138,Vendor_465_Ltd,Food & Beverage,26,192,125,98,52,76,13,2.94,4.0,46.0,0.2888,87085.0,High Risk
V3313,Vendor_151_LLC,IT Hardware,17,2457,2318,505,2071,1798,3,2.19,1.0,1.0,0.1553,125579.0,YES
V9859,Vendor_809_Corp,Office Supplies,24,1003,586,24,276,400,24,3.52,8.0,3.0,0.0438,65020.0,High
V6955,Vendor_740_Ltd,Textiles,6,1523,425,389,32,423,13,3.72,10.0,44.0,0.2538,109046.0,NO
V3350,Vendor_865_Corp,Raw Materials,26,130,128,66,93,101,8,2.92,7.0,15.0,0.0497,48017.0,NO
V6799,,Automotive,13,3590,3489,823,312,588,17,2.66,4.0,12.0,0.2123,229776.0,high
V5765,Vendor_466_Co,Chemicals,6,4030,1503,1064,425,536,3,2.05,5.0,21.0,0.005,,High
V6622,Vendor_553_Inc,Textiles,4,547,466,138,14,210,13,4.76,4.0,18.0,0.0525,241362.0,NO
V1734,Vendor_120_LLC,Chem,7,4382,1955,1009,1245,78,24,4.65,4.0,59.0,0.1906,489521.0,1
V3052,Vendor_291_Ltd,Packaging,7,866,685,33,383,177,9,4.41,6.0,67.0,0.2008,187596.0,high
V6653,Vendor_155_Inc,Raw Materials,2,3615,2973,2611,685,863,6,3.39,8.0,39.0,0.1429,498157.0,
V8001,Vendor_963_Co,Raw Materials,10,2461,1322,754,776,138,16,2.4,5.0,43.0,0.1581,276065.0,1
V7157,Vendor_624_Inc,IT/IS,4,4679,3999,1349,3926,3159,18,2.36,1.0,9.0,0.2432,445716.0,NO
V7396,Vendor_371_Ltd,Chemicals,14,3295,240,42,97,0,23,4.87,9.0,63.0,0.0464,156560.0,1
V8974,Vendor_141_Corp,Raw Materials,26,647,441,272,343,239,18,2.82,5.0,46.0,0.1291,493253.0,YES
V4362,Vendor_271_Ltd,Textiles,14,4408,675,0,40,20,28,2.27,9.0,2.0,0.1524,269139.0,high
V2453,Vendor_571_Corp,Textiles,9,3852,2613,1118,1944,318,18,3.05,8.0,56.0,0.2737,292583.0,high
V4793,Vendor_328_Ltd,Automotive,13,775,640,592,467,597,29,2.14,10.0,32.0,0.2611,351344.0,YES
V4540,Vendor_198_LLC,IT Hardware,7,491,62,27,25,15,8,4.31,4.0,52.0,,303066.0,High Risk
V4218,Vendor_946_Ltd,Office Supplies,10,3955,2096,2028,725,1124,23,3.92,4.0,56.0,0.2226,480898.0,Low
V9024,Vendor_919_Inc,Electronics,24,3587,763,81,366,489,11,2.76,6.0,65.0,0.1311,64931.0,High Risk
V6445,Vendor_734_Co,Office Supplies,19,892,122,116,44,34,3,4.28,8.0,14.0,0.1789,442686.0,Low Risk
V1494,Vendor_991_Co,Electronics,22,4101,3851,1903,301,304,19,2.73,4.0,21.0,0.0032,486214.0,low
V4379,Vendor_508_Co,Automotive,26,2377,1877,1062,1290,703,18,2.32,7.0,38.0,0.2329,280814.0,0
V7496,Vendor_238_Co,IT Hardware,8,4476,3611,3298,2127,2387,-5,4.34,3.0,71.0,0.0861,,0
V1558,Vendor_989_Corp,Automotive,19,3559,272,50,220,239,23,2.48,10.0,22.0,0.1222,214501.0,low
V7501,Vendor_287_Co,Machinery,15,4012,264,244,165,238,20,4.6,8.0,47.0,,200930.0,high
V2909,Vendor_348_Ltd,Automotive,15,201,14,1,3,1,3,4.4,9.0,61.0,0.1975,412772.0,low
V3310,Vendor_177_Corp,Chemicals,16,1570,118,46,74,49,30,3.44,7.0,63.0,0.268,215525.0,NO
V1380,Vendor_942_Co,IT Hardware,2,1156,959,730,173,200,15,4.78,5.0,50.0,0.0826,179459.0,0
V4222,Vendor_903_Inc,Machinery,2,3321,2747,630,543,1389,7,4.78,5.0,47.0,0.1908,302997.0,YES
V9531,Vendor_884_LLC,Electronics,28,532,381,83,127,183,5,4.97,10.0,6.0,0.021,,NO
V5602,Vendor_536_Co,Office Supplies,13,789,253,26,62,2,20,3.96,3.0,3.0,0.0353,411631.0,
V8062,Vendor_683_Ltd,Textiles,17,4939,3371,2710,2399,3228,14,3.85,10.0,2.0,0.0153,246031.0,High Risk
V3115,Vendor_932_Co,Packaging,24,2963,1298,853,212,451,10,2.3,,67.0,0.2863,338541.0,1
V9294,Vendor_786_Corp,Electronics,24,2345,275,222,100,86,11,4.16,,21.0,0.1043,87063.0,
V5176,Vendor_476_LLC,Packaging,20,1362,1056,982,798,245,999,4.84,6.0,8.0,0.0827,147329.0,NO
V1415,Vendor_480_Ltd,Raw Materials,2,2606,96,35,39,89,27,4.48,7.0,17.0,0.0097,464185.0,YES
V3222,Vendor_160_Ltd,Office Supplies,8,4171,4057,2378,2951,3748,4,4.37,6.0,56.0,0.1665,361460.0,High Risk
V3815,Vendor_505_Inc,Packaging,13,701,517,425,110,384,2,3.76,1.0,59.0,0.1564,67530.0,YES
V4830,Vendor_497_LLC,Electronics,4,1065,825,397,602,166,8,2.87,2.0,33.0,0.2146,430495.0,low
V4334,Vendor_481_Ltd,Textiles,14,1017,434,285,339,109,17,2.16,10.0,46.0,0.2276,159084.0,
V4335,Vendor_548_Ltd,IT Hardware,7,4329,3429,965,1634,1843,12,4.39,9.0,32.0,0.0052,10910.0,Low Risk
V7918,Vendor_301_Co,Office Supplies,8,3199,108,50,89,18,20,2.33,3.0,38.0,0.1411,367114.0,NO
V4797,Vendor_918_Co,Automotive,17,4366,2384,2260,1554,1591,3,2.96,4.0,59.0,,175097.0,NO
V5842,Vendor_585_Inc,IT Hardware,22,1288,8,8,8,5,5,4.4,8.0,44.0,0.2067,384590.0,low
V6404,Vendor_335_Ltd,IT Hardware,27,4754,3420,1209,624,803,8,3.5,6.0,33.0,0.229,257178.0,NO
V3547,Vendor_465_Corp,Chemicals,28,2238,39,35,35,6,23,2.7,9.0,32.0,0.0212,47809.0,0
V4518,Vendor_111_LLC,Textiles,29,4366,4280,1431,4181,1709,14,2.33,4.0,51.0,0.2533,389543.0,NO
V3902,Vendor_401_Corp,Raw Materials,16,3556,1518,135,979,938,2,4.54,4.0,67.0,0.2339,159064.0,High Risk
V2945,Vendor_650_Corp,Raw Materials,25,993,536,338,297,203,2,4.86,7.0,47.0,0.118,267899.0,high
V9768,Vendor_570_Co,Textiles,3,4620,3970,3865,1308,2483,20,4.68,2.0,43.0,0.1229,52016.0,High
V2332,Vendor_795_LLC,Electronics,29,1653,34,18,12,5,3,4.97,2.0,46.0,0.1092,24067.0,0
V6014,Vendor_169_LLC,Office Supplies,3,3492,3096,2204,540,1407,10,4.05,1.0,62.0,0.1426,444588.0,1
V7078,Vendor_490_Inc,Office Supplies,15,756,657,557,396,189,2,Excellent,8.0,34.0,0.0679,141803.0,Low Risk
V5498,Vendor_650_Ltd,Chemicals,3,2711,2456,649,2060,2001,22,2.19,5.0,68.0,0.1157,466212.0,0
V5697,Vendor_158_Inc,Chemicals,29,4835,2928,1321,1113,942,22,4.02,7.0,24.0,0.0973,189502.0,NO
V9358,Vendor_585_Inc,Electronics,24,3844,330,47,224,283,12,2.37,10.0,16.0,0.2632,333976.0,High
V5351,Vendor_619_LLC,Raw Materials,17,2938,2250,943,1577,178,5,4.72,2.0,14.0,0.1638,64939.0,High
V8041,Vendor_981_Corp,Food & Beverage,25,4911,3991,1228,2331,39,21,2.58,10.0,59.0,0.2977,132988.0,
V3973,Vendor_699_Co,Chem,1,4174,2688,91,508,2222,20,2.28,2.0,8.0,0.0512,129631.0,Low Risk
V7268,Vendor_997_Inc,Food & Beverage,5,1724,582,287,542,361,12,3.1,7.0,41.0,0.2052,422049.0,YES
V5192,Vendor_277_Ltd,Chem,2,3940,606,347,253,241,2,3.51,8.0,11.0,0.1336,98220.0,0
V6501,Vendor_324_Corp,Office Supplies,17,2039,1345,396,936,1010,9,4.49,10.0,33.0,0.0737,44279.0,
V4870,Vendor_937_LLC,Packaging,12,3164,1145,17,58,818,999,3.64,1.0,30.0,0.2313,303670.0,High
V9659,Vendor_569_Ltd,Raw Materials,3,961,201,89,195,106,23,4.81,4.0,17.0,0.2734,136914.0,0
V9557,Vendor_210_LLC,Automotive,29,1784,1222,704,196,1198,30,2.7,5.0,39.0,0.2848,,Low
V4797,Vendor_647_Inc,Electronics,19,3655,3046,850,1599,2172,11,4.51,8.0,3.0,0.294,307958.0,
V3217,Vendor_435_Inc,Chemicals,13,3320,3013,564,651,672,29,4.41,TBD,52.0,0.2617,103485.0,
V6405,Vendor_473_LLC,IT Hardware,7,3649,3645,3116,1059,3374,23,2.75,9.0,12.0,0.0847,114678.0,
V1648,Vendor_594_LLC,Textiles,25,3334,1787,306,794,1300,7,4.56,2.0,8.0,0.1915,264081.0,1
V5345,Vendor_570_Co,Textiles,22,154,90,82,66,11,2,4.12,7.0,18.0,0.073,474191.0,1
V4633,Vendor_613_Corp,Office Supplies,22,4407,4366,4148,3005,3371,18,4.33,3.0,,0.0456,27778.0,0
V9257,Vendor_772_Co,Textiles,15,3714,728,591,113,190,8,2.75,6.0,31.0,0.1368,443412.0,YES
V9240,Vendor_985_Ltd,Raw Materials,9,513,469,173,117,440,4,,3.0,56.0,0.2164,154007.0,0
V4751,Vendor_280_Inc,Chemicals,24,4875,4643,3270,2964,317,16,Excellent,2.0,56.0,0.0728,11605.0,Low Risk
V9108,Vendor_644_Ltd,Machinery,12,4201,4078,1965,1295,3977,19,4.55,5.0,53.0,0.2439,142757.0,0
V9752,Vendor_414_LLC,Machinery,19,389,38,7,13,16,4,2.58,3.0,47.0,0.0545,199617.0,1
V6700,Vendor_644_Inc,Machinery,6,4644,93,37,19,84,21,3.8,2.0,25.0,0.2164,251846.0,High Risk
V6094,Vendor_725_Co,Textiles,1,250,30,22,12,1,27,4.84,8.0,19.0,0.0301,383720.0,YES
V8130,Vendor_985_Co,Food & Beverage,28,2815,2362,862,463,1836,30,4.54,9.0,46.0,0.1261,450499.0,low
V3560,Vendor_690_Ltd,Packaging,26,3284,519,233,453,406,11,3.57,8.0,37.0,0.2107,464101.0,0
V9661,Vendor_435_Co,Packaging,20,1113,1044,922,16,521,7,3.58,8.0,71.0,0.2992,80252.0,
V6458,Vendor_863_Ltd,Packaging,29,4298,3623,845,626,2205,18,3.88,10.0,8.0,0.105,429203.0,YES
V5488,Vendor_215_Inc,IT Hardware,6,1388,896,851,798,429,10,4.19,2.0,1.0,0.0181,302733.0,high
V7258,Vendor_786_LLC,Office Supplies,1,2299,2034,1923,164,532,3,2.78,9.0,32.0,0.0595,170682.0,High
V4975,Vendor_694_Co,Packaging,5,3458,362,71,314,154,20,TBD,10.0,38.0,0.0161,444079.0,high
V9721,Vendor_688_LLC,Textiles,3,931,269,113,211,141,15,2.94,10.0,2.0,0.2648,269938.0,YES
V1845,Vendor_664_Corp,Raw Materials,13,1390,399,81,60,285,14,4.4,1.0,56.0,0.1941,163680.0,YES
V2541,Vendor_734_Ltd,IT Hardware,7,574,334,253,94,73,18,4.75,1.0,22.0,0.0364,86580.0,Low
V5539,Vendor_657_Ltd,Electronics,19,2545,404,324,73,73,24,4.21,8.0,20.0,0.2233,135091.0,Low Risk
V3189,Vendor_253_Corp,Textiles,27,299,42,13,24,27,23,4.16,4.0,52.0,0.2394,212016.0,high
V5199,Vendor_444_Ltd,Food & Beverage,18,152,13,4,6,11,28,3.87,8.0,46.0,0.0879,157274.0,0
V6377,Vendor_154_Co,Automotive,28,4168,3663,1460,2131,1851,2,3.99,1.0,63.0,0.1024,348608.0,0
V1460,Vendor_498_Ltd,Office Supplies,12,601,135,115,118,96,22,3.75,8.0,70.0,0.1417,157410.0,
V4455,Vendor_566_LLC,Office Supplies,29,3496,3212,852,1245,2168,8,4.57,2.0,34.0,0.2687,216399.0,High
V2290,Vendor_640_LLC,Packaging,24,871,870,730,695,218,30,2.99,2.0,5.0,0.0576,320694.0,Low Risk
V8356,Vendor_545_LLC,Textiles,25,4116,2974,2203,2184,923,15,2.49,4.0,41.0,0.0636,255556.0,0
V8589,Vendor_788_Inc,IT Hardware,3,2738,298,125,131,22,17,4.61,6.0,3.0,0.1123,460767.0,High Risk
V2645,Vendor_822_Co,Packaging,7,4211,606,322,39,443,27,3.67,1.0,2.0,0.0738,308412.0,high
V7318,Vendor_455_Ltd,Electronics,9,3697,1267,182,859,412,28,,1.0,53.0,,166011.0,NO
V4714,Vendor_687_Corp,Machinery,25,992,435,13,309,154,13,3.59,,64.0,0.298,477280.0,0
V5971,Vendor_881_Ltd,Office Supplies,9,860,465,110,290,444,17,3.49,,26.0,0.2378,426610.0,High Risk
V9019,Vendor_409_LLC,Packaging,30,899,571,56,90,244,18,3.5,2.0,53.0,0.2634,50762.0,Yes
V3436,Vendor_772_Co,Food & Beverage,11,4502,3974,3464,1254,2134,29,3.93,4.0,25.0,Low,51987.0,High Risk
V3169,Vendor_115_Co,Electronics,17,912,175,120,103,100,5,4.52,4.0,16.0,0.1369,334238.0,
V9731,Vendor_986_LLC,Electronics,26,2068,186,46,115,28,4,2.03,9.0,35.0,0.2939,437979.0,Low
V2235,Vendor_251_Co,Raw Materials,21,4320,1896,616,1834,713,20,4.96,9.0,61.0,0.014,179204.0,0
V5476,Vendor_257_Ltd,Packaging,6,3211,689,79,687,11,7,4.14,9.0,28.0,0.1326,26037.0,YES
V9619,Vendor_325_LLC,Textiles,27,4841,3621,1434,3084,1700,26,3.44,5.0,45.0,0.2234,228949.0,Low Risk
V7382,Vendor_291_Co,Raw Materials,28,2788,1536,1283,1094,339,26,4.25,6.0,5.0,0.0814,46507.0,low
V1816,Vendor_843_Ltd,Chemicals,28,2695,240,54,10,214,13,4.48,2.0,64.0,0.2547,416841.0,1
V8227,Vendor_568_Corp,Packaging,26,3755,921,885,870,876,15,4.28,8.0,23.0,0.171,122621.0,0
V6950,Vendor_745_Corp,Packaging,17,1793,856,613,285,327,18,3.6,4.0,52.0,0.1484,244224.0,High
V6167,Vendor_456_LLC,Office Supplies,11,3977,735,189,151,104,2,4.33,7.0,Slow,0.2332,98467.0,Low Risk
V9946,Vendor_960_LLC,Textiles,18,3471,3066,1278,2552,981,8,2.26,9.0,2.0,0.2063,-10000.0,YES
V7158,Vendor_990_Inc,Automotive,21,4702,3446,3140,2557,2345,20,4.28,8.0,12.0,0.2667,155952.0,0
V4557,Vendor_787_LLC,Chemicals,29,817,322,207,25,72,26,4.78,8.0,40.0,0.2759,498921.0,High Risk
V6500,Vendor_281_Ltd,IT Hardware,7,3479,3102,1776,1986,518,25,4.18,5.0,33.0,0.2707,184961.0,1
V7926,Vendor_542_Inc,IT Hardware,16,1157,535,163,77,112,6,4.01,9.0,32.0,0.2386,166466.0,
V1043,Vendor_845_Corp,IT Hardware,27,3112,2656,2559,1281,2370,13,3.99,5.0,29.0,0.2235,,1
V3371,Vendor_263_Inc,Automotive,5,2318,1240,620,318,30,9,3.61,7.0,25.0,0.2173,129092.0,low
V8175,Vendor_951_Corp,Food & Beverage,14,3410,1487,1334,884,693,5,2.2,5.0,16.0,0.1226,454518.0,Low
V8839,Vendor_855_Co,Machinery,25,1143,685,244,552,116,24,4.28,6.0,46.0,0.2694,265013.0,YES
V6702,Vendor_153_Ltd,Machinery,25,226,191,18,89,32,28,3.01,2.0,56.0,0.1331,331733.0,Low
V6354,Vendor_518_Corp,Automotive,18,1140,919,569,22,46,14,2.58,9.0,37.0,0.0257,202631.0,0
V3437,Vendor_401_Corp,Textiles,14,1898,1604,625,259,574,22,2.53,4.0,35.0,,106681.0,
V6773,Vendor_384_Inc,IT Hardware,9,4618,829,700,758,389,30,3.62,7.0,18.0,0.0164,353060.0,Low
V7035,Vendor_742_Co,Raw Materials,1,3933,632,249,57,556,27,2.13,9.0,38.0,0.0308,465758.0,high
V5316,Vendor_728_Corp,Raw Materials,13,3069,1227,732,537,222,17,3.78,8.0,,0.2731,374633.0,1
V5008,Vendor_702_Ltd,Automotive,7,4342,1724,755,952,927,21,2.78,3.0,57.0,0.0156,331130.0,1
V8914,Vendor_683_Inc,IT Hardware,29,2181,54,40,36,29,4,4.48,2.0,54.0,0.2998,355017.0,0
V1168,Vendor_620_LLC,Automotive,15,1691,357,196,17,284,30,2.54,4.0,69.0,0.1669,211958.0,
V2405,Vendor_243_LLC,Automotive,8,1757,612,185,560,230,12,3.31,8.0,28.0,0.1408,46715.0,Low Risk
V9569,Vendor_926_Co,Packaging,20,4741,2845,668,2291,2595,9,4.64,8.0,2.0,0.0746,224829.0,
V2178,Vendor_599_Corp,Packaging,6,2130,799,596,695,289,30,3.59,4.0,3.0,0.0244,423444.0,High
V7977,Vendor_169_Ltd,Packaging,3,3155,2327,706,1404,663,12,4.54,2.0,67.0,,342239.0,
V7952,Vendor_762_Ltd,Raw Materials,20,1302,154,97,65,106,8,2.83,3.0,69.0,0.1249,159245.0,High Risk
V4555,Vendor_646_Corp,Machinery,28,1340,1078,644,494,440,25,4.47,10.0,22.0,0.0793,159942.0,NO
V1154,Vendor_555_Ltd,Chemicals,8,3527,3101,2391,2838,466,26,4.84,,52.0,0.252,56231.0,High
V9126,Vendor_293_Ltd,Office Supplies,17,634,70,67,63,67,6,3.95,6.0,25.0,0.1977,363567.0,High Risk
V3823,Vendor_491_Corp,Chemicals,9,3387,2719,1060,2380,461,8,4.92,6.0,54.0,0.1716,353398.0,High
V2529,Vendor_753_LLC,Packaging,19,1237,600,0,489,316,21,4.04,7.0,44.0,0.0717,296417.0,0
V9913,Vendor_761_LLC,Electronics,26,810,67,58,40,19,29,3.93,10.0,2.0,0.2956,254423.0,YES
V8066,Vendor_121_Co,Office Supplies,8,4971,1365,820,1306,36,22,3.55,1.0,,0.0041,334701.0,0
V5723,Vendor_125_Inc,Food & Beverage,29,2136,1848,744,489,961,-1,4.07,5.0,40.0,0.1173,-10000.0,
V8892,Vendor_339_Inc,Electronics,8,768,578,458,441,566,11,,2.0,42.0,0.1079,482842.0,
V8997,Vendor_779_Co,Raw Materials,18,745,139,88,34,13,16,4.2,5.0,13.0,0.091,183423.0,high
V3582,Vendor_512_Co,IT Hardware,7,4140,1014,116,190,571,10,,2.0,58.0,0.0692,87613.0,
V7469,Vendor_374_Corp,IT Hardware,3,1611,44,21,10,0,20,3.94,8.0,2.0,0.1195,-10000.0,1
V7713,Vendor_533_Co,Automotive,1,3502,3346,1651,93,961,26,3.91,8.0,56.0,0.2044,161553.0,High
V2118,Vendor_443_Inc,IT Hardware,15,452,227,66,128,14,6,2.17,7.0,41.0,0.041,239628.0,1
V4340,Vendor_391_LLC,Electronics,25,3985,2796,1982,2561,796,23,4.5,8.0,15.0,0.1641,429767.0,0
V9694,Vendor_180_Co,Machinery,6,3896,1454,638,1069,649,21,4.5,3.0,56.0,0.1681,257950.0,NO
V1107,Vendor_351_Ltd,Packaging,10,1663,899,425,787,787,17,2.51,5.0,48.0,0.2146,218584.0,Low
V1523,Vendor_225_LLC,Raw Materials,24,1305,637,370,543,501,27,2.35,N/A,45.0,0.0366,125579.0,YES
V3209,Vendor_957_Co,Machinery,12,2697,1644,69,1452,273,29,2.19,,39.0,0.2634,268942.0,YES
V6209,Vendor_386_LLC,Chemicals,1,3045,758,94,98,654,3,3.04,5.0,28.0,0.2522,244956.0,Low Risk
V6911,Vendor_472_LLC,Textiles,12,775,773,124,755,198,25,2.51,6.0,8.0,0.1556,357044.0,0
V1927,Vendor_436_Corp,Packaging,16,4686,170,64,43,97,6,2.99,7.0,65.0,0.082,404582.0,low
V1273,Vendor_853_Co,Automotive,8,4989,512,147,61,8,16,4.18,10.0,60.0,,383776.0,high
V1741,Vendor_264_Corp,Electronics,3,1869,1414,229,1264,483,26,4.3,5.0,41.0,0.0094,432826.0,
V6692,Vendor_498_Co,Packaging,8,2977,1644,485,1050,1133,22,2.26,10.0,31.0,0.2418,483566.0,Low
V1127,Vendor_330_Ltd,Office Supplies,10,1659,1560,1512,676,581,2,,7.0,21.0,0.0688,99154.0,
V6296,Vendor_896_Inc,Chemicals,27,768,565,165,4,107,26,2.09,5.0,2.0,0.0308,74484.0,NO
V1280,Vendor_849_Inc,IT Hardware,6,1093,354,242,76,50,2,3.6,9.0,55.0,0.0215,-1000.0,Low
V9384,Vendor_653_Corp,Automotive,27,2140,1464,532,1455,555,30,4.04,4.0,50.0,0.0199,496918.0,YES
V9932,Vendor_851_Inc,Electronics,26,2709,2461,212,1227,1631,17,4.9,10.0,38.0,0.238,325577.0,High
V1127,Vendor_165_Ltd,Raw Materials,23,439,281,79,97,53,15,2.36,10.0,38.0,0.0949,483995.0,
V8226,Vendor_327_Co,Chemicals,3,48,44,26,28,33,3,2.07,8.0,26.0,0.1987,77977.0,Low Risk
V8026,Vendor_334_Ltd,Packaging,24,2538,1403,219,1377,471,20,Unknown,6.0,4.0,0.0755,258549.0,1
V3201,Vendor_981_Co,Office Supplies,28,1585,995,926,249,799,2,3.98,2.0,41.0,0.2936,362887.0,0
V7246,Vendor_560_Inc,Electronics,17,4729,1870,1547,1547,1444,21,3.25,,5.0,0.0093,87450.0,NO
V4660,Vendor_448_Co,Food & Beverage,8,1456,771,44,309,187,23,3.33,2.0,13.0,0.0493,70205.0,NO
V7605,Vendor_817_Corp,Machinery,23,3479,2682,2350,2603,1213,2,4.42,3.0,3.0,0.1263,4542.0,0
V3223,Vendor_944_Inc,Office Supplies,26,1888,992,351,318,46,18,3.3,8.0,69.0,0.1763,472601.0,Low
V5273,Vendor_237_Ltd,Food & Beverage,27,4078,3616,583,576,971,17,4.36,8.0,6.0,0.2979,105187.0,YES
V8468,Vendor_531_Co,IT Hardware,25,1548,475,319,33,55,10,4.09,10.0,61.0,0.2062,97348.0,NO
V7391,Vendor_946_Corp,IT Hardware,30,4990,4509,836,4096,3039,4,4.6,9.0,35.0,0.0784,14613.0,
V8697,Vendor_957_Inc,Automotive,26,178,86,27,23,45,13,4.92,8.0,9.0,0.0486,4847.0,high
V2715,Vendor_175_Inc,Office Supplies,29,283,150,5,81,66,13,2.48,2.0,71.0,0.2826,49813.0,Low
V8947,Vendor_232_Inc,Office Supplies,29,2975,652,534,79,240,25,2.14,5.0,54.0,0.2243,120168.0,Low
V8939,Vendor_929_LLC,Food & Beverage,11,2961,386,125,242,315,27,2.76,6.0,68.0,,149106.0,1
V3895,Vendor_378_Co,Chemicals,24,2202,1518,1069,521,1412,13,2.06,10.0,14.0,0.0724,149275.0,High
V4757,Vendor_142_Co,Electronics,19,4461,3805,3442,3749,3301,21,2.98,4.0,29.0,0.1146,416614.0,1
V3758,Vendor_860_Ltd,IT Hardware,13,791,153,6,28,58,17,3.01,10.0,52.0,0.0967,83350.0,1
V7765,Vendor_617_Co,Machinery,24,1750,1686,1521,403,600,19,2.67,6.0,40.0,0.27,189493.0,0
V6964,Vendor_786_Ltd,Raw Materials,6,3507,1832,836,1514,1677,9,3.69,9.0,28.0,High,484014.0,High
V4962,Vendor_971_Co,Electronics,24,2436,807,553,357,432,26,4.92,6.0,20.0,0.0956,361358.0,1
V2332,Vendor_956_Ltd,Food & Beverage,2,4224,711,571,510,534,20,3.45,4.0,24.0,0.1836,379865.0,0
V8008,Vendor_145_Co,Food & Beverage,13,1843,593,123,500,288,23,3.18,4.0,6.0,0.0538,21126.0,1
V6224,Vendor_814_Co,Automotive,4,2407,1000,539,914,273,2,3.04,7.0,63.0,0.0839,107721.0,0
V2590,Vendor_701_LLC,Chemicals,18,1466,440,275,105,437,25,4.86,2.0,71.0,0.2675,402305.0,0
V8236,Vendor_260_Corp,Textiles,13,4018,502,451,244,244,10,2.18,2.0,50.0,0.2916,169001.0,Low Risk
V5188,Vendor_344_Ltd,Automotive,5,2245,101,98,55,6,23,4.31,2.0,58.0,,47451.0,low
V7643,Vendor_949_Corp,Machinery,25,1898,1220,159,664,673,18,2.85,6.0,63.0,0.1983,457787.0,NO
V9555,Vendor_291_Corp,Packaging,12,894,68,13,55,18,24,3.17,2.0,1.0,0.1955,387369.0,1
V2867,Vendor_471_Co,Textiles,21,1562,884,202,875,118,20,4.4,6.0,39.0,0.2718,359248.0,1
V1335,Vendor_788_Corp,Raw Materials,22,406,271,167,262,184,29,3.34,10.0,22.0,0.2788,365334.0,Low Risk
V3951,Vendor_197_Inc,Food & Beverage,15,2944,1446,385,1076,927,29,4.85,1.0,4.0,0.269,450812.0,NO
V4675,Vendor_630_Co,Packaging,4,3472,2093,1071,1639,224,21,4.11,10.0,20.0,0.0714,483004.0,
V7452,Vendor_102_Corp,Electronics,29,2508,2448,1487,47,21,6,2.38,9.0,44.0,0.1153,222466.0,High
V5033,Vendor_604_Co,Textiles,23,4902,4565,10,3259,1588,9,4.66,7.0,40.0,0.2319,423517.0,
V6352,Vendor_942_LLC,Automotive,29,326,160,119,38,106,22,4.62,5.0,51.0,0.2125,171485.0,Low Risk
V9512,Vendor_232_LLC,IT Hardware,9,2888,2147,392,1840,1849,23,2.37,1.0,55.0,0.0257,81220.0,NO
V5032,Vendor_729_LLC,Chemicals,3,434,227,149,66,88,4,2.55,4.0,53.0,0.0899,214143.0,NO
V1213,Vendor_747_Ltd,Electronics,1,2781,142,1,137,3,11,2.11,3.0,56.0,0.1853,108323.0,1
V8611,Vendor_601_Corp,Food & Beverage,10,1499,1395,977,852,1292,29,2.12,7.0,68.0,0.0222,132349.0,0
V5022,Vendor_107_Corp,Electronics,11,4112,2208,2050,840,1695,19,2.25,9.0,51.0,0.1529,16175.0,Low
V7345,Vendor_989_Ltd,Textiles,13,4733,2658,2241,2458,1773,22,3.26,2.0,30.0,0.1229,257802.0,
V7412,Vendor_559_Ltd,IT Hardware,17,1768,959,212,104,880,15,2.94,2.0,40.0,0.2182,138572.0,high
V5099,Vendor_844_Corp,Chemicals,16,4728,1765,1725,708,1051,2,4.34,6.0,59.0,0.0265,470862.0,
V5894,Vendor_936_Ltd,Packaging,29,3663,2351,932,291,873,13,4.64,,55.0,0.2248,451557.0,low
V7979,Vendor_314_Corp,IT Hardware,28,1921,1497,1358,478,867,12,4.96,1.0,58.0,0.1864,314594.0,1
V6859,Vendor_685_Co,IT Hardware,1,3482,3146,2003,1135,2915,6,4.88,1.0,18.0,,473970.0,Low
V7445,Vendor_140_Corp,Office Supplies,27,428,13,3,7,6,17,4.6,6.0,N/A,0.0626,458442.0,High
V6781,Vendor_189_Co,Textiles,3,2453,1433,1116,617,902,9,3.72,10.0,3.0,0.2911,35979.0,YES
V5609,Vendor_166_Corp,Machinery,3,1445,1178,745,108,848,18,2.92,8.0,32.0,0.2005,335726.0,high
V1547,Vendor_462_Corp,IT Hardware,4,4493,703,656,648,441,16,4.38,3.0,35.0,0.0558,125645.0,high
V6515,Vendor_891_LLC,IT Hardware,25,338,14,11,3,7,18,3.69,3.0,,0.2109,39351.0,1
V2645,Vendor_165_Co,Chemicals,7,3829,708,252,351,430,14,2.29,8.0,42.0,0.1164,308486.0,
V2280,Vendor_904_Inc,Machinery,4,685,301,256,262,279,4,2.21,1.0,70.0,0.0601,104099.0,YES
V2256,Vendor_572_Ltd,Electronics,27,479,408,353,158,341,21,3.49,5.0,55.0,0.0129,131123.0,1
V5805,Vendor_927_Ltd,IT Hardware,2,3110,2261,1130,1212,445,9,2.86,6.0,11.0,0.1039,470595.0,low
V2491,Vendor_217_Corp,Automotive,6,207,135,81,97,65,10,2.43,5.0,12.0,0.0463,214530.0,YES
V8127,Vendor_911_Co,Raw Materials,21,2232,2212,137,1313,2121,20,2.97,4.0,26.0,0.2437,431390.0,High Risk
V8890,Vendor_375_Co,Chemicals,3,2519,2151,515,367,1031,5,2.61,1.0,36.0,0.2649,386570.0,low
V5129,Vendor_305_Ltd,Textiles,7,1031,423,35,116,40,30,4.98,6.0,56.0,0.2222,394560.0,1
V7468,Vendor_974_Corp,Automotive,19,4701,1930,975,612,161,29,3.55,10.0,19.0,0.0361,397984.0,low
V9495,Vendor_913_Inc,Raw Materials,19,353,250,5,212,175,10,3.92,3.0,12.0,0.2286,407754.0,
V7863,Vendor_236_Ltd,Chemicals,5,3072,2817,2524,1384,2316,27,2.65,5.0,16.0,0.2682,81133.0,High Risk
V3681,Vendor_271_LLC,Electronics,18,843,230,108,204,104,13,4.59,1.0,,0.0301,450726.0,0
V7693,Vendor_741_LLC,Automotive,15,3799,2660,109,240,2479,10,3.06,2.0,7.0,0.2784,492952.0,low
V2147,Vendor_998_Co,Office Supplies,3,4157,118,6,107,62,1,4.53,8.0,14.0,0.0758,326753.0,1
V2735,Vendor_492_Corp,Raw Materials,14,247,120,115,86,6,13,2.54,10.0,58.0,0.1849,164808.0,Low
V9532,Vendor_435_Ltd,Textiles,10,4306,3935,1001,3407,1284,28,3.2,5.0,16.0,0.1787,380700.0,0
V3595,Vendor_601_Corp,Office Supplies,20,2250,857,779,792,172,14,3.9,7.0,55.0,0.2896,201968.0,0
V2216,Vendor_496_Inc,Textiles,20,257,193,40,70,117,7,3.89,9.0,54.0,0.2678,,0
V2709,Vendor_913_Co,Packaging,3,3631,2163,1346,1669,1461,14,3.14,4.0,33.0,0.1985,190175.0,Low
V9103,Vendor_882_Corp,IT Hardware,6,3559,2155,1045,1328,1988,19,2.35,3.0,41.0,0.1922,345790.0,
V6278,Vendor_345_LLC,Textiles,30,2378,1061,81,381,273,26,4.69,8.0,49.0,0.1852,312290.0,YES
V9476,Vendor_798_Corp,Raw Materials,6,3437,469,142,418,355,17,3.98,4.0,2.0,0.062,336760.0,1
V9882,Vendor_742_Ltd,Electronics,22,304,219,80,210,69,29,3.66,8.0,58.0,0.1743,369714.0,High
V4828,Vendor_310_Ltd,Chemicals,30,4709,808,520,362,7,15,4.77,1.0,64.0,,252754.0,1
V4803,Vendor_525_LLC,Chemicals,1,4280,312,222,196,12,19,3.94,7.0,11.0,0.2732,297615.0,1
V5204,Vendor_295_LLC,Electronics,12,2981,2629,2182,2035,2405,2,2.09,1.0,35.0,0.201,205216.0,Low
V8902,Vendor_809_Ltd,Food & Beverage,25,3069,2638,227,1295,1333,28,3.69,8.0,39.0,0.0612,480528.0,0
V8960,Unknown,Packaging,25,4300,162,12,39,24,20,3.69,3.0,32.0,0.1966,131802.0,0
V2780,Vendor_345_Corp,Textiles,12,1698,36,8,12,27,2,3.54,8.0,48.0,0.1036,41337.0,low
V6072,Vendor_559_Ltd,Chemicals,2,279,24,2,15,1,1,2.75,9.0,12.0,0.1127,198045.0,0
V5254,Vendor_818_Corp,Electronics,26,3553,2989,1711,256,2503,6,4.42,10.0,41.0,0.1476,78323.0,Low Risk
V9987,Vendor_555_LLC,Automotive,6,3910,1913,1783,1107,557,19,3.79,10.0,56.0,0.157,336296.0,High Risk
V9717,Vendor_321_LLC,Automotive,12,3958,2150,29,1534,940,30,3.21,4.0,24.0,0.2165,64368.0,1
V3211,Vendor_514_LLC,Electronics,24,4445,1407,656,895,978,17,2.8,8.0,17.0,0.1975,409377.0,0
V5322,Vendor_751_Co,Packaging,12,1572,933,668,917,367,16,2.97,2.0,60.0,0.1002,242847.0,High
V2445,Vendor_690_Co,Raw Materials,4,1408,937,392,936,262,19,4.59,1.0,70.0,0.1329,61562.0,YES
V8245,Vendor_795_Corp,Electronics,12,4211,4134,1984,1461,4128,15,2.96,10.0,70.0,0.2431,61647.0,1
V4273,Vendor_506_Corp,Chemicals,9,2048,619,363,205,550,27,4.09,10.0,16.0,0.1409,82820.0,1
V3221,Vendor_343_LLC,Machinery,12,3611,691,311,261,156,27,4.49,10.0,22.0,0.1343,35715.0,high
V3327,Vendor_401_Co,Office Supplies,4,1699,747,570,200,421,11,2.26,7.0,40.0,0.0934,291033.0,low
V2527,Vendor_623_Ltd,Chemicals,8,1002,107,87,24,7,5,-1.0,5.0,46.0,0.2068,428604.0,Low
V3785,Vendor_971_Inc,Automotive,15,4301,1432,431,41,1180,6,3.56,5.0,51.0,0.14,459815.0,YES
V3094,Vendor_953_LLC,Packaging,8,4344,1651,804,1245,1495,9,3.62,9.0,56.0,0.0811,496215.0,0
V4242,Vendor_281_Inc,IT Hardware,5,1999,1176,712,514,1026,7,4.43,8.0,2.0,0.2859,85399.0,1
V2221,Vendor_365_Corp,Office Supplies,1,897,400,97,172,68,30,2.51,5.0,14.0,0.1463,210379.0,1
V7436,Vendor_166_LLC,Chemicals,1,890,327,179,16,94,23,3.87,8.0,29.0,0.0281,71813.0,0
V4883,Vendor_932_LLC,Food & Beverage,19,2646,2591,2344,937,2428,16,4.67,6.0,66.0,0.2642,202401.0,
V8729,Vendor_781_Corp,Electronics,20,1518,208,83,50,84,7,2.99,8.0,11.0,0.1454,31744.0,0
V7493,Vendor_956_Inc,Machinery,7,462,356,41,124,6,6,2.71,7.0,10.0,0.2477,347745.0,High Risk
V3838,Vendor_370_Co,Automotive,14,2450,1813,876,1624,10,14,2.58,3.0,7.0,0.2189,306839.0,Low
V1480,Vendor_567_Corp,Chem,27,506,121,99,35,24,18,4.35,4.0,6.0,0.2797,392500.0,High
V4364,Vendor_136_Co,Food & Beverage,30,2359,742,235,169,146,21,2.17,2.0,24.0,0.1158,395285.0,
V8902,Vendor_496_Co,Textiles,7,1123,776,421,578,105,7,2.01,5.0,12.0,0.0942,366293.0,Low Risk
V8998,Vendor_104_LLC,Automotive,14,802,409,99,192,66,28,3.93,8.0,30.0,0.0425,376725.0,0
V7521,Vendor_605_Ltd,Office Supplies,17,3038,1965,145,358,1294,1,3.34,3.0,7.0,0.0149,315286.0,0
V7813,Vendor_818_Co,Food & Beverage,25,3927,627,465,620,382,18,4.41,4.0,32.0,,313378.0,
V2744,Vendor_125_Ltd,Office Supplies,2,2352,1730,1655,26,1070,22,2.17,5.0,21.0,0.2951,359293.0,High
V3613,Vendor_993_Co,Automotive,29,4156,101,36,58,3,19,2.63,6.0,57.0,0.108,310297.0,Low
V3973,Vendor_705_Corp,Machinery,7,1073,776,328,524,49,26,4.06,7.0,69.0,0.2017,494684.0,low
V2505,Vendor_684_Ltd,IT Hardware,30,2056,954,262,830,307,7,,6.0,62.0,0.0519,433907.0,NO
V4621,Vendor_518_Corp,Chemicals,21,4486,305,91,101,288,9,3.45,8.0,3.0,0.1258,27831.0,NO
V2166,NA,Textiles,24,2367,1537,1459,664,1145,25,3.4,3.0,21.0,0.0444,305490.0,low
V6766,Vendor_150_Ltd,IT Hardware,2,1386,582,147,179,249,13,,1.0,8.0,0.2899,-10000.0,NO
V8731,Vendor_269_Inc,IT Hardware,6,1951,709,636,22,635,9,4.08,5.0,20.0,0.1492,299971.0,high
V5625,Vendor_490_LLC,Machinery,4,994,891,516,605,745,3,3.3,7.0,48.0,0.2486,440459.0,Low
V2838,Vendor_597_Corp,Machinery,12,1045,464,344,230,401,10,3.54,8.0,10.0,0.2838,328478.0,Low Risk
V8919,Vendor_687_Ltd,Machinery,11,2381,1058,524,339,527,16,3.55,7.0,9.0,0.0305,471778.0,1
V4057,Vendor_715_Corp,IT Hardware,8,4192,716,404,681,481,1,2.81,1.0,12.0,0.2876,192702.0,Low Risk
V3910,Vendor_771_Corp,Chemicals,21,3899,933,529,249,373,3,4.53,9.0,5.0,0.2381,434252.0,High
V9078,Vendor_487_Inc,Automotive,13,3599,3000,1718,681,1695,4,4.49,10.0,29.0,0.0488,39644.0,
V5843,Vendor_629_LLC,Textiles,17,1992,333,92,166,209,9,2.65,2.0,55.0,0.0866,206814.0,YES
V7349,Vendor_988_LLC,Machinery,6,4662,2186,281,276,2044,2,3.79,1.0,66.0,0.2055,282375.0,0
V8185,Vendor_881_Inc,Automotive,5,4384,2254,1349,1288,858,13,3.59,10.0,48.0,0.018,56819.0,High
V1294,Vendor_495_Ltd,Office Supplies,20,4812,4303,1529,3959,460,9,2.56,10.0,62.0,0.19,462200.0,High
V1119,Vendor_293_LLC,Textiles,9,4267,4086,2101,1978,1133,7,3.07,5.0,63.0,0.0254,390175.0,
V6077,Vendor_333_Ltd,Packaging,26,2887,365,360,123,330,2,2.63,7.0,13.0,0.1339,359864.0,high
V8508,Vendor_998_Ltd,Textiles,24,4256,2471,2395,1787,1948,4,3.75,1.0,17.0,0.1737,245296.0,
V6585,Vendor_896_Co,Machinery,9,3352,3080,1127,1226,1194,30,2.07,10.0,59.0,0.2717,245687.0,Low Risk
V3294,Vendor_649_Inc,Raw Materials,11,1842,376,6,189,355,27,3.11,1.0,15.0,0.0566,83313.0,High
V9572,Vendor_347_Ltd,Packaging,12,3520,887,409,420,613,21,3.95,1.0,36.0,0.2495,177256.0,High Risk
V6082,Vendor_203_LLC,Office Supplies,10,1715,103,23,29,54,25,3.43,5.0,3.0,,283451.0,Low
V7200,Vendor_725_Corp,Packaging,28,2820,1291,490,739,816,11,4.42,1.0,59.0,0.2612,211663.0,NO
V5211,Vendor_924_Corp,Office Supplies,21,2283,787,99,655,148,3,2.86,10.0,13.0,0.2155,417765.0,Low Risk
V6431,Vendor_282_Ltd,Office Supplies,2,3921,1531,475,482,674,5,3.79,,71.0,0.2868,133949.0,low
V8082,Vendor_553_LLC,Electronics,6,4164,3252,1050,3088,693,6,2.12,10.0,39.0,0.0251,360540.0,
V8941,Vendor_866_Ltd,Packaging,24,2137,328,80,315,275,21,2.73,5.0,64.0,0.0834,282846.0,High
V7401,Vendor_252_Co,IT Hardware,19,1310,701,314,657,423,16,3.55,4.0,15.0,,198177.0,high
V6811,Vendor_358_Corp,Packaging,16,3819,1235,1197,805,143,5,4.64,8.0,39.0,0.1651,109957.0,
V3421,Vendor_889_Corp,Electronics,5,4822,4649,821,2128,2564,2,3.92,4.0,65.0,0.1636,250733.0,0
V6662,Vendor_663_Ltd,Office Supplies,25,1940,957,781,490,943,12,2.59,2.0,64.0,0.0415,359954.0,1
V3618,Vendor_662_Corp,Automotive,5,1201,788,335,488,710,27,4.31,,22.0,0.2548,398483.0,High Risk
V2432,Vendor_824_Corp,Packaging,28,4846,2903,2224,1519,20,22,2.6,3.0,62.0,0.1155,348915.0,YES
V2134,Vendor_483_LLC,IT Hardware,12,2278,957,206,545,674,14,2.35,2.0,25.0,0.2831,488926.0,
V4034,Vendor_930_Ltd,Raw Materials,10,3411,1158,407,215,437,12,3.01,10.0,22.0,0.094,468831.0,0
V6182,Vendor_631_Ltd,Textiles,22,1218,492,100,402,382,14,2.86,4.0,16.0,0.0852,268823.0,1
V2218,Vendor_117_Inc,Packaging,15,2782,1028,25,358,690,19,2.83,5.0,65.0,0.2433,,high
V9804,Vendor_314_Corp,Raw Materials,10,2167,183,79,94,130,3,2.93,8.0,7.0,0.1954,368819.0,1
V8538,Vendor_505_Ltd,Food & Beverage,20,1953,662,584,167,61,17,4.08,10.0,53.0,0.1524,70672.0,
V5838,Vendor_720_Ltd,Food & Beverage,1,2136,460,194,261,88,25,3.07,5.0,15.0,0.0212,354673.0,YES
V1074,Vendor_352_LLC,Office Supplies,23,1026,819,56,115,591,16,2.27,8.0,50.0,0.2352,226147.0,high
V5958,Vendor_298_Ltd,Electronics,1,2596,1974,1451,1581,754,19,4.46,5.0,16.0,0.1217,139174.0,1
V9723,Vendor_790_Corp,Packaging,25,2780,2159,1879,1626,315,10,4.79,4.0,19.0,TBD,107397.0,0
V1630,Vendor_771_Co,Automotive,27,4970,1123,247,759,131,3,2.19,10.0,34.0,0.0885,8932.0,0
V2059,Vendor_116_Inc,Machinery,13,2492,166,54,140,9,19,3.09,2.0,16.0,0.1066,377570.0,High Risk
V1408,Vendor_789_LLC,Food & Beverage,18,2830,2038,2009,1869,1145,19,4.32,3.0,13.0,0.0666,347372.0,Low Risk
V8059,Vendor_140_Ltd,Machinery,7,1084,694,297,368,638,20,3.82,3.0,64.0,0.0292,8833.0,0
V7783,Vendor_737_Co,Electronics,23,4297,1345,263,1109,1299,23,-5.0,2.0,62.0,0.1383,,1
V1281,Vendor_989_Ltd,Chemicals,5,4867,3478,1541,3356,913,22,3.16,4.0,27.0,0.1505,330212.0,Low Risk
V2267,Vendor_865_Inc,Chemicals,10,2623,2171,489,97,146,15,3.08,3.0,34.0,0.2955,258024.0,0 
V3153,Vendor_192_Inc,Packaging,24,2540,1805,68,1186,747,14,2.53,3.0,70.0,0.2629,192814.0,High Risk
V5235,Vendor_191_LLC,Electronics,30,1674,1291,169,554,310,8,3.55,8.0,57.0,0.0678,57455.0,0
V3180,Vendor_545_Inc,Packaging,11,3546,594,238,158,365,23,3.9,6.0,57.0,0.1223,349439.0,High Risk
V3398,Vendor_230_Inc,Automotive,1,2102,1614,132,592,154,9,4.56,9.0,34.0,0.2511,189472.0,NO
V2971,Vendor_944_Co,Chemicals,12,3530,864,627,682,397,5,Poor,10.0,53.0,0.2732,151818.0,High
V9378,Vendor_297_Corp,IT Hardware,27,1638,978,283,669,888,7,4.73,10.0,54.0,0.2977,,1
V9353,Vendor_127_LLC,Raw Materials,18,531,80,61,56,43,29,N/A,4.0,35.0,0.0528,498739.0,Low Risk
V9068,Vendor_178_Ltd,Electronics,18,4370,3588,333,2054,1773,1,3.93,10.0,19.0,0.1792,107958.0,NO
V7699,Vendor_401_Inc,Office Supplies,24,3495,1049,893,50,232,8,4.55,8.0,2.0,0.0238,473779.0,YES
V6560,Vendor_720_Co,IT Hardware,24,1168,76,51,9,43,6,4.8,9.0,27.0,,415003.0,low
V3706,Vendor_366_Inc,Textiles,6,1490,288,15,159,51,21,3.88,3.0,3.0,0.0508,136174.0,YES
V1748,Vendor_470_Ltd,Raw Materials,2,3072,2809,2322,1394,600,2,3.22,8.0,,0.1932,209553.0,Low Risk
V3612,Vendor_195_Co,Machinery,27,1717,1138,596,103,860,8,6.0,6.0,56.0,0.0366,257304.0,1
V5681,Vendor_462_Corp,Electronics,2,3929,1933,1046,1265,1411,15,4.28,5.0,58.0,0.0293,405853.0,High
V9108,Vendor_520_Ltd,Raw Materials,10,4714,2170,178,259,376,27,4.49,5.0,30.0,0.0801,95167.0,Low
V8282,Vendor_465_Co,Packaging,16,1278,545,168,324,273,13,2.52,10.0,23.0,0.1783,496932.0,High Risk
V3436,Vendor_820_LLC,Electronics,3,2543,1337,431,492,944,2,3.76,2.0,19.0,0.0323,99999999.0,0
V5397,Vendor_847_Inc,Chemicals,4,4706,183,72,10,14,28,3.66,8.0,55.0,0.284,121696.0,Low
V8342,Vendor_265_Inc,Chemicals,22,426,339,271,236,195,24,2.93,,57.0,0.2469,87561.0,0
V5025,Vendor_988_LLC,Food & Beverage,11,1630,308,210,162,239,20,4.8,10.0,68.0,0.2206,460232.0,0
V6252,Vendor_657_Ltd,Raw Materials,17,4667,2982,1487,2007,1029,24,2.04,6.0,65.0,0.06,129660.0,High
V3042,Vendor_383_Corp,Packaging,1,1370,163,75,21,96,19,2.7,8.0,13.0,0.0029,140502.0,
V7007,Vendor_496_Inc,Office Supplies,7,3482,1470,1125,668,1105,28,2.08,2.0,20.0,0.0077,253629.0,0
V2563,Vendor_949_Inc,Food & Beverage,16,210,198,55,76,196,30,3.01,7.0,70.0,0.1528,355232.0,high
V6149,Vendor_226_Ltd,Raw Materials,17,1765,1053,466,834,231,5,3.49,6.0,37.0,0.1671,22290.0,1
V3325,Vendor_313_Corp,Food & Beverage,22,4353,507,245,319,260,2,2.06,2.0,26.0,0.0647,446627.0,NO
V2493,Vendor_761_Inc,Raw Materials,29,1249,949,949,707,456,2,2.93,6.0,18.0,0.262,282083.0,low
V2921,Vendor_363_Corp,Food & Beverage,8,3766,2897,2800,2774,76,18,4.11,9.0,1.0,0.1738,383838.0,low
V3963,Vendor_453_Inc,Automotive,21,3692,2456,815,1565,1615,22,4.67,1.0,15.0,0.189,29748.0,1
V5866,Vendor_225_Co,Machinery,11,3933,2122,1736,950,322,19,2.11,10.0,37.0,0.183,361185.0,High
V6259,Vendor_769_Co,Packaging,24,3789,2360,1041,893,771,13,2.83,3.0,30.0,0.0223,154240.0,Low Risk
V8063,Vendor_921_Ltd,Office Supplies,25,4335,2685,252,1855,2140,11,2.7,9.0,14.0,0.1001,3990.0,High Risk
V9074,Vendor_398_LLC,Office Supplies,26,3971,986,665,282,717,3,3.74,2.0,37.0,0.059,189034.0,0
V6842,Vendor_347_Inc,Food & Beverage,20,1809,329,104,230,46,11,2.69,5.0,44.0,0.1959,192407.0,Low Risk
V4686,Vendor_209_Co,Office Supplies,13,2898,786,386,93,145,23,2.72,7.0,70.0,0.0586,85457.0,YES
V8522,Vendor_903_Corp,Automotive,8,4658,4625,3319,1305,3181,18,3.3,9.0,67.0,,297617.0,1
V8448,Vendor_917_Ltd,Food & Beverage,7,963,910,316,253,522,18,3.93,4.0,15.0,0.2315,486360.0,YES
V2059,Vendor_563_Corp,Textiles,19,208,175,144,62,165,12,3.08,1.0,63.0,0.1309,234479.0,high
V4997,Vendor_806_Co,Automotive,5,2650,262,215,153,109,17,3.6,7.0,60.0,0.29,22250.0,Low Risk
V7318,Vendor_824_LLC,Raw Materials,16,2637,1764,893,1759,1308,22,4.94,5.0,33.0,0.0721,354491.0,high
V3375,Vendor_673_Ltd,Packaging,23,2773,1992,1821,1738,209,7,2.66,5.0,65.0,0.006,489966.0,
V6936,Vendor_169_Co,Office Supplies,7,3516,660,394,504,33,9,4.41,7.0,27.0,0.0528,281376.0,Low
V8868,Vendor_903_Corp,Machinery,16,4519,3462,119,2815,3267,28,4.86,7.0,50.0,0.2423,7345.0,YES
V1184,Vendor_114_Ltd,Textiles,28,1434,1035,139,867,793,26,3.51,9.0,9.0,0.2626,84691.0,low
V1703,Vendor_359_Ltd,Office Supplies,3,1867,144,36,52,72,3,3.41,6.0,55.0,0.241,76971.0,NO
V1995,Vendor_920_Corp,IT Hardware,26,3899,1448,25,1341,1111,13,4.89,1.0,33.0,0.0987,334102.0,1
V3737,Vendor_119_Corp,Automotive,14,3589,2043,724,1331,1990,2,2.72,3.0,15.0,0.0914,387209.0,high
V2753,Vendor_148_Co,IT Hardware,17,2732,142,100,6,136,10,4.46,6.0,23.0,0.2682,451033.0,NO
V3765,Vendor_857_Inc,IT Hardware,9,2560,1827,824,572,1619,10,2.43,9.0,23.0,0.2521,48380.0,High Risk
V8601,NA,Office Supplies,20,1079,922,138,651,529,10,4.24,1.0,63.0,0.0991,444985.0,1
V1215,Vendor_648_Inc,Food & Beverage,11,1492,358,284,79,145,-1,2.47,4.0,46.0,0.3,310883.0,Low 
V6596,Vendor_103_Corp,IT Hardware,26,2732,446,1,11,49,26,3.67,8.0,22.0,Low,458150.0,high
V9490,,Automotive,9,2788,2483,381,751,2374,10,3.02,5.0,32.0,0.2963,284930.0,
V9201,Vendor_197_Corp,Electronics,29,781,146,111,83,36,15,2.85,10.0,70.0,0.1646,343602.0,High Risk
V5271,Vendor_512_LLC,Chemicals,7,2805,1863,700,1499,417,3,3.11,1.0,71.0,,191895.0,High Risk
V5384,Vendor_119_Co,Food & Beverage,9,1798,1056,574,441,702,27,2.7,5.0,12.0,0.1381,436556.0,High Risk
V6446,Vendor_948_Co,Electronics,14,2307,1443,61,827,23,27,2.4,8.0,34.0,0.1021,227596.0,Low Risk
V4314,Vendor_322_Inc,Machinery,3,1454,409,364,225,166,7,4.03,2.0,53.0,0.0395,127163.0,high
V4757,Vendor_125_Inc,Machinery,3,3114,1302,35,1147,1250,16,4.79,5.0,20.0,0.0229,493376.0,Low Risk
V5603,Vendor_150_LLC,Machinery,13,3387,52,51,40,7,16,3.28,2.0,18.0,0.0666,355284.0,
V6150,Vendor_354_Ltd,Office Supplies,4,4892,4405,3234,1696,3450,17,,6.0,48.0,0.1798,199696.0,low
V9602,Vendor_630_LLC,IT Hardware,17,1234,68,68,41,56,23,2.75,5.0,38.0,,364725.0,
V1387,Vendor_816_LLC,Automotive,10,890,160,130,99,85,4,2.16,10.0,46.0,0.2415,305602.0,Low Risk
V6794,Vendor_881_Ltd,Chemicals,11,1631,214,67,207,206,16,2.38,3.0,59.0,0.0984,248671.0,
V6776,Vendor_963_Co,Electronics,5,1356,75,47,1,23,18,4.31,5.0,55.0,0.2245,288978.0,1
V3989,Vendor_893_Corp,Chemicals,15,2393,2003,1633,1770,594,26,2.64,2.0,53.0,0.1847,171991.0,low
V2874,Vendor_359_LLC,Raw Materials,13,1078,557,19,520,339,29,2.79,10.0,9.0,0.073,408696.0,NO
V8940,Vendor_189_Inc,Packaging,22,3585,2620,1977,768,528,19,4.51,2.0,11.0,,317593.0,0
V7374,Vendor_576_Co,Textiles,24,2513,1630,1125,766,904,24,2.74,1.0,46.0,0.2842,76398.0,
V6437,Vendor_564_LLC,Raw Materials,25,2858,2622,530,626,2368,13,2.15,9.0,8.0,0.0505,56533.0,High Risk
V4585,Vendor_226_Co,Food & Beverage,23,4076,1350,1137,544,1191,10,2.74,3.0,64.0,0.2389,52330.0,High
V2588,Vendor_993_LLC,IT Hardware,12,4091,744,548,223,353,19,2.53,8.0,23.0,0.1522,427959.0,low
V9766,Vendor_810_LLC,Food & Beverage,20,779,112,106,14,99,18,4.15,1.0,48.0,0.1941,263882.0,0
V9310,Vendor_921_Corp,Automotive,25,596,467,112,12,319,3,4.15,10.0,19.0,0.0867,478150.0,YES
V5442,Vendor_675_Inc,Office Supplies,4,3934,876,206,847,551,20,4.22,4.0,32.0,0.0152,475577.0,High Risk
V4565,Vendor_960_Corp,Chemicals,16,1297,598,33,273,431,11,2.9,4.0,52.0,0.1493,345379.0,1
V3168,Vendor_920_Ltd,Textiles,18,2228,1586,947,1577,84,1,3.92,8.0,5.0,0.0789,26228.0,1
V9997,Vendor_305_LLC,Machinery,13,826,288,134,245,122,16,4.68,8.0,55.0,0.0486,383490.0,High Risk
V1638,Vendor_751_LLC,Machinery,14,4152,2565,247,1845,1793,18,2.27,1.0,34.0,0.2609,412203.0,1
V7444,Vendor_455_LLC,Automotive,11,890,359,21,0,220,29,2.6,1.0,34.0,0.0983,247121.0,NO
V8629,Vendor_681_LLC,Raw Materials,27,1633,1460,1373,1092,160,999,4.76,8.0,13.0,0.1367,359863.0,YES
V3706,Vendor_335_Ltd,Chemicals,2,1089,470,210,221,414,9,2.1,7.0,40.0,0.0972,179606.0,YES
V2640,Vendor_849_Co,Textiles,25,3243,1151,32,82,321,10,2.53,7.0,37.0,0.2136,191957.0,high
V7723,Vendor_552_Co,Packaging,4,4957,784,501,125,370,15,2.73,10.0,23.0,0.1393,194309.0,low
V3166,Vendor_614_Inc,Machinery,17,1587,1197,367,1025,385,16,4.63,1.0,28.0,0.1488,7821.0,YES
V8140,Vendor_148_Inc,Chemicals,2,692,613,453,276,486,10,2.44,2.0,37.0,0.0439,356099.0,high
V5459,Vendor_526_Corp,Food & Beverage,7,3386,1968,219,1104,616,5,3.36,4.0,4.0,0.1977,207760.0,NO
V4295,Vendor_830_Inc,Textiles,22,4332,3466,867,2208,3093,21,3.12,9.0,58.0,0.0363,118806.0,1
V8058,Vendor_638_Co,Machinery,19,2714,408,321,39,337,6,2.22,2.0,40.0,0.2369,332945.0,high
V4829,Vendor_760_Inc,IT Hardware,24,4340,1118,834,94,434,4,2.16,6.0,58.0,0.2073,,Low Risk
V9623,Vendor_416_Ltd,Electronics,8,2830,764,95,102,288,23,3.14,9.0,30.0,0.1747,208741.0,
V2733,Vendor_634_Ltd,Raw Materials,17,245,31,15,6,31,2,2.69,4.0,10.0,0.0674,139796.0,low
V8651,Vendor_212_Co,Office Supplies,5,499,37,0,8,11,23,3.86,1.0,39.0,0.0791,393281.0,low
V6395,Vendor_499_Ltd,Food & Beverage,5,1727,494,489,41,94,12,2.01,4.0,67.0,0.2554,495337.0,
V5567,Vendor_371_Co,Automotive,9,616,172,6,81,31,5,3.39,8.0,71.0,0.1687,233595.0,1
V4014,Vendor_591_LLC,Electronics,26,3122,866,491,691,449,21,2.31,1.0,67.0,0.1092,340790.0,low
V7114,Vendor_270_Co,Electronics,13,1811,1231,962,343,651,1,4.69,10.0,61.0,0.2018,363538.0,0
V8134,Vendor_656_Ltd,Automotive,16,932,728,381,551,157,13,2.89,1.0,14.0,0.2291,58532.0,High Risk
V4599,Vendor_548_Inc,IT Hardware,12,2971,1537,643,1168,1243,30,4.02,10.0,18.0,0.0755,398291.0,High
V6286,Vendor_149_LLC,Raw Materials,1,3188,3149,1371,2179,1974,10,4.13,10.0,57.0,0.1798,135616.0,0
V6057,Vendor_158_LLC,Automotive,22,3690,834,480,567,101,2,2.59,10.0,63.0,0.138,133943.0,High
V8953,Vendor_381_Corp,Raw Materials,3,1408,1342,588,541,1084,14,4.13,10.0,51.0,0.1065,391191.0,High
V9976,Vendor_773_Corp,Textiles,20,2627,1009,37,946,904,11,3.43,9.0,58.0,0.0449,13191.0,RISK
V2121,Vendor_336_Inc,IT Hardware,7,4496,3896,286,1874,3816,12,4.69,9.0,11.0,0.2739,480190.0,Low
V1795,Vendor_824_Corp,Automotive,12,1152,858,670,618,587,4,4.29,2.0,15.0,0.0944,227901.0,low
V1535,Vendor_403_Ltd,Chemicals,23,589,394,353,170,271,20,3.63,4.0,11.0,0.1861,177000.0,NO
V6477,Vendor_745_Corp,Office Supplies,5,4123,819,75,401,499,1,4.28,10.0,23.0,0.0771,207040.0,0
V6628,Vendor_770_Co,Packaging,9,1783,1609,841,1362,281,22,2.45,9.0,66.0,0.1909,21599.0,High Risk
V1639,Vendor_690_Corp,Textiles,7,2944,2233,1895,1658,1383,29,3.8,6.0,3.0,0.1107,231252.0,NO
V5142,Vendor_681_Ltd,Chemicals,26,1396,1202,726,495,186,12,2.94,10.0,64.0,0.2603,115163.0,High Risk
V8122,Vendor_824_Inc,Automotive,28,4599,1498,1446,183,1009,9,4.34,8.0,26.0,0.0973,396182.0,High
V9672,Vendor_297_Ltd,Machinery,23,419,367,40,198,164,16,3.82,3.0,61.0,0.0864,355502.0,Low Risk
V6843,Vendor_647_Inc,Packaging,26,3162,2293,1730,1697,467,22,4.18,3.0,38.0,0.0113,80509.0,
V7628,Vendor_427_Ltd,Machinery,6,717,87,74,75,4,28,2.56,7.0,63.0,0.1816,399727.0,1
V2958,Vendor_175_Co,Chemicals,30,717,274,263,89,93,26,2.99,8.0,24.0,,452402.0,Low
V8077,Vendor_599_Corp,Automotive,24,4131,437,390,393,430,20,3.68,1.0,22.0,0.0123,357253.0,NO
V4534,Vendor_724_Ltd,Machinery,4,1687,963,370,14,516,15,2.96,3.0,41.0,,377107.0,1
V7081,Vendor_920_Inc,Automotive,18,4027,182,18,41,143,24,,9.0,51.0,0.0303,348263.0,Low Risk
V5809,Vendor_777_Ltd,Food & Beverage,17,636,532,504,477,206,999,3.63,9.0,70.0,0.0053,401537.0,0
V4522,Vendor_573_LLC,Automotive,2,1978,904,256,746,677,3,2.65,2.0,68.0,0.2986,102071.0,High
V2414,Vendor_618_Corp,IT Hardware,11,2378,1075,305,673,254,9,3.0,2.0,17.0,0.0868,194530.0,0
V3467,Vendor_902_Inc,Electronics,30,3482,2047,730,1660,796,7,2.51,1.0,63.0,0.0537,479664.0,low
V6837,Vendor_236_Co,Automotive,5,1045,881,783,231,708,29,4.73,1.0,68.0,0.0482,113574.0,1
V9151,Vendor_819_Inc,Electronics,8,267,146,95,14,50,25,2.76,7.0,29.0,0.0582,158993.0,low
V4003,Vendor_955_Inc,Office Supplies,8,1921,892,390,73,426,2,4.82,9.0,9.0,0.1792,242785.0,1
V8280,Vendor_244_Inc,Food & Beverage,26,4789,4381,340,4294,2887,27,4.15,9.0,20.0,0.0427,94667.0,1
V3233,Vendor_302_Inc,Raw Materials,17,2823,2687,498,905,2342,14,3.62,8.0,35.0,0.2545,452938.0,0
V4075,Vendor_664_LLC,Electronics,8,882,66,27,1,39,9,2.26,10.0,6.0,0.1691,415305.0,low
V1601,Vendor_506_LLC,Food & Beverage,17,113,12,11,7,1,3,4.07,2.0,70.0,0.1294,425617.0,Low Risk
V1058,Vendor_345_Co,Packaging,20,851,803,37,266,317,8,4.8,2.0,35.0,0.1547,19844.0,Yes
V9134,Vendor_810_Co,Raw Materials,27,3473,3301,3063,2648,9,25,2.74,9.0,37.0,0.2907,239351.0,
V5285,Vendor_225_LLC,Packaging,4,2524,1356,992,582,1162,22,3.38,1.0,62.0,0.2006,259683.0,High Risk
V6452,Vendor_774_Co,Machinery,1,3771,3754,96,1701,2813,20,4.57,,37.0,,154567.0,High
V6899,Vendor_243_Ltd,Textiles,8,2648,1861,755,1191,1003,29,4.24,9.0,53.0,0.1348,288929.0,
V3320,Vendor_772_LLC,Machinery,27,4349,3517,558,877,1120,10,4.73,3.0,19.0,0.1253,,0
V7316,Vendor_191_Co,Textiles,6,3836,3369,1511,1542,1758,3,2.67,,24.0,0.1862,6185.0,1
V3954,Vendor_553_Corp,Machinery,13,4529,1283,787,1059,884,19,4.0,5.0,20.0,0.1924,302501.0,
V4494,Vendor_145_Co,Raw Materials,29,3958,2943,1183,145,2133,3,4.04,4.0,21.0,0.2628,151761.0,NO
V6876,Vendor_499_Ltd,Machinery,28,4719,1069,1031,1019,181,3,4.54,2.0,50.0,0.2988,291792.0,Low Risk
V3550,Vendor_839_LLC,Raw Materials,18,43,24,18,20,8,29,2.23,5.0,9.0,0.2903,,Low Risk
V8110,,Chemicals,25,4261,3086,2645,528,473,6,2.06,3.0,57.0,0.2522,38147.0,High Risk
V9799,Vendor_901_Ltd,Machinery,18,4649,4268,3231,197,3648,26,2.26,5.0,,0.0961,374897.0,
V2427,Vendor_957_Corp,Automotive,6,1186,283,268,33,245,5,4.81,TBD,,0.1696,30420.0,1
V9785,Vendor_947_LLC,Raw Materials,21,765,503,457,420,301,7,2.78,7.0,22.0,0.1718,179330.0,NO
V5330,Vendor_120_Corp,Packaging,9,1701,1158,937,511,640,29,2.57,3.0,63.0,0.2075,322867.0,
V9582,Vendor_290_Corp,Automotive,18,332,61,58,19,61,2,4.09,10.0,57.0,0.1837,333894.0,1
V2095,Vendor_616_Ltd,Machinery,12,4671,4554,3359,796,4123,25,3.8,2.0,19.0,0.2421,230870.0,0
V8666,Vendor_917_Inc,Food & Beverage,29,4327,1672,265,350,352,21,4.23,3.0,7.0,0.2236,117887.0,High
V2167,Vendor_132_Inc,Automotive,30,198,178,101,47,80,6,4.28,1.0,10.0,0.2009,393287.0,High
V4594,Vendor_459_Inc,Raw Materials,14,2014,375,141,212,290,20,3.49,9.0,25.0,0.1971,261456.0,
V8285,Vendor_438_Ltd,Chemicals,19,2014,1550,532,701,604,9,3.78,3.0,19.0,0.1565,14600.0,1
V5157,Vendor_999_Corp,Machinery,16,1143,725,194,456,470,13,3.4,9.0,61.0,0.0844,140008.0,0
V8658,Vendor_350_LLC,IT Hardware,16,22,1,1,1,0,7,2.98,2.0,4.0,0.2339,99999999.0,Low Risk
V5869,Vendor_174_Ltd,Office Supplies,24,4609,3667,955,2761,800,29,4.14,6.0,6.0,0.0764,494789.0,high
V9382,Vendor_194_Corp,Electronics,4,4709,780,684,93,154,18,4.36,2.0,30.0,0.2544,354026.0,High Risk
V8428,Vendor_919_Ltd,Textiles,22,628,564,377,157,558,8,3.5,6.0,26.0,0.2446,408968.0,0
V7815,Vendor_876_LLC,IT Hardware,29,1074,925,470,417,25,21,4.06,2.0,31.0,0.1223,299325.0,Low Risk
V2570,Vendor_600_Co,Textiles,18,1428,286,110,19,56,25,3.09,5.0,45.0,0.2486,386747.0,High Risk
V5031,Vendor_919_Co,Textiles,16,2174,1092,689,437,167,17,2.38,,23.0,0.2767,260361.0,NO
V4003,Vendor_769_Inc,IT Hardware,23,893,112,80,95,68,24,2.58,3.0,71.0,0.2235,356386.0,1
V7974,Vendor_515_Ltd,IT Hardware,17,3585,3072,2203,2783,85,18,2.32,,71.0,0.0074,286071.0,High
V7692,Vendor_610_Inc,Machinery,12,1990,1156,238,699,434,20,2.79,7.0,40.0,0.0956,187641.0,0
V1113,Vendor_297_Ltd,Automotive,23,4168,1089,1047,350,38,22,4.39,3.0,66.0,0.1602,408135.0,Low Risk
V3187,Vendor_623_Co,Automotive,23,3269,807,674,511,229,13,2.46,9.0,40.0,0.0396,,
V1662,Vendor_306_Corp,Chemicals,10,1949,1305,1095,807,124,8,4.77,2.0,42.0,0.0328,35817.0,Low
V7144,Vendor_177_Corp,Automotive,20,845,314,197,15,101,6,3.2,1.0,43.0,0.1025,372865.0,YES
V9233,Vendor_880_Corp,Food & Beverage,16,534,105,12,83,20,26,N/A,4.0,51.0,0.1272,207173.0,1
V1074,Vendor_590_LLC,Electronics,23,2798,2134,1992,8,1384,24,3.79,8.0,17.0,0.1697,358955.0,YES
V2426,Vendor_781_Ltd,Office Supplies,26,1362,965,413,531,723,6,4.7,8.0,,0.0963,392552.0,Low
V6566,Vendor_286_Ltd,Textiles,13,2204,2133,247,1237,1143,28,2.83,8.0,8.0,0.1984,446526.0,0
V7581,Vendor_340_Corp,Automotive,21,932,622,355,84,477,19,4.77,8.0,67.0,0.114,403337.0,High Risk
V1461,Vendor_785_LLC,Chemicals,5,1443,491,158,460,46,12,2.14,10.0,50.0,0.061,30354.0,high
V6048,Vendor_975_Ltd,Automotive,16,2807,1243,1096,1239,669,13,4.27,10.0,72.0,0.277,318301.0,Low Risk
V5293,Vendor_910_Co,Packaging,17,2738,2143,1327,875,2012,2,2.79,3.0,60.0,0.1191,151336.0,0
V9689,Vendor_853_Corp,Automotive,30,4837,4130,1102,4086,35,14,4.52,8.0,66.0,0.2343,478197.0,0
V8931,Vendor_724_Ltd,Chemicals,16,205,125,13,41,71,26,4.31,1.0,68.0,0.2494,99607.0,1
V1869,Vendor_902_Corp,Food & Beverage,1,2086,1788,1716,839,1654,26,,6.0,31.0,0.1842,243804.0,0
V4970,Vendor_108_Ltd,IT Hardware,13,2581,1595,445,1589,107,17,3.98,6.0,6.0,0.1952,225735.0,NO
V2540,Vendor_840_Ltd,Packaging,8,4761,3288,1433,1079,787,23,4.87,6.0,64.0,0.1479,316441.0,High Risk
V7523,Vendor_286_Inc,Electronics,29,2910,438,398,235,297,20,4.78,5.0,49.0,0.1151,131366.0,NO
V7983,Vendor_842_Ltd,Chemicals,6,4506,1674,483,1039,160,24,2.59,7.0,23.0,0.1818,159912.0,High
V3439,Vendor_344_Inc,Automotive,3,2665,599,163,138,330,8,3.0,6.0,53.0,0.1973,291878.0,
V5778,Vendor_913_Ltd,Food & Beverage,23,3197,98,59,26,38,9,3.17,2.0,45.0,0.2229,301051.0,Low
V5864,Vendor_158_Ltd,Office Supplies,27,4647,1263,377,365,724,29,3.85,6.0,28.0,0.1115,26852.0,high
V1233,Vendor_962_Ltd,Packaging,1,1218,978,693,749,773,15,4.2,2.0,20.0,0.0507,79342.0,High Risk
V3205,Vendor_774_Corp,Food & Beverage,5,548,95,65,10,27,7,,2.0,12.0,0.1612,210513.0,
V7105,Vendor_833_Ltd,Machinery,23,637,95,43,24,75,1,4.9,4.0,33.0,0.2687,34858.0,high
V6423,Vendor_839_Co,Chemicals,12,3008,1454,156,397,165,16,2.63,10.0,53.0,0.0375,405478.0,Low
V1993,Vendor_176_Corp,Machinery,30,2994,2755,1183,2379,79,17,4.7,2.0,23.0,0.0286,419636.0,Low Risk
V2354,Vendor_518_Ltd,Packaging,28,1099,278,214,73,103,1,2.19,6.0,26.0,0.255,334400.0,low
V4742,Vendor_207_Corp,Office Supplies,13,3880,1143,947,340,187,12,3.86,8.0,40.0,0.1163,114877.0,
V6714,Vendor_270_Inc,Chemicals,16,832,610,576,592,492,22,N/A,9.0,70.0,0.0632,326940.0,Low Risk
V6994,Vendor_617_LLC,Office Supplies,17,2603,60,19,7,5,5,2.94,6.0,60.0,0.212,443313.0,0
V2584,Vendor_128_Ltd,Textiles,26,1622,336,168,159,32,1,3.78,6.0,33.0,0.0741,249290.0,1
V8153,Vendor_434_Corp,Packaging,11,3415,1788,1279,1715,526,13,3.97,10.0,58.0,0.2896,195737.0,Low Risk
V4113,Vendor_318_Ltd,Office Supplies,25,2063,331,310,75,303,26,3.75,5.0,46.0,0.2034,121164.0,Low
V6315,Vendor_551_Co,Office Supplies,12,4319,1951,428,502,1170,2,,4.0,30.0,0.1357,85754.0,Low
V1562,Vendor_170_Ltd,Raw Materials,22,2545,929,388,793,180,29,2.34,5.0,24.0,0.0741,390791.0,
V6299,Vendor_409_Ltd,Chemicals,23,1102,1100,92,208,580,7,2.47,9.0,54.0,0.0495,37218.0,0
V3912,Vendor_217_Inc,Food & Beverage,6,1624,1582,408,246,543,21,2.71,9.0,5.0,0.2597,83439.0,low
V4794,Vendor_302_Co,Automotive,24,4274,3388,2041,1193,893,20,4.7,9.0,44.0,0.246,406663.0,0
V9095,Vendor_252_Corp,Automotive,3,739,113,106,73,85,24,4.17,5.0,30.0,0.137,,High
V4041,Vendor_305_Corp,Office Supplies,26,1500,1029,225,922,435,25,2.58,7.0,57.0,,328376.0,1
V1782,Vendor_428_Corp,Raw Materials,29,2163,1508,232,385,8,20,3.64,6.0,63.0,0.0985,253810.0,1
V8400,Vendor_379_Corp,Office Supplies,18,1004,289,176,58,98,21,,,46.0,0.2393,339096.0,
V9573,Vendor_364_Corp,Packaging,3,1826,307,80,44,252,21,4.82,7.0,13.0,0.2263,257023.0,Low
V9395,Vendor_618_Inc,IT Hardware,15,2908,2341,2025,691,2246,29,4.82,9.0,54.0,0.1516,136762.0,Low
V8912,Vendor_182_LLC,Chem,1,908,133,37,52,34,20,2.18,5.0,50.0,0.1155,466267.0,1
V8116,Vendor_355_Ltd,Packaging,22,2440,969,418,98,48,17,3.47,9.0,50.0,0.0658,77148.0,Low
V1493,Vendor_558_LLC,IT Hardware,9,333,6,5,6,0,18,4.27,4.0,40.0,0.0001,112364.0,Low Risk
V4806,Vendor_831_Corp,Electronics,1,3527,1678,1107,89,1003,30,2.24,8.0,61.0,0.141,201854.0,YES
V6787,Vendor_530_Co,Electronics,12,4398,2886,362,2160,2805,21,2.11,10.0,49.0,0.1002,210851.0,
V9189,Vendor_144_LLC,IT Hardware,17,4047,549,198,83,324,9,2.25,1.0,13.0,0.2235,215766.0,1
V4079,Vendor_728_LLC,Machinery,25,4552,1349,1133,232,912,28,3.83,7.0,14.0,0.0079,481853.0,
V9802,Vendor_349_Corp,Chemicals,12,903,801,224,255,7,6,2.75,9.0,2.0,0.0622,203310.0,1
V2030,Vendor_199_Co,Office Supplies,16,4117,1415,1064,1257,1271,14,3.87,8.0,23.0,0.0496,148383.0,NO
V6416,Vendor_862_Co,Textiles,23,3269,1104,143,321,512,18,3.87,9.0,22.0,0.2306,221576.0,0
V4208,Vendor_778_Ltd,Automotive,24,1721,240,100,6,213,3,2.28,1.0,41.0,0.2312,362772.0,
V8821,Vendor_413_Inc,Food & Beverage,30,4641,3052,474,660,447,12,4.87,,51.0,0.1026,447847.0,High Risk
V8744,Vendor_348_Ltd,Textiles,7,3986,877,552,135,740,4,2.29,7.0,46.0,0.1271,245855.0,NO
V4160,Vendor_936_Ltd,Office Supplies,6,3581,3351,2205,1156,2668,18,3.67,2.0,52.0,0.268,306901.0,1
V6387,Vendor_101_LLC,Machinery,1,4037,2811,607,59,1471,2,,,67.0,0.1131,416906.0,High
V9045,Vendor_941_Inc,Electronics,6,3252,1513,775,322,1019,3,4.69,8.0,17.0,0.0619,376808.0,0
V8775,Vendor_243_Corp,Raw Materials,25,4802,3525,2069,984,3514,14,2.77,6.0,34.0,0.1388,130210.0,1
V2442,Vendor_290_LLC,Automotive,15,825,323,248,305,272,18,4.78,1.0,6.0,0.0742,278566.0,High
V8754,Vendor_184_LLC,Electronics,24,4050,3512,570,2435,3072,24,4.14,7.0,54.0,0.1396,298292.0,
V7622,Vendor_499_Ltd,Textiles,11,4956,507,297,333,57,29,4.18,1.0,72.0,0.1099,462554.0,0
V8805,Vendor_374_Co,IT Hardware,14,4209,1637,1002,912,794,3,4.27,6.0,24.0,0.1302,224355.0,1
V5942,Vendor_753_Ltd,Automotive,7,298,239,12,189,217,6,2.46,4.0,47.0,0.1749,150272.0,low
V7963,Vendor_781_Co,Office ,20,1609,1240,551,756,97,11,3.51,3.0,34.0,0.1614,124455.0,
V9462,Vendor_477_Inc,Packaging,27,314,251,241,18,12,9,2.18,8.0,35.0,0.0564,404181.0,High
V5395,Vendor_565_Co,Electronics,2,4154,3291,3225,1275,1478,16,4.44,10.0,23.0,0.2209,142346.0,
V5342,Vendor_449_LLC,Machinery,6,2448,1285,1202,931,921,3,4.24,10.0,34.0,0.2615,56747.0,high
V1231,Vendor_793_Ltd,Packaging,13,1149,940,499,230,141,19,2.87,8.0,53.0,0.1886,291250.0,0
V5660,Vendor_554_Ltd,Chemicals,3,4325,1689,1017,1225,1576,16,4.21,4.0,32.0,0.1244,494218.0,0
V6217,Vendor_357_Co,Raw Materials,26,2580,1133,975,92,740,6,4.81,2.0,48.0,0.0259,378686.0,High
V9423,Vendor_671_Ltd,Raw Materials ,4,3856,127,21,29,53,16,4.02,9.0,32.0,0.1208,228348.0,Low Risk
V5149,Vendor_235_Co,IT Hardware,9,442,143,24,80,121,7,2.44,6.0,54.0,0.1257,336798.0,High Risk
V3083,Vendor_350_LLC,Machinery,29,4737,3053,252,319,104,24,2.47,2.0,28.0,0.1707,335258.0,YES
V2053,Vendor_120_LLC,Textiles,7,3859,3552,171,2990,260,2,4.65,5.0,35.0,0.0462,112233.0,High Risk
V6419,Vendor_489_Ltd,Raw Materials,22,827,171,86,165,129,10,3.93,10.0,40.0,0.0873,87907.0,NO
V4669,Vendor_576_Inc,IT Hardware,27,4958,1866,1474,713,1469,2,3.38,8.0,64.0,0.1773,34899.0,0
V1734,Vendor_257_Corp,Office Supplies,21,4685,3602,188,1972,441,25,2.65,10.0,23.0,0.1093,321736.0,NO
V6086,Vendor_232_Inc,Textiles,12,2609,2071,1825,2056,655,18,2.39,,28.0,0.167,173828.0,High
V5340,Vendor_359_Co,Automotive,11,3961,2930,198,135,1566,10,3.6,6.0,32.0,0.032,304383.0,YES
V9568,Vendor_484_Inc,Chemicals,15,3198,2217,2042,2,1466,24,4.04,2.0,60.0,0.2163,320927.0,low
V5927,Vendor_978_LLC,Food & Beverage,30,4416,3879,987,3478,923,2,3.69,7.0,72.0,0.159,204643.0,1
V4863,Vendor_773_Co,Raw Materials,29,2998,2625,2122,533,2591,25,2.8,10.0,25.0,0.0553,317543.0,
V9892,Vendor_813_Ltd,Machinery,19,3985,2894,1792,2289,1207,6,,6.0,60.0,0.0826,436866.0,Low Risk
V7434,Vendor_305_Co,Packaging,30,3822,2327,707,2058,1168,11,3.02,5.0,23.0,0.0435,1724.0,YES
V3708,Vendor_436_Inc,Packaging,15,2754,1314,243,104,929,28,2.02,8.0,72.0,0.1809,361499.0,YES
V8240,Vendor_592_LLC,Packaging,1,2689,1190,205,6,652,10,2.12,6.0,69.0,,387603.0,High Risk
V3463,Vendor_163_Ltd,Packaging,8,105,56,51,9,17,1,4.88,9.0,57.0,0.2614,77485.0,0
V1175,Vendor_534_Co,Office Supplies,16,480,43,18,35,31,16,3.55,9.0,16.0,0.1216,324111.0,1
V2255,Vendor_111_LLC,Food & Beverage,24,3525,3032,1171,2290,1832,1,2.81,4.0,49.0,0.2483,354033.0,High
V8961,Vendor_221_LLC,Raw Materials,30,1968,1718,1173,1508,58,29,2.5,8.0,70.0,0.2827,227321.0,Low Risk
V2941,Vendor_244_Inc,Raw Materials,13,3215,2272,929,436,2030,27,4.64,,45.0,0.0687,424769.0,NO
V8448,Vendor_147_Corp,Chem,4,1703,1060,739,794,961,23,4.91,5.0,34.0,0.1736,299928.0,0
V9116,Vendor_155_LLC,Food & Beverage,2,3017,1698,1316,1305,861,15,2.14,1.0,48.0,0.2915,462006.0,Low
V7339,Vendor_748_Corp,IT Hardware,25,4968,863,20,596,720,13,4.58,1.0,37.0,0.1078,181239.0,0
V5490,Vendor_274_LLC,Automotive,6,1199,1185,192,167,1112,9,3.44,9.0,25.0,0.0061,282266.0,1
V4232,Vendor_655_Co,Office Supplies,17,4862,696,423,550,329,2,3.54,2.0,33.0,0.0358,228504.0,High Risk
V7638,Vendor_536_Inc,Office Supplies,16,1580,610,338,45,152,8,3.6,7.0,51.0,0.252,469836.0,High
V4189,Vendor_675_Inc,Textiles,7,1693,1441,534,1230,535,7,3.43,10.0,66.0,,141808.0,Low Risk
V5327,Vendor_269_Ltd,Office Supplies,1,3664,3305,60,274,2914,7,N/A,9.0,59.0,0.2459,284404.0,0
V9563,Vendor_885_Inc,Office Supplies,10,1792,404,186,23,332,28,2.64,2.0,69.0,0.2597,303979.0,0
V3761,Vendor_459_Corp,Raw Materials,30,4498,926,738,868,852,7,2.68,9.0,64.0,0.1429,396017.0,
V4036,Vendor_255_Corp,Office Supplies,23,1928,48,36,44,9,30,2.93,2.0,64.0,0.128,481036.0,
V7790,Vendor_385_Corp,Food & Beverage,17,3512,884,607,852,461,5,4.02,10.0,31.0,,,low
V2302,Vendor_364_Ltd,Office Supplies,21,3152,1339,488,336,968,22,3.04,8.0,49.0,0.2434,103785.0,
V6821,Vendor_151_Corp,Office Supplies,26,114,99,80,68,64,20,3.86,10.0,7.0,0.2671,235243.0,high
V5068,Vendor_478_Co,Food & Beverage,3,245,74,33,30,57,1,3.41,6.0,51.0,0.2061,374993.0,
V6149,Vendor_635_Inc,Textiles,28,2829,2637,638,2404,2052,30,3.46,3.0,,0.1446,254754.0,high
V2753,Vendor_860_Co,Raw Materials ,9,2462,424,68,135,59,10,3.81,6.0,27.0,0.2062,448171.0,High
V4032,Vendor_426_Corp,Machinery,16,4771,3909,1901,402,2199,4,3.33,8.0,26.0,0.03,310002.0,1
V9951,Vendor_799_LLC,Food & Beverage,25,2602,540,396,430,374,3,2.05,2.0,2.0,,21880.0,0
V2430,Vendor_182_Ltd,Office Supplies,10,3025,2757,268,771,1875,3,2.33,5.0,15.0,0.2091,261219.0,0
V7139,Vendor_978_Corp,Automotive,6,2692,969,538,849,107,16,2.44,4.0,66.0,0.2611,229899.0,High
V3953,Vendor_828_Co,IT Hardware,15,2031,622,191,93,208,26,2.4,8.0,26.0,0.0859,437742.0,high
V4308,Vendor_273_Inc,Office Supplies,2,3261,2419,2035,545,670,9,2.72,1.0,52.0,0.0717,34593.0,Low Risk
V5842,Vendor_416_Ltd,IT Hardware,15,2474,958,21,280,778,18,3.88,5.0,19.0,0.2389,295975.0,high
V5934,Vendor_899_Inc,Electronics,15,3020,2537,644,1051,1147,14,4.95,5.0,59.0,0.1584,470498.0,High Risk
V9286,Vendor_230_Ltd,Food & Beverage,5,4020,2997,1707,667,591,23,3.54,9.0,16.0,0.2083,239777.0,low
V6170,Vendor_794_Co,Textiles,6,952,607,578,384,276,21,2.79,4.0,71.0,0.0834,302307.0,NO
V8111,Vendor_340_Ltd,Automotive,24,1033,169,99,84,66,2,3.07,5.0,42.0,0.1351,320068.0,Low
V4613,Vendor_447_Co,Food & Beverage,4,4785,3950,2319,2368,48,16,4.79,2.0,63.0,0.2098,101792.0,0
V9868,Vendor_325_Ltd,IT Hardware,30,4525,1895,6,57,569,21,2.68,4.0,11.0,0.2297,303332.0,0
V8279,Vendor_339_Co,Food & Beverage,13,2649,68,46,5,41,24,3.84,2.0,45.0,0.1284,489365.0,low
V8254,Vendor_294_Corp,Machinery,6,4648,2785,152,1651,1433,18,3.02,6.0,48.0,0.0415,245013.0,High
V9384,Vendor_886_Ltd,Chemicals,7,292,111,1,32,93,29,4.22,10.0,15.0,0.1543,247582.0,0
V5975,Vendor_992_Inc,IT Hardware,26,2860,224,193,215,207,18,3.44,4.0,46.0,0.2473,36512.0,1
V8218,Vendor_572_Inc,Textiles,17,3852,3702,3420,794,1506,17,3.26,3.0,26.0,0.2404,73560.0,High
V8869,Vendor_406_LLC,Office Supplies,27,2532,2373,75,579,854,14,3.72,3.0,36.0,0.1871,52206.0,High Risk
V1856,Vendor_495_Co,Food & Beverage,11,3862,1765,562,11,14,17,4.36,7.0,68.0,0.2568,153657.0,YES
V8432,Vendor_449_LLC,Packaging,10,761,543,220,385,429,24,2.97,10.0,11.0,0.265,82568.0,0
V2377,Vendor_791_Co,Chemicals,8,1594,325,53,138,57,26,4.28,8.0,7.0,0.0282,375861.0,High
V2572,Vendor_856_LLC,IT Hardware,12,1215,570,240,257,148,26,4.23,10.0,56.0,0.0978,230205.0,0
V6054,Vendor_285_Corp,Electronics,18,4735,1250,386,303,422,20,4.83,1.0,17.0,0.162,37315.0,Low
V6184,Vendor_691_Ltd,Food & Beverage,27,2358,408,216,399,106,19,3.12,7.0,10.0,0.1041,23799.0,Low Risk
V6984,Vendor_973_Co,Automotive,18,974,193,141,145,183,15,3.01,10.0,2.0,0.2715,387733.0,
V7286,Vendor_195_Co,Chemicals,3,4678,2842,957,949,2200,27,2.2,9.0,25.0,0.1826,9515.0,Low Risk
V2223,Vendor_420_Co,Packaging,7,859,415,148,195,38,29,2.12,10.0,54.0,0.2618,,low
V7417,Vendor_559_Co,Chemicals,26,227,143,50,139,107,28,2.02,3.0,55.0,0.1021,82516.0,1
V2575,Vendor_890_Co,Raw Materials,14,3395,1974,1623,233,1677,2,4.7,2.0,18.0,0.1164,302464.0,low
V8829,Vendor_335_LLC,Food & Beverage,15,4404,332,324,277,92,20,3.83,8.0,27.0,0.0211,182756.0,High Risk
V9798,Vendor_370_Co,Automotive,20,924,164,95,139,46,29,2.25,10.0,39.0,0.249,188819.0,1
V9869,Vendor_857_LLC,Machinery,10,1482,1390,984,1267,1020,29,2.84,8.0,44.0,0.1338,320788.0,Low Risk
V2598,Vendor_683_Corp,Electronics,24,902,421,203,191,420,15,2.18,9.0,52.0,0.2253,35458.0,1
V3230,Vendor_160_Corp,Chemicals,19,1487,1473,274,575,1349,15,2.95,8.0,29.0,0.123,28753.0,1
V5074,Vendor_829_Co,Textiles,28,2322,1530,975,895,108,23,2.21,1.0,70.0,0.0811,494820.0,YES
V6963,Vendor_492_LLC,Office Supplies,30,370,6,1,0,3,28,2.11,7.0,29.0,0.0965,219238.0,NO
V4796,Vendor_198_Corp,Food & Beverage,30,563,46,1,46,10,22,3.43,4.0,31.0,0.0316,462769.0,0
V7307,Vendor_398_LLC,IT Hardware,10,1785,1519,852,36,1278,12,3.9,4.0,35.0,0.2685,259422.0,1
V7480,Vendor_659_Inc,Office Supplies,7,3379,2385,980,2354,722,10,2.75,1.0,2.0,0.1633,242013.0,
V9845,Vendor_202_Co,Machinery,15,2779,591,59,211,565,27,4.85,7.0,66.0,0.0903,53280.0,High Risk
V5725,Vendor_697_Corp,Textiles,24,4237,2523,1602,255,1844,20,3.57,2.0,41.0,0.0981,229396.0,1
V8796,Vendor_706_Ltd,Automotive,1,4479,2224,447,1421,1584,17,3.3,5.0,60.0,0.1222,179148.0,NO
V3252,Vendor_922_Co,Automotive,6,1861,1139,233,760,317,27,2.01,,61.0,0.1447,107716.0,High Risk
V3210,Vendor_126_Ltd,IT Hardware,27,4807,2926,512,2559,1567,5,4.6,8.0,42.0,0.0717,292193.0,1
V4309,Vendor_465_Co,Electronics,1,3050,135,12,7,117,16,2.91,2.0,21.0,0.0683,202236.0,high
V9908,Vendor_165_Corp,Electronics,1,169,83,30,76,0,2,3.45,8.0,70.0,0.0709,460940.0,1
V9728,Vendor_169_Co,Electronics,12,1885,1436,1232,987,154,21,3.73,5.0,56.0,0.1504,413783.0,Low Risk
V8443,Vendor_997_Corp,Food & Beverage,8,2464,1714,673,332,214,30,2.01,4.0,30.0,0.14,112745.0,
V7445,Vendor_659_Co,Chemicals,4,2723,1954,792,100,500,27,4.87,8.0,32.0,0.1151,140121.0,low
V9288,Vendor_348_LLC,Machinery,25,3041,2317,1925,1215,1572,13,4.62,3.0,65.0,0.1043,45952.0,0
V6372,Vendor_776_Inc,Chemicals,15,4478,2406,1315,420,327,20,4.15,3.0,57.0,0.1055,23206.0,NO
V1130,Vendor_652_LLC,Food & Beverage,17,1562,874,55,201,429,4,,8.0,46.0,0.2093,146221.0,Low Risk
V4030,Vendor_207_Ltd,Electronics,13,823,503,432,223,29,2,4.85,10.0,,0.1576,325242.0,High Risk
V3125,Vendor_694_Ltd,Food & Beverage,9,4616,4057,3460,531,2624,4,3.68,6.0,24.0,0.1082,423704.0,High
V3385,Vendor_546_Inc,Packaging,24,2909,562,39,152,133,18,2.35,7.0,49.0,0.2884,445094.0,0
V3137,Vendor_288_LLC,Electronics,12,2286,153,8,81,59,13,2.42,1.0,13.0,0.2883,388532.0,Low Risk
V8272,Vendor_627_Co,Electronics,19,1311,376,217,221,222,23,4.06,8.0,51.0,0.0257,208184.0,Low
V1573,Vendor_716_Inc,Food & Beverage,10,4020,3609,415,2370,1876,30,4.28,6.0,36.0,0.0073,229848.0,Low Risk
V3540,Vendor_607_Co,Automotive,3,341,262,174,237,114,10,3.4,2.0,62.0,0.0901,67998.0,YES
V1220,Vendor_801_Co,Food & Beverage,19,3399,897,765,580,384,11,2.47,6.0,46.0,0.0547,164557.0,0
V4397,Vendor_667_Co,Machinery,7,2807,996,309,42,937,7,2.31,6.0,13.0,0.1536,56260.0,high
V7577,Vendor_406_Inc,Chemicals,30,2191,1994,885,1915,1224,27,2.92,7.0,51.0,0.1553,312447.0,Low Risk
V1116,Vendor_677_LLC,Raw Materials,21,581,194,129,113,82,1,4.2,2.0,62.0,,369233.0,Low
V6751,Vendor_386_Inc,Machinery,4,66,27,6,12,27,21,3.02,5.0,32.0,0.0902,311133.0,
V3938,Vendor_955_LLC,Electronics,21,1604,509,501,307,396,30,3.48,2.0,43.0,0.0267,-10000.0,high
V2864,Vendor_913_LLC,Machinery,9,448,54,0,8,4,2,3.35,2.0,34.0,0.2826,226262.0,YES
V4359,Vendor_568_Inc,Food & Beverage,25,2750,494,310,24,293,15,4.94,8.0,49.0,0.1972,16534.0,YES
V2096,Vendor_166_Corp,Chemicals,29,2294,1787,1141,1437,864,22,,7.0,65.0,0.2758,476328.0,0
V7007,Vendor_507_Inc,Raw Materials,23,1496,1330,768,426,503,13,3.91,10.0,71.0,0.1992,260690.0,0
V1194,Vendor_384_Inc,Packaging,6,3203,302,252,155,225,25,2.43,3.0,6.0,0.108,410852.0,high
V3899,Vendor_666_Corp,Office Supplies,19,2446,503,313,18,44,3,2.91,10.0,,0.2878,77318.0,
V7280,Vendor_336_Inc,Chemicals,23,4285,1560,1259,809,565,24,3.93,8.0,Fast,0.1828,120159.0,Low Risk
V3008,Vendor_606_Co,IT Hardware,28,2739,523,93,91,53,6,2.16,8.0,5.0,0.1054,257331.0,low
V7297,Vendor_810_Ltd,Machinery,15,3007,1689,1049,960,1479,23,3.79,10.0,47.0,0.1149,273964.0,
V4640,Vendor_491_Corp,Electronics,14,2450,1899,191,177,1212,1,4.8,3.0,60.0,0.1458,20541.0,Low
V8285,Vendor_493_Inc,Machinery,25,1865,450,109,266,94,10,3.62,1.0,23.0,0.2077,303242.0,high
V1720,Vendor_617_Corp,Automotive,6,813,741,675,235,564,8,3.64,4.0,37.0,0.0104,265229.0,NO
V2047,Vendor_268_Corp,Packaging,9,3587,442,320,265,170,2,2.8,4.0,40.0,0.105,380171.0,low
V1800,Vendor_249_Inc,Raw Materials,8,136,66,9,46,6,12,4.76,6.0,51.0,0.2043,65368.0,1
V9907,Vendor_310_Ltd,Packaging,29,1012,672,78,78,256,30,4.58,8.0,39.0,0.2824,410053.0,High Risk
V1254,Vendor_100_Ltd,Raw Materials,7,638,564,161,163,267,17,3.14,5.0,55.0,0.278,28788.0,0
V6563,Vendor_271_Inc,Food & Beverage,10,4530,739,259,464,512,28,2.91,3.0,1.0,0.0564,318565.0,High
V6831,Vendor_145_Corp,Raw Materials,10,1735,1266,58,8,367,15,2.77,8.0,23.0,0.1851,29738.0,NO
V2359,Vendor_987_Co,Office Supplies,13,1044,711,314,463,446,27,4.82,9.0,25.0,0.0425,357816.0,1
V5899,Vendor_960_Corp,IT Hardware,6,315,200,164,25,49,23,3.37,4.0,29.0,0.1699,347976.0,High
V5226,Vendor_963_Inc,Food & Beverage,12,4127,2355,2231,302,433,17,4.16,4.0,69.0,0.2652,493331.0,High Risk
V9257,Vendor_473_Corp,Raw Materials,12,1083,402,180,32,187,7,4.04,2.0,57.0,,381546.0,YES
V2493,Vendor_683_Inc,Electronics,12,2879,1022,808,525,344,30,3.21,5.0,45.0,0.1901,479865.0,Low Risk
V9005,Vendor_998_Ltd,Textiles,18,509,195,70,178,156,20,3.41,10.0,8.0,0.0637,381975.0,1
V4416,Vendor_844_Ltd,Electronics,15,2345,1504,28,722,1070,6,2.45,Good,65.0,0.0846,304157.0,Low Risk
V1142,Vendor_982_Corp,Packaging,28,805,805,66,87,21,3,2.94,6.0,26.0,0.2231,112679.0,High
V8252,Vendor_383_Co,Electronics ,8,1806,479,153,418,227,7,4.86,,19.0,0.0469,454671.0,NO
V3348,Vendor_366_Ltd,Chemicals,7,3176,1328,439,8,1187,1,4.73,2.0,29.0,0.0387,91861.0,Low
V8029,Vendor_209_Ltd,Automotive,20,4064,634,328,589,356,27,3.69,8.0,41.0,0.0052,161361.0,High Risk
V8135,Vendor_488_Ltd,Automotive,10,2552,1004,793,855,559,15,2.12,8.0,20.0,0.1166,388040.0,0
V7344,Vendor_789_Corp,Automotive,15,4722,2335,1689,1815,132,9,3.85,2.0,20.0,0.0449,453366.0,High Risk
V2215,Vendor_916_Co,Electronics,5,2640,1952,1121,112,833,5,2.74,2.0,51.0,0.1435,287835.0,YES
V8284,Vendor_888_LLC,Raw Materials,21,4219,931,43,766,473,3,2.83,7.0,1.0,0.2882,446802.0,high
V3271,Vendor_166_Ltd,IT Hardware,28,2199,1193,1077,146,582,9,2.47,9.0,13.0,0.1489,118331.0,NO
V4155,Vendor_321_Inc,Electronics,11,352,279,61,137,8,2,3.66,2.0,7.0,0.1017,498482.0,NO
V1732,Vendor_982_Ltd,Chemicals,27,4416,1310,341,1159,1300,4,3.82,7.0,42.0,0.1668,155883.0,0
V7624,Vendor_841_LLC,Food & Beverage,30,3988,118,49,43,85,5,4.94,9.0,4.0,0.2721,311322.0,Low Risk
V3263,Vendor_192_LLC,Raw Materials,7,4563,1890,346,725,1447,23,4.04,4.0,7.0,0.1523,118907.0,Low Risk
V5980,Vendor_615_Ltd,Textiles,27,3962,1213,904,722,1125,28,2.26,3.0,62.0,0.1861,156376.0,1
V6272,Vendor_557_Inc,Office Supplies,22,2346,861,780,673,680,30,3.85,6.0,45.0,0.2983,475292.0,NO
V2101,Vendor_987_LLC,IT Hardware,22,4647,1530,412,1346,1071,22,4.34,5.0,18.0,0.2198,149015.0,NO
V4822,Vendor_693_Co,Office Supplies,1,989,844,255,209,500,4,3.31,2.0,33.0,0.2281,156820.0,
V1584,Vendor_458_Inc,IT Hardware,24,3439,2736,2167,641,2193,5,4.38,1.0,56.0,0.0454,358097.0,Low Risk
V9656,Vendor_995_Corp,Electronics,19,3159,2118,517,227,1232,8,4.73,1.0,45.0,0.0892,151934.0,NO
V6540,Vendor_685_Co,Raw Materials,24,2985,1454,716,1108,1024,29,4.54,9.0,8.0,0.0659,141401.0,low
V1299,Vendor_541_Corp,IT Hardware,23,4811,1985,820,953,1750,28,4.24,6.0,2.0,0.0007,275719.0,1
V1376,Vendor_401_Inc,Food & Beverage,20,4923,1996,228,1117,1859,10,4.96,6.0,5.0,0.2392,362314.0,Low
V7228,Vendor_960_Ltd,Raw Materials,15,1967,811,97,448,154,27,3.64,5.0,,0.2737,470243.0,High
V3669,Vendor_281_Ltd,IT Hardware,7,1487,1326,577,43,635,3,2.43,7.0,32.0,0.1365,339228.0,high
V9200,Vendor_503_LLC,Automotive,4,3591,938,31,150,721,3,3.65,4.0,16.0,0.1764,361497.0,High Risk
V4922,Vendor_361_LLC,Food & Beverage,2,3036,1482,1161,1067,1308,6,2.86,2.0,6.0,0.1052,266610.0,1
V7071,Vendor_175_Ltd,Packaging,16,278,117,117,7,49,22,2.28,2.0,16.0,0.1663,26200.0,YES
V1072,Vendor_308_LLC,Raw Materials,7,3493,1667,412,1056,22,28,4.31,8.0,48.0,0.1594,240632.0,High Risk
V5648,Vendor_838_Inc,Office Supplies,4,2902,817,718,139,695,10,3.2,1.0,3.0,0.0852,270322.0,1
V8634,Vendor_118_Corp,Textiles,19,3735,298,182,272,236,7,3.03,8.0,33.0,0.2214,95001.0,high
V9996,Vendor_202_Corp,Office Supplies,1,15,4,0,1,1,25,4.74,10.0,55.0,0.1188,250946.0,high
V8435,Vendor_544_Inc,IT Hardware,8,3766,1984,609,388,715,19,4.66,7.0,20.0,0.0239,269565.0,1
V6022,Vendor_347_Ltd,Chemicals,27,893,507,73,468,36,7,3.63,2.0,25.0,0.0071,17304.0,High
V3707,Vendor_562_Corp,Food & Beverage,17,3157,630,212,5,608,29,,7.0,69.0,0.1789,23645.0,
V6280,Vendor_547_LLC,Machinery,24,2043,477,425,89,390,23,4.9,10.0,38.0,0.1749,479134.0,1
V3245,Vendor_277_LLC,Office Supplies,19,4779,761,677,512,396,23,4.8,7.0,64.0,0.1215,349841.0,High Risk
V1927,Vendor_832_Corp,Raw Materials,26,2609,2309,479,410,116,5,4.23,9.0,28.0,0.1948,21397.0,0
V2681,Vendor_513_Ltd,Electronics,18,982,509,381,334,9,18,2.0,2.0,39.0,0.267,295824.0,1
V9275,Vendor_583_Corp,Machinery,1,4730,2045,1763,2,1792,25,2.31,2.0,,0.1568,15004.0,High
V6831,Vendor_933_Co,Textiles,21,4075,1492,1457,1111,1435,-5,4.2,9.0,65.0,0.0277,489946.0,low
V9197,Vendor_605_LLC,Automotive,7,3254,454,445,142,291,22,4.22,10.0,23.0,0.0196,68238.0,NO
V3793,Vendor_263_Inc,IT Hardware,5,3715,2039,971,653,1627,1,3.26,7.0,45.0,0.1628,75323.0,Low 
V6038,Vendor_907_Inc,Food & Beverage,23,2393,966,732,190,286,10,4.48,5.0,24.0,0.0945,187076.0,YES
V5331,Vendor_140_Inc,Office ,29,3445,205,105,178,59,7,2.11,6.0,60.0,0.0558,297415.0,Low
V2553,Vendor_116_Ltd,Food & Beverage,5,1425,309,303,94,111,9,3.01,1.0,64.0,0.1177,160133.0,High Risk
V6892,Vendor_304_LLC,Food & Beverage,5,983,877,5,741,578,15,4.41,1.0,56.0,0.1191,194253.0,High
V6864,Vendor_554_Ltd,Packaging,2,44,5,1,1,5,22,4.04,7.0,37.0,0.2692,302799.0,1
V4442,Vendor_403_Co,Packaging,9,4640,3734,621,681,1586,22,2.07,4.0,2.0,0.1827,136172.0,YES
V4215,TBD,Electronics,28,4630,2923,393,1556,1932,11,3.07,4.0,69.0,0.1,120316.0,high
V9769,,Electronics,14,1091,649,28,66,556,20,3.2,8.0,64.0,0.1219,495181.0,NO
V8523,Vendor_834_Inc,Electronics,3,3575,2648,295,629,97,3,2.16,5.0,72.0,0.0211,431765.0,1
V9581,Vendor_451_Co,Food & Beverage,7,4401,3441,3089,257,143,12,3.5,8.0,38.0,0.2488,498493.0,NO
V3778,Vendor_276_Corp,Textiles,26,4855,3129,1145,2734,2801,27,4.3,10.0,20.0,0.1015,,High Risk
V2733,Vendor_725_Co,Food & Beverage,29,4154,1805,1144,1722,1753,20,2.39,7.0,43.0,0.0008,445419.0,
V8045,Vendor_257_Ltd,IT Hardware,28,2179,1099,416,973,859,17,3.8,8.0,23.0,0.0503,213418.0,Low
V8831,Vendor_272_Inc,Office Supplies,22,2319,219,111,145,83,2,2.47,6.0,65.0,0.186,239000.0,low
V7897,Vendor_508_Inc,Electronics,9,3163,929,823,325,280,10,2.58,4.0,63.0,0.2799,406320.0,0
V1184,Vendor_483_Ltd,Chemicals,10,692,555,357,361,278,17,3.46,1.0,29.0,0.2688,46003.0,NO
V8054,Vendor_528_Co,Chemicals,18,2701,1978,903,764,271,30,2.15,2.0,55.0,0.0589,247352.0,High Risk
V8357,Vendor_252_Inc,Raw Materials,26,1097,283,258,235,230,20,3.99,7.0,50.0,0.0698,208301.0,Low
V9508,Vendor_177_LLC,Electronics,2,4373,600,581,402,318,1,4.39,4.0,70.0,0.1707,358125.0,1 
V8099,Vendor_628_Inc,IT Hardware,2,4689,2387,182,1778,1345,26,2.17,8.0,1.0,0.2666,490445.0,high
V6770,Vendor_215_Corp,Electronics,29,3885,3061,235,589,1862,12,4.71,7.0,71.0,0.1462,224486.0,Low Risk
V5172,Vendor_608_Inc,Raw Materials,21,2845,856,139,394,781,23,2.78,3.0,35.0,0.0042,395557.0,High
V8470,Vendor_865_LLC,Textiles,3,1796,511,202,240,444,10,4.16,1.0,37.0,0.1497,218080.0,1
V1390,Vendor_114_Ltd,Raw Materials,7,4303,1304,251,643,1153,28,4.91,,38.0,0.2155,498064.0,High Risk
V9376,Vendor_669_Co,IT Hardware,5,2589,88,88,35,70,4,2.11,6.0,20.0,0.0415,193457.0,Low Risk
V2640,Vendor_419_Ltd,Machinery,20,2283,2082,289,1385,1954,16,2.08,1.0,26.0,0.0994,493174.0,
V9615,Vendor_758_Co,Food & Beverage,2,4115,1157,263,419,922,11,3.97,5.0,9.0,0.1164,26939.0,high
V5733,Vendor_191_LLC,Textiles,10,2032,1246,218,468,805,3,2.01,7.0,3.0,0.0672,224675.0,
V7670,Vendor_668_Corp,Machinery,29,1524,1485,977,404,1148,8,4.78,8.0,17.0,0.2664,85601.0,YES
V2894,Vendor_475_Co,IT Hardware,5,4202,3305,219,2910,535,16,3.82,4.0,59.0,,482459.0,1
V3565,Vendor_473_Inc,Office Supplies,27,1590,997,257,42,730,25,4.36,5.0,5.0,0.199,31625.0,1
V4324,Vendor_279_Corp,Packaging,12,1989,632,621,578,440,8,3.95,4.0,60.0,0.2591,169012.0,1
V4253,Vendor_850_Corp,Food & Beverage,27,4832,2591,400,142,14,25,3.21,3.0,1.0,0.111,428598.0,High
V6857,Vendor_975_Inc,Automotive,21,4683,2450,736,1575,406,20,3.39,9.0,70.0,0.2187,353119.0,YES
V3186,Vendor_673_Inc,Packaging,6,1347,213,45,180,90,24,4.66,3.0,65.0,0.0222,114519.0,
V5414,Vendor_870_Inc,Machinery ,6,4632,4410,1888,1003,1034,29,3.74,8.0,43.0,0.2254,206951.0,Low
V4759,Vendor_717_LLC,Electronics,6,823,682,228,509,50,23,2.83,9.0,24.0,0.0256,323322.0,1
V5229,Vendor_408_Co,Chemicals,25,2574,757,629,424,263,8,4.4,7.0,70.0,0.1305,60226.0,1
V2228,Vendor_183_LLC,IT Hardware,4,951,372,14,16,48,11,2.92,1.0,40.0,0.0849,393892.0,1
V8904,Vendor_283_Inc,Automotive,18,1678,846,565,802,570,16,2.76,5.0,45.0,0.2323,209734.0,NO
V5134,Vendor_651_Co,Raw Materials,29,2465,190,112,126,188,29,4.65,9.0,20.0,0.2795,147218.0,1
V6241,Vendor_624_Co,Automotive,17,2115,501,241,217,166,5,2.66,10.0,9.0,0.1228,77015.0,low
V9713,Vendor_782_Co,Automotive,6,4076,368,219,281,84,3,3.61,3.0,38.0,0.0856,287995.0,0
V8881,Vendor_923_Ltd,Textiles,29,4083,1051,145,886,562,7,4.46,2.0,6.0,0.2072,469038.0,1
V8864,Vendor_879_Corp,Office Supplies,10,2768,1746,178,788,1477,9,2.86,4.0,72.0,0.04,495974.0,Low
V1023,Vendor_294_Corp,Office Supplies,20,2380,678,636,338,384,7,4.05,10.0,44.0,0.2612,258094.0,YES
V1679,Vendor_233_Inc,Office Supplies,13,4322,3985,863,479,2759,26,2.89,10.0,55.0,0.2658,300835.0,High
V7484,Vendor_722_Ltd,Raw Materials,7,2394,1043,550,704,144,16,2.04,5.0,4.0,0.2476,351835.0,High
V2770,Vendor_744_Inc,Chemicals,13,2546,1891,124,352,790,999,3.31,3.0,1.0,0.1451,367481.0,0
V2888,Vendor_262_Ltd,Raw Materials,6,3689,527,228,72,117,18,2.98,5.0,51.0,0.0854,151176.0,High
V6298,Vendor_581_LLC,Raw Materials,25,2942,1660,1632,131,1165,23,4.64,8.0,67.0,0.2967,318880.0,High
V6270,Vendor_980_LLC,Automotive,19,2632,2213,1462,315,550,5,2.29,9.0,61.0,0.1606,55949.0,
V5252,Vendor_851_LLC,Raw Materials,23,460,243,51,242,73,21,4.4,3.0,11.0,0.0269,420817.0,high
V7260,Vendor_195_Inc,Raw Materials,1,2684,2611,1776,374,797,29,4.31,4.0,64.0,0.0774,333820.0,Low Risk
V2389,Vendor_767_Inc,IT Hardware,16,2525,2455,698,263,115,14,2.71,4.0,27.0,0.1416,92236.0,High Risk
V4441,Vendor_335_LLC,Textiles,11,2117,587,249,372,30,29,4.57,5.0,12.0,0.1622,463731.0,1
V1179,Vendor_853_Inc,Office Supplies,10,3979,3686,24,332,731,6,3.97,6.0,28.0,0.1223,10734.0,Low Risk
V4019,Vendor_888_Ltd,Packaging,23,3037,1057,828,780,267,10,2.16,7.0,43.0,0.1811,182940.0,1
V5565,Vendor_163_Corp,Packaging,27,1552,399,239,1,57,5,4.44,9.0,9.0,0.0074,491760.0,Low
V1212,Vendor_611_Corp,Textiles,16,397,58,48,13,41,12,2.57,3.0,15.0,0.1167,421728.0,NO
V8805,Vendor_339_Corp,Machinery,14,3562,2451,48,148,2077,-5,4.9,1.0,60.0,0.1405,223180.0,low
V3593,Vendor_681_Inc,Food & Beverage,23,3048,2308,1485,1192,1256,15,4.02,3.0,17.0,0.044,154266.0,high
V6474,Vendor_530_Ltd,Chemicals,9,738,154,16,71,93,27,4.17,8.0,59.0,0.0449,2837.0,High Risk
V2886,Vendor_395_Corp,Office Supplies,16,4860,1950,666,921,1122,16,2.07,6.0,31.0,0.0581,461534.0,High Risk
V7347,Vendor_609_Co,IT Hardware,3,3664,2844,1553,755,638,30,4.61,7.0,54.0,0.026,265452.0,YES
V9470,Vendor_449_Corp,Electronics,7,323,265,44,168,150,3,2.15,Bad,57.0,0.2235,,1
V2452,Vendor_186_Corp,Machinery,26,3329,1520,245,221,1053,7,4.38,10.0,69.0,0.0516,283395.0,0
V2806,Vendor_389_Ltd,Machinery,27,3743,1177,694,411,941,5,2.13,4.0,11.0,0.1829,,High
V9156,Vendor_385_Co,Automotive,3,221,15,13,5,2,20,2.06,10.0,50.0,0.0082,468029.0,high
V8313,Vendor_276_Corp,Electronics,28,2005,1700,1125,1361,270,25,2.94,4.0,32.0,0.0842,32513.0,1
V7835,Vendor_581_LLC,Packaging,16,1588,24,13,6,11,15,3.12,10.0,38.0,0.0499,319759.0,High Risk
V3069,Vendor_616_Corp,IT Hardware,26,1307,895,236,101,727,13,4.53,5.0,71.0,0.0477,170032.0,1 
V2359,Vendor_987_Co,Chemicals,25,3885,1180,1162,845,925,30,3.49,2.0,,0.1098,422985.0,0
V2598,Vendor_207_Co,Office Supplies,4,3148,1274,484,1214,345,7,2.67,10.0,15.0,0.2808,320622.0,NO
V1084,Vendor_103_Ltd,Textiles,18,2145,165,131,113,26,20,2.18,5.0,13.0,0.1458,282174.0,0
V4082,Vendor_538_Ltd,Textiles,14,4213,2728,1784,826,2195,12,4.32,1.0,27.0,0.0241,2705.0,1
V7330,Vendor_279_Ltd,Office Supplies,8,3899,928,4,534,367,20,3.92,5.0,12.0,0.283,47411.0,1
V7386,Vendor_634_Ltd,Food & Beverage,15,1666,570,50,410,303,11,2.41,5.0,1.0,0.0225,372374.0,Yes
V1983,Vendor_923_LLC,Electronics,26,4035,1209,605,654,305,26,3.99,8.0,50.0,0.2295,463268.0,High
V5766,Vendor_374_Co,Machinery,29,4017,2461,1687,961,118,28,4.35,1.0,72.0,0.2315,138156.0,YES
V4072,Vendor_139_LLC,Office Supplies,7,4912,849,448,598,567,25,4.45,2.0,7.0,0.1874,268098.0,low
V3320,Vendor_265_Co,Electronics,21,1083,297,107,110,78,4,4.26,5.0,33.0,0.2991,,High Risk
V8590,Vendor_437_LLC,,16,1459,896,150,275,796,12,3.81,3.0,50.0,0.1466,,0
V4870,Vendor_488_LLC,IT Hardware,25,1620,957,62,701,126,24,3.83,7.0,44.0,0.2758,99999999.0,High
V9609,Vendor_737_Inc,Chemicals,25,4891,2805,1742,549,1366,10,4.09,6.0,26.0,0.0278,25006.0,Low
V7741,Vendor_493_Co,IT Hardware,7,4506,3815,3287,2765,270,9,3.95,1.0,43.0,0.2557,179598.0,high
V2858,Vendor_584_LLC,Automotive,20,2921,1059,354,51,206,20,2.38,5.0,54.0,0.2596,46512.0,Low Risk
V1058,Vendor_928_Inc,Automotive,2,1933,135,113,133,29,6,3.58,4.0,43.0,0.2097,147108.0,1
V4434,Vendor_901_Co,Packaging,30,362,144,62,1,34,10,2.96,5.0,67.0,0.0196,430623.0,
V9020,Vendor_929_Corp,Food & Beverage,14,4763,3570,2387,643,2587,19,2.59,4.0,15.0,0.2649,194091.0,0
V8738,Vendor_775_Co,Automotive,15,1003,867,540,817,52,11,2.81,10.0,38.0,0.2733,173325.0,1
V7892,Vendor_607_Inc,Machinery,23,3876,3351,2256,1880,2106,13,4.75,1.0,36.0,0.2501,165311.0,
V8031,Vendor_189_Corp,Electronics,22,4989,1950,796,58,596,5,2.26,8.0,40.0,0.1562,323303.0,
V5324,Vendor_322_LLC,Raw Materials,18,4604,812,237,366,642,28,4.31,3.0,54.0,0.0872,183028.0,0
V3740,Vendor_606_Ltd,Machinery,23,1210,615,469,103,371,13,3.14,9.0,62.0,,290693.0,Low Risk
V4472,Vendor_499_Corp,Automotive,15,3753,925,322,504,101,15,2.76,,66.0,0.273,311545.0,Low
V3627,Vendor_866_Co,Textiles,19,3223,1093,594,514,430,3,2.76,3.0,1.0,0.1895,243949.0,YES
V5790,Vendor_170_Ltd,Automotive,27,4042,1010,612,761,742,24,3.36,4.0,6.0,0.243,42174.0,0
V6674,Vendor_862_Ltd,Raw Materials,6,38,3,2,3,1,1,4.95,8.0,28.0,0.243,92535.0,
V8509,Vendor_834_Corp,Office Supplies,15,1893,299,218,80,114,24,2.96,,31.0,0.1294,188953.0,High Risk
V9023,Vendor_337_Corp,IT Hardware,21,4063,418,126,246,248,21,3.0,2.0,39.0,0.1903,414467.0,high
V7643,Vendor_946_Ltd,Automotive,11,2771,1208,1162,395,359,3,3.2,2.0,24.0,0.2945,251323.0,Low
V6534,Vendor_846_Inc,Office Supplies,28,3619,1379,206,741,1139,28,2.66,5.0,46.0,0.2027,412860.0,1
V9667,Vendor_420_Inc,Raw Materials,13,4717,273,250,221,91,29,4.11,2.0,47.0,,410255.0,1
V2346,Vendor_894_Co,Packaging,15,3988,3836,1429,2926,3371,29,3.27,8.0,60.0,0.0803,60818.0,
V3027,Vendor_657_Corp,IT Hardware,7,4320,3821,2954,3598,3225,8,3.78,4.0,64.0,0.065,213333.0,YES
V5888,Vendor_233_Inc,Raw Materials,23,4672,271,249,7,117,20,Poor,1.0,16.0,0.1657,387606.0,Low
V1290,Vendor_121_LLC,Office Supplies,13,4977,4680,4302,2471,1196,26,2.99,4.0,7.0,0.2635,481175.0,0
V7353,Vendor_245_Corp,Raw Materials,14,235,169,142,30,125,16,2.33,4.0,6.0,0.0796,366150.0,Low
V4655,Vendor_748_Inc,Raw Materials,23,2069,220,128,156,202,23,4.58,4.0,25.0,0.2227,51901.0,Low
V4362,Vendor_934_LLC,Food & Beverage,9,3794,3403,1706,743,1748,19,4.75,6.0,49.0,0.0363,283381.0,Low
V2270,Vendor_624_LLC,Chemicals,27,1369,795,303,83,549,21,3.32,1.0,4.0,0.0376,171288.0,
V2867,Vendor_114_Co,Food & Beverage,8,1355,934,242,916,130,16,3.35,5.0,23.0,0.297,155023.0,High
V1972,Vendor_846_LLC,Raw Materials,10,3959,1518,1385,1005,312,23,2.59,1.0,52.0,0.0303,124906.0,
V5745,Vendor_307_Ltd,Food & Beverage,30,4733,4517,2777,2046,1262,19,2.45,2.0,44.0,0.1424,83131.0,YES
V6525,Vendor_477_Ltd,Food & Beverage,29,3448,1862,1187,1690,781,8,2.56,9.0,25.0,0.1165,,1
V5395,Vendor_999_Corp,Packaging,27,1406,673,366,448,636,11,2.55,7.0,52.0,0.2887,143518.0,high
V7604,Vendor_138_Co,Raw Materials,22,2447,2186,161,278,1101,10,2.76,9.0,46.0,0.0654,7852.0,
V1511,Vendor_774_Corp,Raw Materials,15,835,19,2,14,11,24,2.11,7.0,59.0,0.1718,339797.0,High
V7193,Vendor_214_Corp,IT Hardware,27,883,343,229,56,276,13,4.22,4.0,37.0,0.0521,451234.0,High Risk
V6910,Vendor_759_Inc,Food & Beverage,14,248,89,79,2,65,11,3.45,10.0,28.0,Low,,
V7743,Vendor_985_LLC,IT Hardware,2,3275,3177,2666,406,1589,18,3.33,3.0,51.0,0.1619,463333.0,high
V5986,Vendor_838_Inc,Packaging,1,4268,2422,1717,1646,2267,27,2.84,9.0,19.0,,234931.0,YES
V7513,Vendor_598_Corp,Textiles,2,2050,139,44,22,51,21,2.72,9.0,40.0,0.0218,,low
V6815,Vendor_540_LLC,Packaging,14,2512,1192,883,301,745,11,3.07,3.0,37.0,0.0646,189483.0,0
V2385,Vendor_247_Ltd,Raw Materials,4,248,209,42,26,54,23,3.56,9.0,68.0,0.2854,466925.0,0
V7468,Vendor_716_LLC,Office Supplies,24,4084,2131,895,479,702,7,3.73,7.0,53.0,0.1641,253468.0,YES
V2971,Vendor_600_Co,Packaging,24,4747,4231,996,1334,1717,11,3.25,4.0,12.0,0.2399,189669.0,low
V3236,Vendor_746_Corp,Raw Materials,4,3165,449,283,63,209,11,3.89,8.0,39.0,0.2248,21968.0,Low
V2801,Vendor_302_Co,Raw Materials,10,1291,299,283,98,221,6,2.05,,17.0,0.1639,345447.0,1
V9573,Vendor_912_LLC,Textiles,11,1855,1297,1170,402,149,29,2.29,6.0,55.0,0.0438,454231.0,High Risk
V8631,Vendor_982_Ltd,Electronics,23,4276,2844,98,763,454,26,4.29,1.0,45.0,0.2861,99999999.0,SAFE
V8040,Vendor_995_Inc,Textiles,11,1034,603,49,274,296,19,4.1,9.0,31.0,0.2888,205347.0,NO
V9593,Vendor_108_LLC,Food & Beverage,3,1560,804,547,204,460,15,2.22,7.0,42.0,0.1614,286473.0,0
V4651,Vendor_480_Co,Food & Beverage,8,4092,984,243,273,718,14,4.28,8.0,5.0,0.0281,224646.0,High Risk
V4944,Vendor_320_Co,Packaging,2,199,23,12,16,14,2,2.84,10.0,61.0,0.0857,5287.0,1
V1181,Vendor_997_Corp,Machinery,29,2067,1075,90,310,426,6,,8.0,2.0,0.1504,305323.0,NO
V9221,Vendor_427_LLC,Automotive,10,2650,1309,5,1080,531,14,4.79,8.0,8.0,0.0698,261347.0,High Risk
V8946,Vendor_679_Ltd,Automotive,5,1627,542,505,273,500,14,3.53,7.0,,0.0887,483475.0,High Risk
V8778,Vendor_575_Ltd,IT Hardware,5,162,26,23,13,20,23,4.07,2.0,16.0,0.2203,173166.0,0
V5088,Vendor_357_Corp,Machinery,2,2618,144,130,28,94,24,2.31,8.0,22.0,0.0992,480615.0,
V4070,Vendor_723_Co,IT/IS,23,3303,2547,2130,921,641,26,3.64,2.0,21.0,0.1521,330414.0,0
V8354,Vendor_491_Co,Machinery,17,2614,1974,138,686,36,19,4.11,1.0,30.0,0.0064,398903.0,1
V6506,Vendor_539_Inc,Food & Beverage,1,2094,1550,1390,729,1011,14,4.54,3.0,22.0,0.2408,496103.0,
V4783,Vendor_377_Inc,Chemicals,9,3513,1525,1408,251,97,5,3.8,1.0,51.0,0.1452,349790.0,Low
V2947,Vendor_405_Inc,Office Supplies,12,3322,2992,133,1745,1077,24,4.42,1.0,49.0,0.1737,131140.0,
V6774,Vendor_725_Co,Raw Materials,4,40,5,5,3,5,21,4.08,10.0,39.0,0.1262,138805.0,0
V1490,Vendor_938_Ltd,Chemicals,2,377,321,207,186,60,16,2.11,8.0,68.0,0.0615,282984.0,YES
V3138,Vendor_494_Corp,Electronics,19,573,106,89,23,8,22,4.1,,55.0,0.2069,26442.0,NO
V3548,Vendor_436_LLC,Electronics,8,2867,2424,1860,895,1800,4,2.95,5.0,TBD,0.0928,401462.0,Low Risk
V1356,Vendor_760_Ltd,IT Hardware,18,4360,1373,1344,989,12,26,2.45,10.0,20.0,0.1821,80694.0,High
V4766,Vendor_706_Inc,Machinery,30,2226,1856,237,1083,1546,1,3.73,,6.0,0.1255,211832.0,High
V1963,Vendor_109_Co,Automotive,9,3461,519,219,474,388,10,3.37,1.0,,0.2248,,YES
V8173,Vendor_948_Co,Office Supplies,8,4191,2651,2190,2025,853,29,4.76,9.0,7.0,0.2842,363736.0,1
V9929,Vendor_225_Co,Automotive,13,4054,3812,1224,3303,2437,26,4.27,7.0,14.0,0.0259,291879.0,High Risk
V8784,Vendor_366_Co,Electronics,18,2738,2710,1186,821,801,23,4.12,8.0,57.0,0.2559,,0
V9896,Vendor_316_Co,Chemicals,22,3849,3300,60,298,645,12,2.88,7.0,36.0,0.116,256574.0,YES
V1902,Vendor_768_Inc,Electronics,5,4577,1700,100,378,303,28,2.1,10.0,39.0,0.0993,46981.0,0
V9908,Vendor_735_Co,Automotive,20,4004,3597,2444,48,1278,11,2.34,4.0,3.0,0.0699,254178.0,high
V5838,Vendor_846_Ltd,Office Supplies,22,1122,374,224,292,96,20,2.12,6.0,20.0,0.0503,252639.0,Low
V4723,Vendor_732_Ltd,Food & Beverage,4,1899,890,431,160,326,18,4.93,3.0,28.0,0.1765,104492.0,0
V7943,Vendor_248_Corp,Chemicals,22,4210,2371,1894,683,6,6,4.79,2.0,62.0,0.0869,142033.0,NO
V3288,Vendor_608_Inc,Machinery,15,2498,1400,1020,1242,577,7,3.36,3.0,51.0,0.2547,361821.0,Low Risk
V1406,Vendor_928_Corp,Packaging,20,3607,1592,821,860,842,10,3.16,10.0,30.0,0.0306,159130.0,0 
V4389,Vendor_844_Co,IT Hardware,9,4701,2529,1067,1698,1083,10,4.61,10.0,N/A,0.2737,18756.0,High
V1127,Vendor_764_Inc,IT Hardware,20,2388,1605,1218,885,200,3,2.52,8.0,53.0,0.1408,72128.0,low
V3884,Vendor_114_Inc,Machinery,26,1200,146,50,131,82,17,4.6,4.0,5.0,0.1839,31953.0,low
V8969,Vendor_184_LLC,Food & Beverage,19,3300,181,88,75,144,8,2.24,1.0,69.0,0.0467,204459.0,0
V7297,Vendor_227_Corp,Raw Materials,4,1551,1185,506,230,848,1,2.61,9.0,18.0,0.0543,364145.0,High Risk
V2264,Vendor_926_Corp,Packaging,28,3962,2944,951,45,867,4,4.36,7.0,,0.0251,163926.0,NO
V6628,Vendor_714_Corp,Office Supplies,8,2024,1887,1599,292,572,22,4.46,5.0,11.0,0.0809,43894.0,
V1002,Vendor_923_Co,Food & Beverage,2,3020,77,47,14,66,3,2.66,2.0,48.0,0.2827,350733.0,High Risk
V5297,Vendor_735_LLC,Food & Beverage,6,2342,29,27,9,28,17,2.17,1.0,25.0,0.0353,237813.0,High Risk
V9892,Vendor_827_Inc,Raw Materials,7,2113,1611,1238,1510,508,16,2.05,9.0,61.0,0.0086,454240.0,YES
V5981,Vendor_971_Ltd,Packaging,14,2019,1591,717,128,937,29,2.92,7.0,7.0,0.033,202185.0,1
V7177,Vendor_365_Inc,Textiles,9,950,534,151,351,183,4,3.51,8.0,63.0,0.2873,118080.0,Low Risk
V6382,Vendor_245_Ltd,Automotive,22,2974,1718,733,580,288,6,4.55,,20.0,0.0286,227119.0,1
V2565,Vendor_165_Ltd,Automotive,2,665,215,42,101,26,1,4.31,9.0,11.0,0.0312,325063.0,0
V4735,Vendor_973_Inc,Raw Materials,27,516,254,228,25,145,27,2.74,9.0,15.0,0.1604,279096.0,YES
V1049,Vendor_384_Inc,Office Supplies,2,109,26,22,18,3,29,2.64,1.0,65.0,0.1835,399625.0,High
V5554,Vendor_572_LLC,Machinery,28,3578,3472,2073,2031,1319,20,4.08,4.0,59.0,0.223,147625.0,
V3908,Vendor_363_Inc,Textiles,2,2106,1309,1091,859,757,5,3.21,10.0,27.0,0.0023,277135.0,0
V8753,Vendor_724_Inc,Office Supplies,7,726,122,92,29,29,7,,4.0,22.0,0.0826,331038.0,low
V8836,Vendor_653_Corp,Automotive,12,1060,110,67,102,54,13,4.58,3.0,59.0,0.293,367081.0,High Risk
V9616,Vendor_444_Co,Electronics,29,4090,1560,1410,1114,407,11,3.71,10.0,30.0,0.0682,397382.0,High
V4591,Vendor_575_Corp,Packaging,14,1369,697,527,497,362,25,2.88,6.0,31.0,0.0649,18469.0,low
V3823,Vendor_876_Inc,Automotive,21,3792,1287,333,5,929,14,2.6,2.0,31.0,0.082,117200.0,YES
V8399,Vendor_741_LLC,Raw Materials,3,1587,1507,1420,728,173,3,,10.0,21.0,0.1326,443816.0,0
V5413,Vendor_575_LLC,Food & Beverage,4,685,130,92,124,3,19,3.57,6.0,15.0,0.1433,221707.0,Low Risk
V5065,Vendor_463_Co,Food & Beverage,12,4785,437,432,43,216,4,2.77,1.0,7.0,0.2997,166214.0,1
V3039,Vendor_231_Corp,IT Hardware,14,4137,3247,914,4,2230,15,3.9,4.0,62.0,0.0367,420380.0,0
V5357,Vendor_749_Inc,IT Hardware,25,2283,1675,80,818,1405,7,,4.0,63.0,0.1004,365130.0,High Risk
V8652,Vendor_699_LLC,Machinery,22,3011,1330,1292,636,265,19,3.71,1.0,17.0,0.0362,464392.0,High
V7578,Vendor_600_LLC,IT Hardware,10,327,137,68,88,105,21,2.26,10.0,62.0,0.1479,119909.0,1
V1874,Vendor_484_LLC,Chemicals,5,3811,3540,1618,3052,1615,20,4.26,4.0,28.0,0.1592,58358.0,YES
V2097,Vendor_233_Inc,Electronics,28,3328,769,330,236,91,30,3.32,6.0,,0.2429,213752.0,NO
V1993,Vendor_433_Co,Raw Materials,6,56,24,16,4,9,11,4.18,9.0,10.0,0.0147,387688.0,0
V4775,Vendor_954_Inc,IT Hardware,17,3183,2912,821,222,653,30,3.57,7.0,1.0,0.0171,3748.0,0
V5597,Vendor_375_LLC,Packaging,26,1445,862,199,688,270,20,3.14,3.0,33.0,0.1002,274636.0,YES
V8941,Vendor_224_Corp,IT Hardware,26,1677,546,134,294,448,8,4.13,5.0,,0.0041,214904.0,1
V1374,Vendor_897_LLC,IT Hardware,6,1345,430,372,292,47,25,4.78,10.0,45.0,0.1992,49483.0,High
V6818,Vendor_226_Inc,Raw Materials,20,1929,1286,328,193,1063,16,4.08,5.0,68.0,0.1177,237909.0,YES
V4230,Vendor_921_Ltd,Office Supplies,3,4586,4426,4101,2746,88,30,4.4,4.0,4.0,0.0921,49167.0,High Risk
V8529,Vendor_540_Co,Raw Materials,22,3917,1648,531,903,565,24,4.64,7.0,11.0,0.0559,61708.0,
V4277,Vendor_201_Ltd,Food & Beverage,23,3959,3254,991,75,2773,18,3.44,10.0,21.0,0.2519,57482.0,Low
V9647,Vendor_520_Inc,Chemicals,14,4140,1292,240,458,1175,6,2.44,1.0,22.0,0.0198,88293.0,1
V3305,Vendor_622_Ltd,Chemicals,28,4600,2362,2138,450,1925,12,3.04,9.0,67.0,0.2808,150357.0,
V7439,Vendor_641_LLC,Machinery,27,1099,712,121,182,550,1,4.27,5.0,60.0,0.202,286446.0,high
V9260,Vendor_971_Ltd,Packaging,23,1417,1100,8,202,438,19,2.56,2.0,24.0,0.2504,200027.0,high
V7209,Vendor_968_Co,Machinery,11,1064,1060,937,521,855,4,,2.0,18.0,0.2181,446012.0,1
V6211,Vendor_440_Corp,IT Hardware,2,1179,260,41,112,63,6,2.57,1.0,58.0,,389315.0,Low
V4075,Vendor_889_Co,Machinery,14,2459,233,179,136,185,22,3.19,7.0,50.0,,70856.0,high
V2563,Vendor_980_Ltd,Textiles,29,627,262,163,72,9,8,2.62,9.0,19.0,0.0386,448155.0,0
V9109,Vendor_429_LLC,IT Hardware,12,2982,202,182,84,109,29,2.39,5.0,44.0,,203327.0,1
V5388,Vendor_193_LLC,Packaging,13,3798,827,168,610,446,12,2.58,5.0,28.0,0.0939,395277.0,
V2201,Vendor_296_LLC,Packaging,22,856,805,775,519,366,29,2.08,6.0,31.0,0.2555,116447.0,High
V8852,Vendor_608_Ltd,Food & Beverage,2,520,360,177,114,82,12,3.12,,27.0,0.2758,48791.0,High Risk
V5351,Vendor_687_LLC,IT Hardware,4,463,456,230,176,276,26,4.01,9.0,21.0,0.2508,468791.0,high
V2393,Vendor_923_Ltd,Electronics,8,346,146,26,16,123,7,4.96,4.0,8.0,0.1514,196928.0,High
V9699,Vendor_626_Ltd,Machinery,6,3195,1893,1604,1398,1577,24,2.32,,28.0,0.1756,221472.0,Low
V1719,Vendor_572_Co,Textiles,5,3805,3024,2148,490,628,9,3.62,10.0,46.0,0.0475,138458.0,YES
V5881,Vendor_515_LLC,Automotive,2,1458,651,233,391,645,11,3.0,8.0,57.0,0.2781,370459.0,0
V4553,Vendor_907_Inc,Office Supplies,21,1428,1062,597,628,698,11,3.22,2.0,5.0,0.2423,123381.0,high
V6157,Vendor_109_Inc,Textiles,18,776,354,33,303,44,30,4.13,4.0,64.0,0.1165,332422.0,1
V4581,Vendor_598_LLC,Electronics,12,3272,829,551,467,759,30,3.25,5.0,64.0,0.1068,474994.0,0
V7875,Vendor_970_Co,Raw Materials,1,1411,823,804,759,731,7,2.2,5.0,33.0,0.1697,449359.0,high
V2726,Vendor_117_Co,Electronics,22,845,366,243,164,212,30,2.23,4.0,3.0,0.0487,-10000.0,1
V4953,Vendor_635_LLC,Machinery,14,4796,2773,2272,1192,751,28,3.02,8.0,,0.258,150091.0,1
V7615,Vendor_806_LLC,Machinery,1,4298,2309,56,1262,1956,25,3.87,10.0,40.0,0.1413,337134.0,Low Risk
V6251,Vendor_835_Corp,Office Supplies,20,2858,1415,1402,622,118,6,4.97,4.0,15.0,0.1822,291069.0,1
V1780,Vendor_485_LLC,Chemicals,14,4192,3664,112,145,492,25,3.12,2.0,17.0,,185942.0,high
V8769,Vendor_706_Inc,Textiles,24,2553,1668,166,859,1459,15,3.93,9.0,9.0,0.1559,400357.0,Low Risk
V1746,Vendor_623_LLC,Textiles,20,3263,375,25,282,235,16,4.36,2.0,65.0,0.2421,436035.0,1
V1715,Vendor_887_Corp,IT Hardware,9,2141,977,155,754,527,22,,5.0,47.0,0.0221,238938.0,Low Risk
V1776,Vendor_420_Inc,Raw Materials,28,3839,1603,841,1509,214,15,4.35,6.0,5.0,0.0088,260162.0,high
V9178,Vendor_460_Co,Food & Beverage,23,1607,725,400,324,279,17,2.83,N/A,37.0,0.0715,197695.0,Low Risk
V3007,Vendor_181_Inc,IT Hardware,14,2483,2355,1873,1021,259,8,2.63,1.0,70.0,0.183,51488.0,0
V4281,Vendor_378_Co,Machinery,3,787,373,195,213,74,23,3.76,7.0,12.0,0.2818,483772.0,NO
V6416,Vendor_622_Corp,Office Supplies,14,4252,3218,772,2595,1038,22,3.76,8.0,40.0,0.0219,247076.0,High
V1939,Vendor_808_Co,Raw Materials,19,3553,1741,1421,819,1543,4,3.8,6.0,21.0,0.1142,133706.0,0
V9080,Vendor_810_Inc,Office Supplies,13,4073,3537,2794,2556,2531,4,2.95,8.0,67.0,0.1873,478162.0,High Risk
V2906,Vendor_276_Inc,Raw Materials,5,84,80,0,38,76,999,3.57,5.0,72.0,0.1964,310375.0,Low
V1807,Vendor_510_Ltd,Textiles,12,4246,3735,2305,3661,2111,11,2.44,9.0,72.0,0.2976,118090.0,0
V2369,Vendor_760_Corp,Electronics,24,3413,2133,1437,1956,1201,25,4.53,,72.0,0.1151,107796.0,
V9160,Vendor_785_Corp,Automotive,23,2084,1028,234,293,806,25,3.4,1.0,15.0,0.1029,378529.0,Low Risk
V2670,Vendor_794_LLC,Textiles,14,1612,1505,1333,18,741,22,4.52,1.0,13.0,0.1067,249447.0,0
V6491,Vendor_600_Corp,Automotive,12,3705,3226,1963,1095,3018,7,,1.0,16.0,High,291210.0,Low
V8873,Vendor_135_Corp,IT Hardware,23,1392,250,63,227,19,29,2.98,7.0,54.0,0.2768,499818.0,Low Risk
V2467,Vendor_552_Inc,Packaging,14,2546,1422,986,1105,465,9,2.47,,1.0,0.157,398564.0,0
V2255,Vendor_563_Inc,Raw Materials,14,2455,2123,1428,434,128,28,3.37,,32.0,,68565.0,high
V9342,Vendor_351_LLC,Electronics,13,2041,909,273,435,606,16,3.93,4.0,3.0,0.2452,247941.0,NO
V4544,Vendor_870_LLC,Packaging,12,1628,1501,981,1342,1414,9,3.72,1.0,33.0,0.2862,376223.0,
V7405,Vendor_626_Ltd,Electronics,17,4378,2813,1300,723,1378,18,2.12,4.0,45.0,0.256,,low
V8338,Vendor_183_LLC,Raw Materials,4,1405,855,278,173,11,999,4.9,9.0,60.0,0.2656,407598.0,0
V5984,Vendor_100_Corp,Raw Materials,21,417,126,36,114,2,999,4.28,5.0,63.0,0.1179,466207.0,0
V7034,Vendor_837_Inc,Food & Beverage,8,3066,2725,237,2450,426,6,2.53,3.0,24.0,0.0727,71739.0,high
V6567,Vendor_678_Co,Electronics,2,4430,134,37,28,56,10,4.45,8.0,49.0,0.1021,4866.0,1
V9791,Vendor_226_Ltd,Packaging,22,3006,369,202,7,135,24,4.02,10.0,49.0,0.2467,493983.0,Low
V5426,Vendor_737_LLC,Automotive,1,4055,580,96,28,81,1,3.67,1.0,50.0,0.2451,1364.0,high
V7167,Vendor_636_Co,Packaging,27,1764,215,128,183,185,27,4.95,2.0,46.0,0.0896,443354.0,
V3329,Vendor_693_Ltd,Food & Beverage,1,4586,817,192,406,557,15,2.83,2.0,43.0,0.2767,36119.0,Low Risk
V8870,Vendor_575_Corp,Office Supplies,26,3597,1519,130,445,1024,7,3.82,2.0,69.0,,118024.0,Low Risk
V9934,Vendor_615_LLC,Chemicals,20,281,197,155,58,83,29,2.69,4.0,40.0,0.0035,,NO
V1718,Vendor_637_Corp,Office Supplies,13,500,154,129,109,147,27,3.49,9.0,19.0,0.0483,301500.0,0
V4349,Vendor_157_Ltd,Machinery,25,2837,228,27,67,86,2,2.09,3.0,1.0,0.0164,232053.0,low
V3409,Vendor_649_Ltd,Automotive,17,887,15,10,7,3,22,2.77,9.0,50.0,0.2412,298742.0,Low Risk
V3384,Vendor_259_Ltd,Electronics,19,2975,1662,1572,1012,1500,21,2.05,9.0,54.0,0.2598,3227.0,NO
V4550,Vendor_720_Inc,Textiles,4,1805,551,229,110,315,20,3.09,9.0,,0.0607,137029.0,Low
V1720,Vendor_125_Ltd,Chemicals,13,236,188,127,11,109,4,,4.0,32.0,0.2616,17455.0,0
V4162,Vendor_843_Corp,Food & Beverage,23,4163,950,177,459,742,28,2.86,3.0,57.0,0.2188,278392.0,1
V7802,Vendor_280_Inc,Electronics,22,112,46,24,38,21,19,3.15,5.0,10.0,0.0421,168302.0,0
V1967,Vendor_259_Co,Food & Beverage,11,4586,4527,1104,273,1865,26,3.31,1.0,46.0,0.151,395475.0,0
V6833,Vendor_848_Ltd,Machinery,30,4738,573,495,563,197,21,3.13,5.0,5.0,0.2957,491521.0,YES
V6363,Vendor_633_Inc,Office Supplies,6,3321,2063,1194,1606,1530,12,2.56,8.0,57.0,0.117,185375.0,low
V7825,Vendor_424_Ltd,Office Supplies,16,383,181,181,142,128,13,3.44,1.0,65.0,0.0374,85968.0,NO
V2493,Vendor_964_LLC,Packaging,29,301,248,197,132,19,1,3.05,4.0,40.0,0.1834,134131.0,
V3677,Vendor_816_Inc,Electronics,29,3881,3652,2803,2568,65,27,3.84,10.0,65.0,0.1203,223134.0,1
V3042,Vendor_259_Ltd,Machinery ,12,3132,158,25,3,125,21,4.54,9.0,29.0,0.2679,293697.0,YES
V7135,Vendor_267_Co,Electronics,14,1009,251,31,148,112,16,3.64,1.0,,0.2972,48169.0,
V5063,Vendor_921_LLC,Packaging,3,1755,977,579,147,150,25,2.49,6.0,33.0,0.2599,468109.0,Low Risk
V3964,Vendor_502_Ltd,Food & Beverage,28,3028,960,302,42,169,22,,7.0,58.0,0.1598,335117.0,Low
V4811,Vendor_318_Ltd,Textiles,29,1347,418,365,208,55,1,3.03,4.0,6.0,0.2755,169410.0,High Risk
V3458,Vendor_705_Corp,Raw Materials,20,265,82,47,5,37,7,Excellent,9.0,66.0,0.235,374733.0,Low
V3126,Vendor_307_Co,IT Hardware,21,919,797,630,481,158,13,2.75,8.0,Fast,0.1606,255366.0,Low
V9860,Vendor_488_Corp,Machinery,30,517,492,403,384,243,19,3.85,4.0,25.0,0.1421,225206.0,1
V6797,Vendor_605_Inc,IT Hardware,20,1152,91,49,26,30,23,3.43,5.0,60.0,0.0946,213211.0,low
V2151,Vendor_117_Co,Packaging,20,2421,2045,1013,330,1897,14,,7.0,62.0,0.011,106492.0,YES
V1425,Vendor_699_Inc,Textiles,23,53,26,5,20,10,13,4.0,1.0,43.0,0.2651,454752.0,0
V5287,Vendor_133_Inc,Electronics,25,2560,584,563,369,506,12,2.48,Bad,,0.2975,415329.0,0
V9908,Vendor_189_Inc,Machinery,30,4676,4251,1325,1631,1613,22,2.5,3.0,28.0,0.073,410938.0,0
V8532,Vendor_909_Co,Machinery,11,175,115,88,21,99,4,4.25,7.0,62.0,0.2259,56147.0,0
V4275,Vendor_162_LLC,IT Hardware,7,1358,528,397,47,77,7,4.72,,39.0,0.0267,25538.0,YES
V3880,Vendor_996_Ltd,Packaging,3,4025,694,611,272,51,7,3.46,9.0,34.0,0.1591,159898.0,NO
V1808,Vendor_828_Co,Automotive,30,4651,1721,353,1058,1054,7,2.5,2.0,6.0,0.2449,8813.0,0
V7987,Vendor_603_Ltd,Electronics,27,652,324,35,81,57,17,4.79,7.0,6.0,0.0266,199230.0,high
V1649,Vendor_958_Corp,Chemicals,20,3584,2523,2122,1953,265,10,2.24,7.0,,0.2508,293889.0,0
V1136,Vendor_897_Ltd,Office Supplies,25,1926,1543,1260,576,1132,1,4.46,8.0,69.0,0.2551,383421.0,Low
V3434,Vendor_295_LLC,Automotive,11,31,31,13,24,10,10,2.04,4.0,53.0,0.1745,317677.0,Low
V9184,Vendor_211_Co,Raw Materials,22,3150,1501,1194,836,605,30,3.45,4.0,35.0,0.0117,227631.0,1
V6822,Vendor_788_LLC,Food & Beverage,25,4462,840,729,481,536,17,3.3,10.0,1.0,0.1914,16982.0,YES
V8993,Vendor_674_Co,IT Hardware,13,2187,425,399,423,362,20,3.56,7.0,6.0,0.1805,310509.0,
V9031,Vendor_915_Ltd,IT Hardware,12,1485,614,237,299,496,18,3.44,2.0,29.0,0.0337,462842.0,RISK
V5859,Vendor_775_Corp,Machinery,29,3895,3289,290,2206,1585,20,2.16,1.0,70.0,0.0157,481226.0,high
V6132,Vendor_288_Ltd,Electronics,23,1456,638,30,615,492,13,3.23,6.0,35.0,0.2216,114214.0,1
V9837,Vendor_114_Corp,IT Hardware,30,3737,635,548,130,75,9,2.47,10.0,60.0,0.2481,91598.0,high
V9268,Vendor_340_Co,Food & Beverage,16,2521,2372,1745,774,47,5,3.97,6.0,15.0,,478547.0,
V1585,Vendor_375_Ltd,Office Supplies,1,3712,2841,2522,2142,119,6,4.08,9.0,69.0,0.167,89474.0,1
V7473,Vendor_101_Corp,Electronics,21,2969,271,23,10,150,10,2.33,2.0,31.0,0.1009,176090.0,
V9379,Vendor_703_Inc,Automotive,19,3253,121,101,26,23,16,3.67,10.0,,0.0315,458797.0,low
V9354,Vendor_723_Inc,Automotive,28,4375,781,182,576,502,15,3.71,6.0,64.0,0.0057,177665.0,0
V3328,Vendor_834_Corp,Raw Materials,15,3395,2476,1602,2314,1710,25,2.44,6.0,13.0,0.0954,224134.0,High
V2511,Vendor_561_Inc,Textiles,1,547,472,140,290,97,26,3.5,4.0,1.0,0.0555,55344.0,NO
V3608,Vendor_361_Ltd,Textiles,15,2918,1155,324,417,903,28,3.15,3.0,22.0,0.1228,366931.0,low
V4363,Vendor_349_Ltd,Food & Beverage,2,4692,2176,1024,203,795,6,3.15,4.0,64.0,0.1186,33415.0,1
V4872,Vendor_637_LLC,Machinery,26,3567,649,95,372,157,26,,2.0,40.0,0.2812,384533.0,0
V2966,Vendor_857_Corp,Packaging,3,3250,1313,615,466,1176,1,3.29,7.0,67.0,0.1618,484424.0,YES
V1198,Vendor_798_Corp,Automotive,20,1994,1236,912,1061,406,18,3.3,6.0,67.0,0.0877,397294.0,
V8769,Vendor_218_Corp,Textiles,2,1080,615,391,258,287,26,3.18,7.0,59.0,0.2878,125202.0,low
V5642,Vendor_589_Inc,Automotive,8,2823,1894,273,445,773,1,3.84,10.0,2.0,0.1442,222273.0,low
V2839,Vendor_984_Corp,Packaging,20,1226,1223,452,1132,475,24,2.53,8.0,,0.2267,48651.0,Low
V6511,Vendor_821_Corp,Raw Materials,23,2226,224,70,154,161,9,2.34,1.0,11.0,0.002,323676.0,NO
V5659,Vendor_819_Co,Automotive,8,1830,832,574,285,494,13,2.05,8.0,51.0,0.2854,400874.0,High Risk
V5509,Vendor_620_LLC,Chem,21,2598,1788,851,1451,131,8,3.25,9.0,44.0,0.0226,277558.0,0
V9770,Vendor_925_Inc,,2,988,48,23,48,0,13,3.56,5.0,27.0,0.1051,20956.0,High Risk
V5632,Vendor_819_Ltd,Raw Materials,22,3859,1192,66,474,590,8,4.77,10.0,,0.1275,286507.0,1
V1213,Vendor_262_Inc,IT Hardware,6,2098,736,727,586,16,21,,6.0,21.0,0.2541,155876.0,high
V2476,Vendor_505_Ltd,Chemicals,27,223,40,0,37,2,28,,7.0,12.0,0.1855,171451.0,1
V5292,Vendor_449_Corp,IT Hardware,19,4962,4715,2104,3080,3522,19,3.76,,5.0,0.0336,280060.0,Low Risk
V4518,Vendor_652_Inc,Food & Beverage,8,157,108,13,96,54,17,2.22,7.0,32.0,0.1495,3363.0,YES
V2481,Vendor_285_Inc,Automotive,15,4147,3523,890,2359,1013,22,4.4,10.0,61.0,0.2213,493912.0,
V7578,Vendor_107_Corp,Packaging,26,2144,1860,59,1457,1282,29,3.32,6.0,68.0,0.2865,255120.0,high
V5473,Vendor_979_LLC,Electronics,22,4514,1190,533,185,126,15,2.28,1.0,12.0,0.2934,329438.0,Low
V5038,Vendor_581_LLC,Textiles,14,329,322,255,16,228,27,-5.0,4.0,12.0,0.1303,320256.0,YES
V5999,Vendor_195_LLC,Food & Beverage,30,1174,1031,301,88,707,28,4.21,3.0,70.0,0.0534,51596.0,0
V6491,Vendor_916_Ltd,Chemicals,13,1285,1111,82,134,653,3,2.76,8.0,42.0,0.0945,437378.0,High Risk
V6190,Vendor_612_Co,Raw Materials,22,553,508,30,62,98,6,2.36,6.0,45.0,0.2989,139461.0,High Risk
V3614,Vendor_634_Corp,Electronics,22,4610,3895,1462,2939,1453,29,4.13,4.0,14.0,0.1845,344884.0,1
V2268,Vendor_522_Inc,Machinery,23,581,61,59,61,33,28,3.02,9.0,47.0,0.2193,34047.0,
V9487,Vendor_571_Corp,Raw Materials,2,1041,825,686,6,473,9,4.49,2.0,43.0,0.1783,431933.0,High
V8108,Vendor_488_Co,IT Hardware,6,3124,2164,1428,1707,46,30,,7.0,9.0,0.0655,70319.0,high
V5406,Vendor_707_Ltd,Textiles,30,4568,1747,1456,870,1405,27,3.02,3.0,39.0,0.2015,382593.0,0
V7541,Vendor_334_Inc,Chemicals,26,504,185,73,165,172,3,2.98,1.0,41.0,0.0572,277653.0,high
V5967,Vendor_393_Inc,Food & Beverage,16,4940,1704,1266,1545,1445,5,2.77,4.0,44.0,0.0817,272118.0,High
V6822,Vendor_653_Co,Raw Materials,6,1365,151,135,23,89,7,3.28,9.0,68.0,0.1235,18350.0,High Risk
V1232,Vendor_494_Ltd,Chemicals,23,2061,71,55,17,54,4,2.96,2.0,39.0,,266837.0,low
V3156,Vendor_995_Ltd,Packaging,21,465,444,137,207,212,24,2.05,2.0,46.0,0.0513,358011.0,YES
V7715,Vendor_233_Corp,Textiles,19,911,781,323,488,65,20,4.07,4.0,31.0,0.2536,355814.0,high
V1015,Vendor_945_Corp,Machinery,18,2417,2335,336,1326,920,5,4.0,5.0,4.0,0.1483,437861.0,NO
V9647,Vendor_684_Co,Food & Beverage,17,3274,2221,618,763,678,7,4.35,7.0,62.0,0.0132,412587.0,high
V3623,Vendor_520_Corp,Office Supplies,30,3697,453,297,338,419,27,3.89,7.0,9.0,0.0364,229647.0,High Risk
V9977,Vendor_767_Corp,Office Supplies,28,2718,1860,1718,108,832,14,4.47,4.0,32.0,0.2773,379266.0,1
V6689,Vendor_854_Ltd,Machinery,18,3072,1909,1824,1178,724,28,2.2,7.0,58.0,0.1734,313278.0,low
V7509,Vendor_681_Corp,Chemicals,14,2559,604,519,23,399,8,4.5,7.0,37.0,0.0623,136091.0,High
V6276,Vendor_692_Inc,Food & Beverage,25,1209,103,46,68,30,18,3.57,9.0,29.0,,198342.0,
V9251,Vendor_946_Ltd,Chemicals,13,4035,686,521,470,543,10,4.31,1.0,64.0,0.0238,284372.0,Low Risk
V8573,Vendor_386_Inc,Automotive,29,3494,3406,2998,3218,3344,6,2.53,8.0,71.0,0.0033,479160.0,1
V1887,Vendor_281_LLC,Office Supplies,15,4253,2269,1348,2194,1234,24,3.45,7.0,1.0,0.0389,291459.0,0
V2742,Vendor_655_Inc,Raw Materials,7,1178,27,25,0,25,5,,10.0,57.0,0.2446,162158.0,Low
V7572,Vendor_159_Co,Textiles,19,4840,2665,479,575,1562,14,4.33,2.0,3.0,0.1664,1862.0,RISK
V1139,Vendor_363_Co,IT Hardware,25,2979,1273,989,1191,925,18,3.99,4.0,11.0,0.2372,373729.0,0
V8871,Vendor_930_Co,Raw Materials,28,1552,827,42,366,60,17,2.27,6.0,68.0,0.1689,369158.0,High Risk
V2835,Vendor_843_Inc,Textiles,24,4981,650,610,419,317,23,,9.0,22.0,0.0496,338679.0,
V2094,Vendor_132_Co,Machinery,30,4436,395,374,81,350,14,3.46,7.0,64.0,0.2819,411581.0,low
V2328,Vendor_117_Corp,Machinery,22,1703,503,199,9,208,6,2.64,3.0,25.0,0.0065,467853.0,high
V2821,Vendor_346_Corp,Textiles,16,2308,330,52,215,61,11,4.97,3.0,12.0,0.1601,322471.0,
V4677,Vendor_796_Ltd,Textiles,6,4529,189,5,116,158,6,2.85,5.0,10.0,0.1854,377501.0,1
V4167,Vendor_586_Ltd,Office Supplies,4,1791,1153,1027,1104,598,3,3.53,2.0,72.0,0.2916,180971.0,1
V8666,Vendor_580_Inc,Chemicals,5,1282,880,202,122,509,6,2.44,3.0,39.0,0.0394,339537.0,1
V8207,Vendor_495_Ltd,Chemicals,18,1537,666,140,468,250,18,2.27,10.0,13.0,0.0823,458708.0,0
V8080,Vendor_343_Inc,Packaging,29,2629,1870,833,1518,1719,10,2.36,,24.0,0.1793,52527.0,0
V5108,Vendor_619_Inc,Office Supplies,10,2720,138,58,138,110,29,3.82,10.0,66.0,,35612.0,YES
V5851,Vendor_737_Corp,Raw Materials,25,3708,126,87,102,22,14,3.73,10.0,29.0,0.2384,379275.0,low
V2174,Vendor_170_Corp,Textiles,17,4370,419,149,57,298,29,3.67,3.0,65.0,0.035,173183.0,Low Risk
V3234,Vendor_944_Ltd,Machinery,7,2576,1543,1114,579,580,7,4.47,4.0,72.0,0.1632,162238.0,NO
V1196,Vendor_757_Inc,Automotive,22,4976,2753,2123,160,49,20,4.48,7.0,72.0,Low,290165.0,YES
V4650,Vendor_372_Co,Chemicals,28,4500,4422,2642,4380,2726,17,4.31,2.0,25.0,0.0947,308504.0,high
V7085,Vendor_349_Inc,Electronics,2,1970,1926,1694,1665,1458,22,2.96,5.0,51.0,0.226,333997.0,
V9867,Vendor_200_LLC,IT Hardware,18,4175,1487,1122,400,1151,28,2.95,3.0,31.0,0.0298,43988.0,high
V4822,Vendor_325_Co,Raw Materials,22,808,703,426,179,397,5,3.21,8.0,67.0,0.1019,178457.0,1
V1014,Vendor_819_Inc,IT Hardware,29,2622,133,34,1,18,28,4.89,8.0,69.0,0.1679,228084.0,0
V6159,Vendor_917_Inc,Electronics,28,4229,4126,3945,3275,197,22,3.91,10.0,18.0,0.0417,62838.0,NO
V4802,Vendor_619_LLC,IT Hardware,30,2369,787,480,352,448,22,3.02,10.0,60.0,0.0393,154822.0,NO
V2006,Vendor_997_Corp,IT Hardware,25,1962,393,206,250,57,30,3.04,2.0,,0.0225,478540.0,
V4544,Vendor_921_Co,Office Supplies,22,664,353,260,323,308,2,4.95,3.0,21.0,0.2232,,1
V5719,Vendor_234_Corp,Office Supplies,30,3713,298,126,219,11,4,Poor,1.0,5.0,0.0859,284814.0,low
V5723,Vendor_674_Corp,Packaging,30,2957,650,161,40,233,8,4.35,4.0,14.0,0.1954,414863.0,High Risk
V7310,Vendor_249_Inc,Packaging,14,2675,677,325,334,254,3,2.81,2.0,20.0,0.1989,376656.0,
V7154,Vendor_467_LLC,IT Hardware,15,2153,1028,430,678,327,24,3.26,5.0,19.0,0.0422,117260.0,High
V2585,Vendor_504_Ltd,Machinery,24,2287,678,473,579,218,365,4.37,5.0,11.0,0.2862,11038.0,High Risk
V9902,Vendor_448_Corp,Machinery,22,2630,1924,1820,655,453,20,4.61,7.0,32.0,0.1001,323451.0,High
V1385,Vendor_916_LLC,IT Hardware,18,3048,1490,205,476,191,14,4.31,9.0,,0.0583,312988.0,High
V9935,Vendor_565_Inc,Electronics,20,4506,431,148,389,315,26,2.87,2.0,50.0,0.2077,476410.0,0
V9312,Vendor_593_Co,IT Hardware,7,860,528,30,221,50,29,2.66,1.0,9.0,0.0565,423275.0,YES
V2290,Vendor_348_Corp,Automotive,19,653,528,22,153,176,21,3.19,6.0,5.0,0.0572,164810.0,high
V8469,Vendor_864_Corp,Raw Materials,29,1377,990,812,486,480,25,3.5,3.0,41.0,0.0385,385034.0,low
V5400,Vendor_,Food & Beverage,24,1145,1004,716,42,46,16,3.89,1.0,38.0,0.2715,245639.0,High
V3566,Vendor_774_LLC,Food & Beverage,28,2902,2108,1981,751,1117,22,4.7,5.0,51.0,0.1271,369978.0,YES
V8758,TBD,IT Hardware,21,2619,2355,478,107,1535,22,4.47,7.0,63.0,0.0139,159865.0,High
V2207,Vendor_232_Inc,IT Hardware,10,3807,2475,2166,1670,1162,19,4.45,3.0,18.0,0.2245,499763.0,High
V2202,Vendor_160_Ltd,Electronics,22,473,454,135,43,66,28,2.82,4.0,10.0,0.0088,183460.0,Low
V2970,Vendor_534_LLC,Chemicals,24,3268,1741,850,1586,1471,22,3.98,10.0,70.0,0.1568,303609.0,YES
V1801,Vendor_174_LLC,IT Hardware,3,3512,1429,72,828,1051,11,4.09,2.0,9.0,0.0363,370865.0,YES
V9893,NA,Chemicals,17,2986,1159,996,133,955,17,4.74,6.0,55.0,0.1171,149020.0,High Risk
V8158,Vendor_810_Co,Machinery,28,3446,3297,2504,1926,3129,18,4.08,6.0,14.0,0.0756,126996.0,High Risk
V2690,Vendor_781_LLC,Machinery,29,4629,2288,669,729,2148,30,3.94,5.0,10.0,,323198.0,low
V8186,Vendor_953_Co,Packaging,21,626,107,106,27,23,18,,2.0,5.0,0.2779,84665.0,high
V6472,Vendor_335_Co,Office ,26,2796,2218,775,2177,417,26,2.93,7.0,9.0,0.1988,130806.0,1
V9913,Vendor_340_LLC,Machinery,7,4650,2001,1932,1789,1132,15,4.04,8.0,27.0,0.2006,121459.0,Low
V6052,Vendor_944_Ltd,Textiles,7,2773,1585,252,395,739,19,,4.0,,0.138,229316.0,Low
V9347,Vendor_728_Inc,Raw Materials,19,4937,1356,1227,197,456,19,2.8,9.0,68.0,0.1488,83470.0,NO
V7875,Vendor_962_Co,Raw Materials,16,3467,1239,379,336,67,4,6.0,7.0,27.0,0.0139,402599.0,
V5336,Vendor_766_LLC,IT Hardware,14,242,20,1,20,18,20,3.92,8.0,70.0,0.0869,159384.0,low
V9709,Vendor_674_LLC,Packaging,12,4294,2947,185,1104,1950,13,6.0,2.0,24.0,0.2639,330718.0,0
V6845,Vendor_193_Co,Textiles,17,1573,483,35,472,51,8,3.83,9.0,,0.0474,217139.0,YES
V8834,Vendor_126_Ltd,Office Supplies,26,2990,2329,1532,765,1294,29,3.44,10.0,21.0,0.1804,367854.0,High
V7144,Vendor_936_Ltd,Office Supplies,10,2061,391,9,368,276,1,4.0,,43.0,0.2074,341800.0,High
V9024,Vendor_834_Ltd,Machinery,10,632,416,34,269,86,27,3.34,5.0,54.0,0.1314,272518.0,NO
V4448,Vendor_470_Co,Machinery,6,2899,2264,259,201,2124,27,3.61,4.0,38.0,0.2404,478444.0,Low
V6860,Vendor_507_LLC,Food & Beverage,23,1033,1032,831,525,262,19,4.93,8.0,,0.1616,11967.0,
V4373,Vendor_351_LLC,Machinery,19,2777,1335,816,272,1085,7,4.84,10.0,47.0,0.2701,288417.0,
V8555,Vendor_583_Inc,Packaging,14,3762,689,405,625,432,11,4.02,10.0,53.0,0.2254,131408.0,
V1832,Vendor_400_LLC,Raw Materials,16,4765,750,30,514,427,3,3.11,6.0,61.0,0.1677,402582.0,0
V5577,Vendor_916_Corp,Chemicals,7,124,90,19,47,90,27,3.46,10.0,40.0,0.0554,231003.0,high
V9764,Vendor_122_LLC,Raw Materials,10,1548,656,19,155,50,9,2.38,8.0,2.0,0.0698,80001.0,0
V6288,Vendor_493_Inc,Office Supplies,5,4631,4240,4163,3495,2336,2,4.44,4.0,56.0,0.1557,99999999.0,Low Risk
V6471,Vendor_244_Inc,Food & Beverage,3,3427,307,99,4,272,19,3.12,4.0,45.0,0.2905,24458.0,NO
V4858,Vendor_893_LLC,Automotive,5,4331,4319,75,3512,3766,17,3.45,10.0,11.0,0.2055,232907.0,0
V7082,Vendor_205_Inc,Packaging,10,3289,2472,1816,2131,2451,20,3.65,7.0,60.0,0.2675,137426.0,high
V4453,Vendor_225_Inc,Office Supplies,2,4277,1888,624,1519,1132,8,4.1,8.0,15.0,0.0064,439475.0,0
V6374,Vendor_446_Co,Electronics,10,1475,1156,1048,106,843,6,-5.0,7.0,66.0,0.0979,465016.0,
V5495,Vendor_940_Inc,Textiles,16,996,591,63,127,102,26,4.09,8.0,57.0,0.1248,38343.0,Low Risk
V8138,Vendor_703_Ltd,Automotive,3,2974,360,223,54,124,13,4.61,6.0,29.0,0.0999,89149.0,1
V3254,Vendor_978_LLC,Office Supplies,3,3350,1807,639,1248,572,14,3.16,10.0,46.0,High,267968.0,
V8162,Vendor_506_Ltd,Chemicals,29,444,108,10,85,1,14,,2.0,65.0,0.2796,249979.0,High Risk
V2701,Vendor_483_LLC,Packaging,26,4459,3594,2159,2508,2039,29,,7.0,39.0,0.1453,83129.0,high
V4555,Vendor_603_Co,IT Hardware,28,3508,2174,603,934,379,22,4.7,9.0,11.0,0.1507,343435.0,0
V1466,Vendor_412_Ltd,Electronics,28,3406,251,185,214,178,9,3.7,7.0,30.0,0.2829,294268.0,High
V4132,Vendor_121_Ltd,Textiles,17,904,271,32,119,157,21,4.57,3.0,65.0,0.1332,426019.0,NO
V8907,Vendor_331_Ltd,Packaging,24,4358,1447,601,1364,878,25,3.22,10.0,72.0,0.0818,439524.0,low
V8093,Vendor_298_Corp,Automotive,2,438,13,13,13,9,25,4.25,10.0,69.0,0.217,212907.0,1
V7685,Vendor_390_LLC,Electronics,1,3131,356,223,274,353,30,4.52,5.0,18.0,0.0674,106746.0,high
V6077,Vendor_171_Inc,IT Hardware,4,741,291,183,87,85,21,4.16,10.0,3.0,0.1886,459051.0,1
V4359,Vendor_823_Ltd,Office Supplies,13,601,539,395,463,208,11,4.7,9.0,26.0,0.1355,453578.0,0
V3314,Vendor_121_Co,Textiles,22,1062,594,2,40,35,2,2.26,7.0,3.0,0.0959,309925.0,0
V5227,Vendor_446_Corp,Electronics,20,4834,4819,2205,4634,3644,16,2.15,5.0,34.0,0.0151,363888.0,low
V5971,Vendor_508_Ltd,Textiles,13,422,224,129,39,79,20,2.93,9.0,29.0,0.1294,99999999.0,0
V7854,Vendor_292_Corp,Raw Materials,5,1336,582,305,467,360,21,2.23,9.0,2.0,0.1475,445300.0,0
V7470,Vendor_160_Ltd,Office Supplies,12,1084,1013,628,342,512,2,4.52,10.0,25.0,0.057,350044.0,NO
V1237,Vendor_392_Inc,Food & Beverage,27,3408,1198,749,1145,220,8,4.15,7.0,56.0,0.2884,438985.0,High
V7629,Vendor_972_Inc,Office Supplies,23,632,203,23,23,182,11,3.6,7.0,18.0,0.2764,55329.0,NO
V2640,Vendor_471_Corp,Raw Materials,9,1523,1457,190,281,1075,25,3.0,2.0,24.0,0.1729,306255.0,
V7327,Vendor_403_Inc,Textiles,18,1950,1343,1294,54,746,23,3.06,1.0,33.0,0.1113,170786.0,
V2279,Vendor_800_Co,IT Hardware,10,734,251,120,161,189,20,2.16,6.0,69.0,0.2336,,low
V7384,Vendor_996_Ltd,Electronics,9,2473,939,718,86,666,24,3.94,6.0,6.0,0.0422,131546.0,0
V3283,Vendor_594_Ltd,IT Hardware,20,4715,3664,728,3315,2307,29,3.08,5.0,18.0,0.0105,193987.0,
V3041,Vendor_533_LLC,IT Hardware,11,470,321,40,213,116,17,4.84,1.0,,0.1436,306042.0,high
V1310,Vendor_414_Corp,Food & Beverage,20,487,362,206,309,73,21,3.12,9.0,28.0,,118744.0,Low
V6412,Vendor_413_Corp,IT Hardware,7,1539,107,76,92,41,9,2.69,7.0,66.0,0.1921,284231.0,low risk
V7015,Vendor_917_Inc,Textiles,25,3605,3512,2943,3422,1430,16,4.28,10.0,33.0,0.0415,467231.0,High
V3622,Vendor_197_Co,Office Supplies,18,1753,570,188,95,120,17,4.24,3.0,13.0,0.0778,163876.0,low
V9444,Vendor_869_LLC,Office Supplies,5,2455,912,874,486,266,21,4.55,5.0,44.0,0.0681,340696.0,0
V6372,Vendor_790_LLC,Raw Materials,13,1410,369,114,322,178,22,4.62,Bad,2.0,0.2332,283630.0,low
V1480,Vendor_457_Inc,Packaging,8,3072,527,363,285,59,1,2.93,2.0,37.0,0.2161,380142.0,1
V6545,Vendor_753_Corp,Office Supplies,10,1049,51,13,0,39,15,99.0,2.0,24.0,0.145,369498.0,High
V2319,Vendor_415_Co,Food & Beverage,12,194,122,53,59,45,7,2.89,2.0,41.0,0.2263,402882.0,1
V7122,Vendor_950_Corp,IT Hardware,9,3099,981,262,206,432,4,,3.0,51.0,0.2892,94585.0,High
V5482,Vendor_909_Corp,IT Hardware,16,174,16,9,9,13,6,4.13,5.0,10.0,0.1973,111796.0,high
V7544,Vendor_116_Ltd,Electronics,10,198,180,37,161,132,18,2.09,3.0,34.0,0.0038,411609.0,Low
V7553,Vendor_225_Co,Textiles,1,4055,2336,365,2021,1843,16,3.86,2.0,13.0,0.1417,322356.0,0
V6656,Vendor_231_Co,Food & Beverage,27,20,6,5,5,4,1,4.33,4.0,59.0,0.0356,145421.0,1
V1838,Vendor_828_Co,Electronics,21,1933,1178,957,810,497,1,3.41,8.0,37.0,0.1846,321717.0,
V5092,Vendor_529_Ltd,Electronics,22,2314,355,270,332,154,6,,TBD,26.0,0.0261,248058.0,High Risk
V6379,Vendor_812_Ltd,Electronics,30,3935,2364,518,1910,430,26,4.57,4.0,28.0,0.1563,255672.0,NO
V9303,Vendor_785_Corp,Raw Materials,30,2144,1411,1397,911,119,16,3.08,10.0,49.0,0.1224,46548.0,NO
V3965,Vendor_791_Ltd,Electronics,2,1140,1075,1027,970,121,21,3.06,1.0,55.0,0.254,61103.0,0
V9566,Vendor_564_Corp,Machinery,15,3938,3694,479,3401,1190,27,4.82,5.0,36.0,0.1121,334795.0,NO
V6436,Vendor_648_Inc,IT Hardware,20,2321,2291,1324,1712,1976,1,3.92,10.0,62.0,0.077,310857.0,1
V3374,Vendor_441_Corp,Textiles,18,296,256,144,217,129,7,4.68,2.0,3.0,0.2583,156561.0,high
V5008,Vendor_922_Co,Packaging,24,4551,1687,1384,73,1578,27,2.78,3.0,67.0,0.1724,197311.0,Low Risk
V5503,Vendor_911_Corp,Textiles,15,2968,1696,2,1172,1525,4,2.89,9.0,59.0,0.158,37285.0,0
V9986,Vendor_648_Inc,Office Supplies,26,456,21,2,8,3,4,4.78,7.0,27.0,0.012,347185.0,Low Risk
V9495,Vendor_111_LLC,Packaging,28,4305,573,465,58,377,30,3.23,3.0,15.0,0.0387,220369.0,low
V9476,Vendor_492_LLC,Textiles,5,2086,207,74,150,62,25,2.69,2.0,63.0,0.1014,185137.0,1
V6164,Vendor_675_Co,Packaging,14,4888,2009,822,1576,577,19,2.58,5.0,5.0,0.1316,283130.0,Low
V7686,Vendor_386_Corp,Packaging,7,3408,2682,405,2004,2521,15,3.33,4.0,47.0,0.0298,360493.0,Low
V6591,Vendor_362_Co,Packaging,2,4369,4172,3979,3835,2204,13,4.9,9.0,9.0,0.0773,229021.0,High
V1142,Vendor_427_Corp,Chemicals,16,2657,674,118,614,296,5,4.25,1.0,62.0,0.2593,337380.0,Low Risk
V3517,Vendor_953_Co,Electronics,8,47,11,6,4,9,3,3.04,3.0,22.0,0.223,166368.0,YES
V8317,Vendor_115_Co,Automotive,23,687,165,62,130,150,29,3.55,1.0,25.0,0.0882,154707.0,High Risk
V2088,Vendor_108_Ltd,Office Supplies,4,3525,2265,48,1337,1786,15,4.06,6.0,54.0,0.0557,315612.0,0
V2611,Vendor_733_Corp,Chemicals,14,3359,2217,1016,242,607,23,3.01,7.0,58.0,0.0916,62404.0,
V6655,Vendor_610_Inc,Automotive,3,4183,2354,403,1962,2324,21,2.31,7.0,29.0,0.1289,317256.0,YES
V8993,Vendor_694_Inc,Chemicals,1,4229,1160,1115,41,401,2,2.03,1.0,43.0,0.13,474574.0,Low Risk
V3962,Vendor_515_Inc,Machinery,15,3509,3284,2229,1930,1424,30,3.79,8.0,,0.2202,73085.0,Low
V3188,Vendor_935_LLC,Machinery,6,414,78,70,50,13,18,3.23,2.0,35.0,0.0006,405469.0,0
V6721,Vendor_184_LLC,Textiles,6,3897,47,1,21,8,16,4.76,3.0,42.0,,458122.0,high
V6067,Vendor_371_LLC,Textiles,26,280,184,32,45,19,30,,4.0,47.0,0.2449,294883.0,High
V6739,Vendor_841_Corp,Raw Materials,11,1031,352,271,17,48,7,3.59,4.0,51.0,0.0123,285573.0,High
V8796,Vendor_556_Inc,Chemicals,13,1161,700,526,434,660,12,3.65,2.0,62.0,0.0497,346018.0,High
V2691,Vendor_161_Inc,Packaging,21,4234,576,297,245,467,17,2.56,1.0,52.0,0.2233,459902.0,0
V4356,Vendor_515_Ltd,Textiles,2,1402,565,314,236,452,10,2.93,7.0,59.0,0.035,283363.0,High Risk
V4876,Vendor_692_Corp,Automotive,1,4087,291,94,112,272,17,2.18,7.0,13.0,0.1863,479041.0,Low Risk
V4568,Vendor_795_Ltd,Chem,25,3262,2323,309,1319,1813,16,2.34,1.0,46.0,0.0411,270402.0,YES
V8317,Vendor_111_Inc,Machinery,8,736,725,686,654,343,23,2.2,5.0,14.0,0.2161,26243.0,high
V2428,Vendor_394_Co,IT Hardware,6,752,173,41,62,70,20,2.03,1.0,54.0,0.1183,436932.0,NO
V5518,Vendor_899_Ltd,Chemicals,27,4554,3871,1047,2970,1838,19,2.52,8.0,15.0,0.1924,128245.0,0
V1670,Vendor_207_Inc,Electronics,25,4149,1572,1203,1549,1220,22,4.85,6.0,45.0,0.2821,257938.0,high
V6656,Vendor_682_LLC,Office Supplies,22,4077,2346,353,15,45,26,3.9,6.0,64.0,0.0389,70556.0,High Risk
V6880,Vendor_161_Inc,Machinery,19,3010,2083,1890,996,1983,24,4.09,6.0,8.0,0.2388,364437.0,
V7462,Vendor_805_Inc,Chemicals,16,3110,1379,662,205,102,24,2.26,4.0,43.0,0.2272,217032.0,High
V4627,Vendor_769_Inc,IT Hardware,20,537,73,69,38,12,29,2.52,9.0,46.0,0.1038,394238.0,1
V6158,Vendor_552_Inc,Raw Materials,30,2229,1509,363,1149,109,24,2.47,8.0,52.0,0.1556,36761.0,YES
V3152,Vendor_795_Ltd,Machinery,13,2888,1702,525,848,957,18,4.77,2.0,48.0,0.1977,463562.0,NO
V2143,Vendor_795_Corp,Automotive,25,4207,2434,897,1866,161,22,2.14,4.0,52.0,0.2603,108273.0,high
V4729,Vendor_331_LLC,Chemicals,19,665,654,483,242,45,26,3.26,8.0,43.0,0.2737,263077.0,High
V5694,Vendor_464_LLC,Packaging,2,4071,1130,406,1094,311,24,3.45,6.0,,0.1824,93653.0,High Risk
V9580,Vendor_295_Corp,Office Supplies,25,3022,2604,262,591,1909,25,4.99,,72.0,0.2054,125897.0,Low
V4709,Vendor_490_LLC,Raw Materials,12,1886,1051,335,755,753,24,4.39,8.0,31.0,0.1368,23703.0,1
V8496,Vendor_246_Inc,Office Supplies,25,1135,410,175,209,291,3,3.46,3.0,41.0,0.1903,3471.0,low
V9396,Vendor_309_Corp,Chemicals,3,327,209,139,33,208,12,4.56,8.0,19.0,0.0796,281067.0,1
V8290,Vendor_176_LLC,Textiles,24,4959,2154,1755,1422,1324,9,2.66,2.0,48.0,0.008,337163.0,YES
V2272,Vendor_311_Corp,IT Hardware,25,668,499,485,250,102,26,3.38,5.0,32.0,0.0347,171999.0,0
V6984,Vendor_579_Co,Packaging,13,2159,1981,273,354,721,9,2.31,6.0,35.0,0.1944,384374.0,YES
V8146,Vendor_248_Corp,Office Supplies,22,74,0,0,0,0,4,4.17,3.0,29.0,0.0067,7525.0,High Risk
V5273,Vendor_290_Corp,Textiles,2,967,364,207,86,331,12,3.92,2.0,13.0,0.1211,403783.0,low
V8483,Vendor_216_Ltd,Machinery,9,826,799,51,485,9,18,3.1,1.0,69.0,0.2514,169108.0,1
V6611,Vendor_683_Corp,Packaging,29,1662,1641,1398,1017,845,7,4.76,3.0,6.0,0.0283,409390.0,High
V5507,Vendor_240_Inc,Machinery,17,2942,3,2,3,2,8,4.61,4.0,1.0,0.2409,376293.0,0
V7427,Vendor_581_Ltd,Chemicals,6,1398,984,53,667,509,14,3.55,9.0,,0.0356,290939.0,low
V5840,Vendor_940_Inc,Automotive,14,562,542,9,321,347,8,2.89,8.0,9.0,0.1538,95881.0,Low Risk
V8295,Vendor_641_Ltd,Electronics,6,1563,1248,929,394,267,26,3.58,10.0,Slow,0.0646,189661.0,Low
V8552,Vendor_151_LLC,IT Hardware,14,1065,188,84,31,10,27,4.17,8.0,4.0,0.1148,224694.0,0
V9126,Vendor_826_Corp,Machinery,10,393,263,132,114,53,13,3.13,3.0,1.0,0.0552,209641.0,NO
V2211,Vendor_710_Corp,Raw Materials,4,2112,1495,795,1103,1099,25,2.42,2.0,58.0,0.247,140701.0,0
V7165,Vendor_153_Ltd,Raw Materials,2,954,840,4,378,190,10,3.41,3.0,54.0,0.1658,118465.0,High
V6704,Vendor_282_Corp,Packaging,28,2062,492,285,460,222,15,4.31,6.0,55.0,0.0641,294493.0,1
V2229,Vendor_107_Ltd,Office Supplies,8,536,39,35,38,33,5,,3.0,64.0,0.09,389167.0,low
V3103,Vendor_470_Ltd,Packaging,4,2096,1814,125,904,135,4,3.37,5.0,38.0,0.2571,14131.0,1
V2340,Vendor_634_Ltd,Chemicals,9,2554,2260,1751,1674,1980,5,4.88,3.0,TBD,0.0902,497614.0,low
V2229,Vendor_787_Ltd,Packaging,17,2898,2518,1781,1124,234,26,4.25,3.0,4.0,0.0428,319543.0,YES
V9212,Vendor_836_Inc,Electronics,6,4749,3536,2405,1627,339,17,4.35,,2.0,0.0585,107477.0,
V2380,Vendor_819_LLC,Packaging,29,2194,58,43,37,16,10,3.45,5.0,55.0,0.0612,18574.0,
V7020,Vendor_943_Ltd,Machinery,10,3179,1172,32,1017,671,29,2.06,1.0,26.0,0.085,474746.0,high risk
V3751,Vendor_311_Corp,Packaging,24,4477,628,469,129,139,13,3.55,8.0,,0.0379,411274.0,0
V5084,Vendor_317_LLC,Automotive,26,2370,400,298,225,168,27,4.97,5.0,5.0,0.1757,117029.0,Low Risk
V1916,Vendor_334_Corp,Packaging,13,4572,1799,1402,664,1726,9,2.2,10.0,41.0,,262740.0,high
V3716,Vendor_287_LLC,Packaging,7,1219,429,282,323,362,15,2.95,8.0,18.0,0.1395,20470.0,Low
V8438,Vendor_529_Ltd,Office Supplies,16,1661,1437,1153,102,768,2,2.47,,51.0,0.2933,18580.0,high
V3538,Vendor_870_LLC,Food & Beverage,2,1376,408,268,114,391,10,3.83,4.0,18.0,0.1431,365062.0,High
V7440,Vendor_103_Corp,Machinery,26,4974,590,258,127,385,30,2.76,8.0,59.0,0.2804,289696.0,Low Risk
V5694,Vendor_209_Ltd,Textiles,15,2146,792,302,619,206,9,4.91,8.0,72.0,0.2683,294467.0,YES
V2631,Vendor_197_Inc,Packaging,4,1474,26,2,17,13,24,4.35,8.0,17.0,0.2579,365482.0,0
V7576,Vendor_350_LLC,Office Supplies,29,2847,410,256,107,49,12,2.67,4.0,56.0,,175335.0,low
V3538,Vendor_732_Corp,Food & Beverage,6,4650,4380,489,1327,184,13,2.94,2.0,32.0,0.2157,77341.0,
V8549,Vendor_189_Corp,Machinery,11,3517,567,489,450,145,21,3.2,5.0,63.0,0.21,36275.0,0
V5199,Vendor_363_LLC,Automotive,2,4028,3188,756,3119,1034,15,3.34,5.0,34.0,0.0543,155194.0,Low Risk
V2978,Vendor_556_Corp,Automotive,23,1985,1325,556,61,1157,19,2.96,8.0,40.0,0.2705,276868.0,0
V1004,Vendor_368_Inc,Electronics,19,3642,162,34,104,102,12,3.29,3.0,9.0,0.1432,,YES
V8308,Vendor_113_Ltd,Food & Beverage,8,1855,391,173,181,353,24,2.3,3.0,28.0,0.03,173632.0,Low
V9193,Vendor_964_Co,Automotive,11,2101,1745,693,233,589,1,4.51,3.0,27.0,0.0858,462839.0,High Risk
V1440,Vendor_241_Ltd,Textiles,30,4650,3175,74,2426,510,26,2.82,2.0,40.0,0.0562,355196.0,YES
V4192,Vendor_325_Corp,Raw Materials ,26,4010,2672,2020,1709,914,3,2.84,10.0,3.0,0.074,247633.0,1
V5723,Vendor_858_Corp,Raw Materials,10,2755,77,41,17,21,26,2.46,7.0,53.0,0.1441,55052.0,Low
V8765,Vendor_809_Inc,Office Supplies,6,1249,710,86,89,554,8,2.36,6.0,65.0,0.0648,46895.0,NO
V8033,Vendor_977_Co,Packaging,17,1999,1709,1106,6,1406,22,4.95,3.0,9.0,0.1687,105789.0,YES
V2773,Vendor_823_Co,Machinery,2,3633,2382,1215,771,595,5,2.81,7.0,34.0,0.1237,277992.0,
V5779,Vendor_644_Ltd,Chemicals,9,2608,124,56,48,23,19,4.3,10.0,70.0,0.0318,183008.0,Low Risk
V1286,Vendor_676_Ltd,Raw Materials,8,4531,2657,265,805,527,15,4.25,4.0,71.0,0.1633,317671.0,
V3616,Vendor_796_Inc,Machinery,27,2404,7,5,1,6,5,,2.0,48.0,0.1817,66871.0,High Risk
V4707,Vendor_379_Co,Food & Beverage,13,954,877,326,874,698,6,2.31,8.0,37.0,0.0215,16634.0,
V7383,Vendor_940_LLC,Textiles,7,3425,839,275,334,576,29,3.11,4.0,43.0,0.2381,369472.0,YES
V6285,Vendor_239_LLC,Textiles,26,3250,2400,413,1378,1236,21,4.88,6.0,23.0,0.2122,295637.0,NO
V3098,Vendor_454_Inc,Chemicals,29,770,43,20,37,24,19,2.09,8.0,72.0,0.0134,167290.0,High Risk
V3353,Vendor_735_Co,Office Supplies,26,4132,2960,2060,557,1434,17,,3.0,67.0,0.0193,386910.0,1
V2929,Vendor_320_Inc,Machinery,4,2185,2102,944,1931,1187,26,4.14,Good,34.0,0.1222,314905.0,0
V2613,Vendor_736_Inc,Electronics,16,13,9,0,6,5,6,4.48,4.0,36.0,0.2852,214982.0,1
V7121,Vendor_471_Ltd,Raw Materials,22,3647,805,18,447,238,19,4.59,9.0,8.0,0.116,332395.0,High
V4592,Vendor_313_Inc,Automotive,11,1592,931,675,326,878,4,4.08,6.0,9.0,0.1877,302257.0,High
V3762,Vendor_706_Co,Office Supplies,6,1035,620,546,95,514,22,3.87,10.0,44.0,0.2528,296498.0,0
V6737,Vendor_260_Ltd,Food & Beverage,26,981,679,244,411,239,14,2.83,7.0,36.0,0.2328,105030.0,Low Risk
V5400,Vendor_513_Corp,Office Supplies,30,2829,88,62,46,3,22,2.38,8.0,14.0,0.0841,41916.0,high
V8556,Vendor_667_Inc,Office Supplies,12,4832,3161,3082,2180,196,9,4.84,3.0,40.0,0.0384,353190.0,High Risk
V8562,Vendor_850_Co,Textiles,13,3355,2093,1994,0,1149,22,3.95,7.0,71.0,,372284.0,Low Risk
V7029,NA,Textiles,28,1345,118,68,86,118,30,3.48,10.0,72.0,0.2485,98161.0,high
V6577,Vendor_522_Corp,IT Hardware,4,4265,747,471,664,679,17,3.81,,55.0,0.1309,55222.0,0
V9398,Vendor_613_Co,IT Hardware,27,3332,2057,304,594,1919,1,4.68,2.0,23.0,0.0441,463086.0,Low Risk
V7245,Vendor_999_Co,Raw Materials,1,4447,3346,952,2979,2260,2,3.03,8.0,,0.2865,286949.0,No
V4543,Vendor_921_LLC,Food & Beverage,14,3071,277,169,219,108,23,3.87,7.0,72.0,0.1715,481967.0,Low Risk
V1110,Vendor_354_Inc,Electronics,12,2343,762,657,591,660,19,3.32,9.0,34.0,0.1618,16938.0,1
V6402,Vendor_441_Corp,Chemicals,13,4225,3603,2845,300,3044,6,2.74,1.0,15.0,0.2322,423737.0,YES
V9610,Vendor_186_Corp,Food & Beverage,1,2120,131,130,71,29,30,4.04,2.0,25.0,0.0336,497609.0,high
V8771,Vendor_214_Ltd,Electronics,17,4392,2572,1107,2546,1750,20,2.06,5.0,61.0,0.2445,78950.0,High
V1000,Vendor_100_Inc,Machinery,15,4199,110,0,89,31,18,2.46,7.0,68.0,0.2208,331106.0,0
V2359,Vendor_510_Corp,Packaging,2,754,272,163,7,221,16,2.55,10.0,14.0,0.2674,221131.0,0
V9750,Vendor_564_Inc,Food & Beverage,7,101,55,50,45,15,14,4.51,1.0,33.0,TBD,195306.0,High Risk
V4489,Vendor_883_Corp,Automotive,6,2760,2491,448,1614,2309,22,4.55,5.0,50.0,0.2021,305390.0,Low
V8269,Vendor_144_Inc,Office Supplies,6,2563,2237,2229,1988,1607,26,2.12,5.0,36.0,0.2352,348618.0,High Risk
V9992,Vendor_173_Inc,Office Supplies,2,1466,320,2,92,259,17,3.76,6.0,18.0,0.0332,231942.0,
V5963,Vendor_267_Ltd,Chemicals,8,2593,942,673,213,206,30,4.76,6.0,4.0,0.0412,472271.0,low
V3716,Vendor_520_Co,IT Hardware,5,1533,1238,1074,792,377,1,3.15,7.0,10.0,0.2899,498354.0,Low Risk
V3278,Vendor_563_LLC,Food & Beverage,28,1503,984,100,324,190,28,4.1,,53.0,0.0599,400477.0,High Risk
V2381,Vendor_212_Corp,Food & Beverage,10,688,349,87,83,248,14,3.05,1.0,52.0,0.1108,434838.0,1
V7682,Vendor_127_Ltd,IT Hardware,9,3368,3227,2050,2237,1326,11,4.27,9.0,36.0,0.1317,319300.0,1
V1021,Vendor_345_Inc,Chemicals,13,1616,823,387,347,147,3,2.43,1.0,46.0,0.1887,439360.0,1
V1612,Vendor_848_Co,Textiles,3,4730,781,609,657,307,25,2.17,6.0,45.0,0.2639,228700.0,high
V7762,Vendor_421_Inc,Textiles,25,881,448,290,289,329,13,2.46,10.0,64.0,0.208,189338.0,1
V1930,Vendor_833_Corp,IT Hardware,16,997,383,209,212,372,23,4.45,8.0,41.0,0.1892,103126.0,low
V7163,Vendor_827_Corp,Electronics,1,4714,3519,2580,2458,820,29,2.28,2.0,17.0,0.1006,199137.0,high
V3718,Vendor_911_Inc,IT Hardware,24,1230,544,145,73,61,27,3.71,5.0,57.0,0.0373,362065.0,High
V8159,Vendor_927_LLC,Machinery,9,4728,529,351,386,390,4,2.87,2.0,12.0,,311483.0,1
V2343,Vendor_961_Inc,Office Supplies,29,2512,1994,1129,222,359,18,2.59,2.0,10.0,0.2676,446428.0,High Risk
V4211,Vendor_152_Corp,Raw Materials,8,1923,1470,35,216,1357,5,3.17,4.0,32.0,0.1793,290549.0,high
V5509,Vendor_655_Co,Office Supplies,1,4761,1991,1690,1290,832,17,4.9,4.0,35.0,0.1604,280290.0,NO
V3987,Vendor_253_LLC,Office Supplies,28,4181,3277,2187,1374,2533,24,4.93,1.0,50.0,0.2781,182646.0,NO
V4053,Vendor_623_Inc,Office Supplies,5,2393,578,348,17,15,9,4.29,8.0,6.0,0.212,283683.0,
V1743,Vendor_620_Corp,Automotive,13,4939,4781,4645,3643,664,7,2.44,2.0,31.0,0.193,,
V3517,Vendor_456_LLC,Textiles,30,3476,2049,1003,206,893,28,4.75,6.0,19.0,,171878.0,High Risk
V4897,Vendor_127_Ltd,IT Hardware,29,1007,581,350,178,54,12,3.26,5.0,48.0,,160964.0,YES
V4432,Vendor_615_LLC,Machinery,23,4770,264,209,249,48,23,2.31,2.0,53.0,0.2428,262978.0,
V3801,Vendor_850_LLC,Food & Beverage,19,3118,1443,242,1086,1085,7,4.94,10.0,28.0,0.1742,253502.0,Low
V4098,Vendor_888_Corp,Textiles,20,4392,1700,597,1690,1467,29,4.82,4.0,41.0,0.222,187058.0,high
V9193,Vendor_365_Ltd,Electronics,29,2831,1938,1399,56,1698,15,3.71,8.0,8.0,0.0076,454456.0,0
V5357,Vendor_464_Co,Automotive,5,2293,871,863,112,441,30,4.68,4.0,57.0,0.164,142771.0,low
V7453,Vendor_444_Co,Food & Beverage,6,865,213,195,104,49,16,3.2,7.0,67.0,0.1477,256913.0,Low
V6294,Vendor_917_Corp,Raw Materials,18,4672,1059,432,99,579,20,3.14,7.0,33.0,0.0534,405161.0,high
V1014,Vendor_632_LLC,Electronics,30,4187,2826,2098,223,623,25,4.08,7.0,38.0,0.1161,13129.0,
V9350,Vendor_797_Corp,Chemicals,2,3358,2697,2469,488,1273,12,2.79,3.0,,0.0667,151421.0,Low
V1900,Vendor_937_Ltd,Automotive,28,1905,326,278,131,21,5,3.24,10.0,27.0,0.29,357273.0,1
V2416,Vendor_790_Ltd,IT Hardware,7,4270,2301,1080,456,1676,22,4.88,3.0,35.0,0.2493,273433.0,NO
V6641,Vendor_406_Ltd,Automotive,29,675,108,26,104,69,27,5.0,9.0,29.0,0.2457,485721.0,Low
V7888,Vendor_863_Co,Automotive,12,2138,2098,409,1570,584,6,4.74,1.0,44.0,0.1283,217843.0,0
V9719,Vendor_452_LLC,Office Supplies,11,3770,2477,665,104,583,18,2.37,10.0,37.0,0.0906,11850.0,1
V2457,Vendor_775_Inc,Textiles,25,4040,3781,2584,1913,2213,24,3.73,1.0,20.0,0.0747,6091.0,Low
V2510,Vendor_376_Ltd,Food & Beverage,6,2561,2187,82,21,606,14,4.86,9.0,72.0,0.1263,41484.0,high
V7971,Vendor_570_Ltd,Chemicals,15,1379,389,204,60,62,30,4.43,4.0,10.0,0.0667,113398.0,High
V3498,Vendor_846_Co,Office Supplies,8,3990,338,219,126,316,9,4.3,5.0,32.0,0.1999,226002.0,1
V9852,Vendor_852_Corp,Packaging,18,3337,775,425,636,248,9,3.17,1.0,61.0,0.0018,496789.0,
V3518,Vendor_520_Corp,Food & Beverage,1,4040,809,86,541,526,5,4.31,5.0,29.0,0.1412,197245.0,High
V5771,Vendor_401_LLC,Raw Materials,22,4985,1706,45,1230,1324,6,2.25,4.0,36.0,0.2981,374806.0,Low
V9962,Vendor_539_LLC,Textiles,27,4610,1873,1354,723,1341,16,2.65,7.0,39.0,0.1553,127006.0,0
V4332,Vendor_729_Ltd,Office Supplies,28,610,556,157,73,512,3,4.91,6.0,64.0,0.2569,265071.0,NO
V7510,Vendor_973_Co,Machinery,19,2658,954,244,290,57,8,4.03,4.0,72.0,0.2124,109134.0,Low
V4685,Vendor_401_Inc,Raw Materials,16,3320,2510,298,2051,1118,19,4.0,3.0,53.0,0.1604,233849.0,NO
V3328,Vendor_301_Inc,Chemicals,24,1131,311,131,67,261,26,2.43,1.0,57.0,0.0362,77056.0,NO
V5410,Vendor_620_LLC,Food & Beverage,26,4806,1255,789,1128,285,11,2.26,1.0,51.0,0.2119,454465.0,YES
V9392,Vendor_395_Ltd,Raw Materials,15,137,50,6,41,2,12,3.72,3.0,54.0,0.2905,165768.0,Low Risk
V3811,Vendor_621_Co,Raw Materials,13,3376,1968,1187,1121,500,14,4.26,3.0,50.0,0.2452,275409.0,
V1488,Vendor_439_LLC,Office Supplies,12,2445,1138,111,974,636,15,4.62,6.0,10.0,0.2225,126517.0,
V6624,Vendor_954_Co,Raw Materials,14,2543,780,42,593,532,26,3.37,6.0,37.0,0.0331,5369.0,low
V1944,Vendor_200_Ltd,Chemicals,21,4075,4042,472,2547,361,13,2.13,3.0,69.0,0.0417,434769.0,1
V2879,Vendor_789_Ltd,IT Hardware,5,888,328,8,208,75,13,4.71,6.0,9.0,0.2729,113003.0,0
V9513,Vendor_992_Corp,Packaging,22,2252,436,409,144,271,25,4.53,2.0,38.0,0.0813,214040.0,1
V3294,Vendor_432_LLC,IT Hardware,30,4269,463,372,12,60,2,3.03,4.0,24.0,0.2645,488848.0,1
V3709,Vendor_992_Co,Chemicals,10,2725,519,395,229,164,4,2.7,4.0,42.0,0.1656,-10000.0,0
V3848,Vendor_161_Ltd,Automotive,21,2402,881,757,624,187,21,10.0,1.0,43.0,0.2172,16571.0,High Risk
V2661,Vendor_266_Corp,Chemicals,6,3871,2886,2834,1568,875,13,2.5,9.0,45.0,0.2949,239979.0,1
V8221,Vendor_577_Corp,IT Hardware,17,3003,2386,1798,540,1905,23,2.83,1.0,46.0,0.0566,485889.0,High
V5060,Vendor_222_Ltd,Office Supplies,8,4548,4172,1045,1171,635,13,4.17,4.0,17.0,0.2666,,
V4202,Vendor_209_Inc,Packaging,8,1451,756,300,611,619,24,3.25,,26.0,0.0651,,high
V7289,Vendor_549_Ltd,Textiles,11,464,417,416,364,221,10,3.97,6.0,30.0,0.2208,94721.0,High
V6736,Vendor_462_Corp,Machinery,15,3942,2325,543,2022,350,2,2.63,,58.0,0.2663,315284.0,low
V1994,Vendor_259_Co,Chemicals,27,2614,1272,553,361,574,29,3.61,1.0,39.0,0.2097,271302.0,High Risk
V7983,Vendor_942_Ltd,Raw Materials,10,1862,402,82,330,31,14,4.62,8.0,8.0,0.2884,,1
V8837,Vendor_638_Ltd,Packaging,6,520,141,132,53,83,15,4.74,6.0,70.0,0.1063,405744.0,NO
V9911,Vendor_172_Ltd,Food & Beverage,5,473,50,26,12,35,22,4.9,1.0,12.0,,378959.0,1
V4741,Vendor_709_Co,Automotive,28,3947,67,52,36,52,15,2.94,7.0,72.0,0.284,303077.0,0
V4197,Vendor_225_Inc,Office Supplies,23,3351,2520,2347,1702,404,11,3.12,4.0,21.0,0.0399,416856.0,High Risk
V4109,Vendor_452_Inc,Automotive,26,4756,4680,2349,4102,2596,15,4.11,3.0,43.0,0.067,451124.0,1
V3576,Vendor_745_Inc,Automotive,15,1560,1500,925,47,876,24,2.65,1.0,68.0,0.0181,185580.0,High Risk
V5419,Vendor_777_Inc,Chemicals,7,2189,238,200,140,50,9,2.18,9.0,67.0,0.1005,447083.0,Low
V3947,Vendor_717_Ltd,Textiles,17,966,159,29,103,111,21,4.3,3.0,62.0,0.0687,89661.0,High Risk
V6435,Vendor_566_Co,Food & Beverage,7,4049,2436,2314,1916,87,4,2.06,1.0,23.0,0.1464,37502.0,1
V4659,Vendor_553_Corp,Office Supplies,11,1729,574,538,221,0,26,4.07,5.0,46.0,0.2522,441381.0,High
V3614,Vendor_727_Corp,Automotive,30,1842,969,218,771,346,8,2.25,2.0,51.0,0.2065,270841.0,high
V6897,Vendor_548_Inc,Automotive,25,3846,3655,1215,873,3611,29,4.47,6.0,,0.1262,32706.0,high
V1441,Vendor_491_Inc,IT Hardware,15,159,116,64,8,67,8,2.65,9.0,12.0,0.0904,424346.0,1
V6265,Vendor_588_Co,IT Hardware,17,1826,1108,399,967,425,16,4.02,4.0,39.0,0.2632,209893.0,High Risk
V8969,Vendor_590_Inc,Packaging,1,1476,1269,643,934,1088,15,2.32,2.0,2.0,0.0533,,YES
V4114,Vendor_156_Co,Electronics,12,709,318,216,127,177,21,3.43,2.0,56.0,0.0618,339820.0,Low Risk
V5712,Vendor_175_Inc,Raw Materials,17,480,167,46,70,120,19,2.22,8.0,70.0,0.204,482933.0,
V6798,Vendor_713_Corp,Packaging,4,1633,1262,873,1254,555,22,2.22,2.0,32.0,0.0305,153551.0,NO
V2863,Vendor_591_Corp,Chemicals,16,1272,156,55,111,13,30,4.52,3.0,17.0,0.1822,417828.0,
V6934,Vendor_123_Co,Chemicals,10,4278,2742,1441,711,728,7,3.3,5.0,69.0,0.1542,151851.0,High Risk
V4312,Vendor_629_Corp,Office Supplies,18,200,183,87,95,75,24,3.07,9.0,24.0,0.1778,111809.0,High Risk
V5676,Vendor_133_LLC,Electronics,4,72,28,22,22,27,1,3.85,7.0,64.0,0.1693,403869.0,YES
V9708,Vendor_870_Inc,Packaging,20,2460,254,35,232,160,12,3.61,8.0,55.0,0.172,197256.0,Low Risk
V1330,Vendor_400_Corp,Food & Beverage,29,3298,2217,395,209,2125,11,3.29,5.0,28.0,0.0095,449521.0,NO
V6581,Vendor_650_Inc,Textiles,12,89,24,8,8,1,24,3.85,6.0,11.0,0.1752,99999999.0,NO
V6579,Vendor_854_Ltd,Automotive,20,901,18,1,4,14,18,4.77,9.0,62.0,0.2027,286806.0,1
V7251,Vendor_144_Corp,Machinery,4,1804,635,547,506,485,1,4.14,9.0,55.0,0.0395,191619.0,1
V1029,Vendor_213_LLC,Machinery,10,3787,2361,1754,791,275,7,4.29,5.0,24.0,0.0768,417398.0,Low Risk
V7749,Vendor_785_Co,Food & Beverage,7,4645,1546,843,913,705,4,3.16,4.0,59.0,0.1765,137539.0,0
V2909,Vendor_984_Corp,Electronics,20,4417,4105,2408,1898,2808,21,3.79,3.0,42.0,0.1798,271590.0,Low Risk
V3931,Vendor_256_Co,Office Supplies,8,1026,947,566,779,377,26,2.03,3.0,35.0,0.154,11862.0,High Risk
V5224,Vendor_410_Co,Electronics,16,1837,1614,967,146,122,4,3.97,4.0,55.0,0.0762,284336.0,Low Risk
V3535,Vendor_408_Inc,Electronics,26,1127,457,345,327,436,16,3.87,4.0,15.0,0.0201,81227.0,Low Risk
V5256,Vendor_999_Inc,Electronics,20,1912,726,637,219,707,16,2.43,10.0,33.0,0.1262,411763.0,High Risk
V8237,Vendor_316_Ltd,Food & Beverage,25,2638,1103,853,182,384,17,4.6,1.0,66.0,0.2374,35402.0,High
V2636,Vendor_589_Inc,IT Hardware,20,2993,2810,327,2311,2,21,4.69,9.0,25.0,0.1388,235741.0,High Risk
V4734,Vendor_453_Corp,Packaging,13,958,273,59,135,267,1,3.7,2.0,35.0,0.2158,489286.0,low
V2274,Vendor_307_Ltd,Automotive,6,1353,1098,226,765,790,8,4.64,3.0,5.0,0.2125,226747.0,0
V9155,Vendor_319_Corp,Machinery,15,4777,122,46,120,73,11,4.0,8.0,33.0,0.1123,414336.0,NO
V6597,Vendor_353_Ltd,IT Hardware,5,3645,2727,2139,2677,2452,18,2.18,4.0,49.0,0.2009,71017.0,High
V1822,Vendor_536_Ltd,Food & Beverage,4,4071,2083,1627,934,655,12,2.06,2.0,54.0,0.2138,208689.0,Low Risk
V3632,Vendor_813_Ltd,Packaging,30,3955,1947,1096,1410,1605,23,3.71,1.0,72.0,0.2349,314067.0,1
V5450,Vendor_416_Inc,Electronics,23,3071,2288,1117,1822,164,30,2.73,6.0,24.0,0.1863,287127.0,Low Risk
V9208,Vendor_499_Co,Machinery,2,4605,404,336,153,52,8,4.66,3.0,50.0,0.2535,344063.0,Low
V6721,Vendor_522_Inc,Chemicals,12,4173,1739,769,650,235,23,4.27,,29.0,0.1048,201296.0,1
V6359,Vendor_108_Ltd,IT Hardware,22,2329,1313,1278,448,51,19,3.66,6.0,68.0,0.2151,79899.0,Low
V4503,Vendor_588_Corp,Chemicals,1,1302,856,469,151,273,17,2.56,9.0,53.0,0.2835,128296.0,YES
V2632,Vendor_669_Inc,Packaging,3,843,730,609,389,506,20,2.46,TBD,35.0,0.2976,393855.0,high
V6810,Vendor_341_Co,IT Hardware,16,428,68,62,2,65,1,4.82,5.0,5.0,0.023,452824.0,low
V9433,Vendor_162_Ltd,Raw Materials,5,2019,720,575,557,346,7,3.24,10.0,68.0,,449256.0,High Risk
V4977,Vendor_428_LLC,Machinery,14,4837,2947,1088,2570,2413,5,2.45,7.0,63.0,0.1399,29363.0,high
V2568,Vendor_,Automotive,15,1197,834,587,575,752,3,4.94,7.0,44.0,0.2129,205594.0,0
V9433,Vendor_925_Ltd,Electronics,11,2182,1187,647,20,341,6,2.35,1.0,21.0,0.1195,241480.0,0
V3490,Vendor_801_Inc,IT Hardware,15,3257,813,60,367,425,5,2.39,4.0,62.0,0.0073,409321.0,1
V7972,Vendor_813_Co,IT Hardware,27,4358,4166,3627,3120,2847,8,10.0,7.0,7.0,0.125,68096.0,0
V2108,Vendor_747_Co,Packaging,16,4639,1444,165,279,1055,30,4.45,7.0,30.0,0.2541,23229.0,1
V6218,Vendor_377_LLC,Chemicals,19,947,15,3,6,11,8,2.51,5.0,44.0,0.1622,27595.0,0
V5989,Vendor_892_Inc,Food & Beverage,6,413,97,37,56,50,14,2.88,1.0,67.0,0.2711,244048.0,YES
V1065,Vendor_479_LLC,Packaging,25,1918,1137,224,138,1,4,4.46,1.0,50.0,0.2509,470617.0,high
V6368,Vendor_121_Co,Machinery,25,1992,855,483,622,118,6,4.41,2.0,37.0,0.0615,43492.0,
V6631,Vendor_760_Co,IT Hardware,28,3097,2625,1110,908,466,25,4.28,1.0,14.0,0.1139,447124.0,High
V8753,Vendor_168_Ltd,Food & Beverage,11,2566,1552,21,747,1184,8,4.3,10.0,35.0,0.1904,,low
V9531,Vendor_519_Ltd,Automotive,17,2787,1775,924,646,465,3,2.94,6.0,28.0,0.2265,433917.0,0
V6854,Vendor_133_Inc,Packaging,6,4275,1955,845,388,876,14,4.92,9.0,22.0,0.2891,491975.0,High Risk
V5798,Vendor_272_Ltd,Office Supplies,24,4591,4517,1930,2499,4103,12,4.16,5.0,10.0,0.0374,170940.0,
V5596,Vendor_107_Corp,Machinery,16,4467,1779,19,1157,28,30,4.44,7.0,45.0,0.1662,438101.0,NO
V1638,Vendor_529_LLC,Electronics,9,4720,4419,3244,1725,771,14,4.49,9.0,54.0,0.2732,476947.0,0
V9930,Vendor_424_Ltd,Chemicals,8,3921,2484,1910,1636,433,17,4.68,7.0,17.0,0.1074,90791.0,
V5103,Vendor_899_Co,Raw Materials,29,1967,1058,815,463,442,29,2.81,2.0,52.0,0.2266,225598.0,
V6074,Vendor_383_Corp,Electronics ,15,2444,1133,640,947,517,13,3.74,3.0,55.0,0.0406,336675.0,
V2972,Vendor_402_Corp,Machinery,17,1648,1322,385,1223,1239,26,3.51,4.0,49.0,0.1269,430175.0,0
V6145,Vendor_564_Co,Machinery,12,1266,610,328,12,192,10,2.53,TBD,26.0,0.2643,342637.0,
V1515,Vendor_983_Corp,Food & Beverage,4,1046,183,14,87,110,13,4.62,6.0,35.0,0.0872,50366.0,NO
V3795,Vendor_804_Co,Office Supplies,20,136,82,74,37,70,17,2.77,9.0,25.0,0.1027,56183.0,high
V4861,Vendor_831_Co,Automotive,4,1982,892,330,584,158,29,3.57,2.0,71.0,0.0021,241653.0,High
V1700,Vendor_678_Ltd,Food & Beverage,4,2658,2400,1393,441,1037,21,4.09,1.0,66.0,0.0024,374907.0,High
V3646,Vendor_652_Co,Electronics,20,2454,2079,814,626,1531,11,3.47,2.0,47.0,0.2636,437032.0,
V2103,Vendor_241_LLC,Electronics,27,4271,3492,821,17,462,27,2.15,9.0,38.0,0.151,141730.0,0
V3591,Vendor_842_Inc,IT Hardware,20,342,244,8,203,217,4,2.83,2.0,2.0,,454485.0,1
V5529,Vendor_755_Inc,Chemicals,9,2455,442,246,32,172,21,4.13,5.0,TBD,0.045,402329.0,1
V5005,Vendor_404_Co,Machinery,23,2316,591,329,355,169,24,2.4,5.0,11.0,0.0973,206219.0,High Risk
V3264,Vendor_825_Co,Machinery,16,430,184,140,169,51,3,4.09,9.0,62.0,0.0988,134421.0,
V7126,Vendor_190_Ltd,Textiles,2,4034,2938,1975,905,2787,8,4.18,4.0,62.0,0.2219,16798.0,1
V1354,Vendor_235_Co,Automotive,19,1891,1455,878,1147,907,16,3.39,,62.0,0.2899,212365.0,low
V8517,Vendor_287_Inc,Chemicals,13,1634,427,94,211,427,19,2.67,2.0,57.0,0.048,147086.0,
V3975,Vendor_473_Corp,Office Supplies,1,3444,706,178,531,155,16,2.61,7.0,48.0,0.2727,140031.0,Low Risk
V4037,Vendor_523_Co,Raw Materials,19,4599,3636,3080,3564,2846,28,2.57,2.0,20.0,0.0537,300846.0,High
V9437,Vendor_615_Inc,Machinery,15,3918,266,16,217,230,14,3.64,7.0,10.0,0.1167,265856.0,High
V1070,Vendor_582_Inc,Automotive,15,1627,1418,327,431,1379,10,4.55,6.0,Slow,0.0801,348584.0,YES
V6600,Vendor_853_Corp,Chemicals,8,2889,2132,606,1403,1045,10,2.65,3.0,45.0,0.0183,277409.0,NO
V7137,Vendor_322_Co,Office Supplies,23,1993,1959,982,951,338,27,4.9,2.0,39.0,0.1305,320958.0,high
V4260,Vendor_742_Ltd,Raw Materials,28,267,259,172,168,258,2,2.62,6.0,72.0,0.0816,110226.0,low
V5549,Vendor_186_Co,Raw Materials,6,2233,1944,171,396,467,20,2.3,7.0,70.0,0.2878,469528.0,0
V7882,Vendor_901_Inc,Textiles,29,4977,4465,4071,4101,327,11,4.5,5.0,12.0,0.1976,449448.0,High Risk
V1011,Vendor_163_Co,Packaging,8,4608,3146,476,1756,2477,9,4.14,6.0,41.0,,231045.0,High
V6970,Vendor_558_Inc,Machinery,3,2490,1624,541,1587,727,2,4.67,3.0,53.0,0.2598,293918.0,Low Risk
V2867,Vendor_732_LLC,Raw Materials,18,4134,261,32,172,220,8,3.46,6.0,46.0,0.2308,404751.0,High Risk
V2777,Vendor_375_Co,Automotive,3,3641,3420,2404,2766,2617,22,4.14,4.0,39.0,0.2353,50216.0,Low
V3621,Vendor_918_Co,Automotive,8,2402,2219,295,2050,1456,17,,3.0,1.0,0.2721,39711.0,Low
V9327,Vendor_703_Ltd,Office Supplies,21,4012,3592,1376,547,3262,10,3.0,10.0,59.0,0.2737,292426.0,high risk
V9601,Vendor_366_Corp,Textiles,4,1976,879,103,819,692,9,4.2,9.0,41.0,0.2855,143394.0,high
V2945,Vendor_279_Corp,Automotive,4,615,316,220,178,90,22,4.29,9.0,43.0,0.1959,113814.0,low risk
V4256,Vendor_804_Co,Electronics,25,3145,2927,2665,1214,1997,17,3.44,4.0,44.0,0.16,296749.0,High Risk
V5415,Vendor_211_Ltd,Food & Beverage,6,2995,1754,373,1098,1662,5,3.06,7.0,1.0,0.1078,457400.0,NO
V4838,Vendor_103_Corp,IT Hardware,6,4080,1829,1,997,463,18,4.67,3.0,10.0,0.0742,58853.0,NO
V9093,Vendor_534_LLC,Food & Beverage,30,2294,1187,1174,144,1072,12,4.3,7.0,13.0,0.213,400449.0,YES
V1650,Vendor_301_Co,Office Supplies,17,2784,2051,857,1655,852,27,3.03,7.0,60.0,0.2933,118359.0,YES
V6776,Vendor_637_Corp,Automotive,19,820,662,622,175,69,30,3.47,1.0,47.0,0.1697,228401.0,1
V9670,Vendor_582_Corp,Raw Materials,15,1631,150,33,65,52,13,3.82,2.0,37.0,0.0094,244696.0,High Risk
V1240,Vendor_599_Co,Textiles,21,3117,1742,286,1453,689,6,2.42,4.0,1.0,0.2248,496488.0,high
V6941,Vendor_253_Corp,IT Hardware,10,981,770,525,666,107,3,4.44,9.0,9.0,0.154,-10000.0,High Risk
V6511,Vendor_261_Inc,Machinery,16,1928,658,415,382,246,25,3.36,10.0,43.0,0.0114,235494.0,NO
V5755,Vendor_347_Corp,IT Hardware,14,1191,193,137,125,190,10,3.5,3.0,26.0,0.042,277964.0,1
V7632,Vendor_776_Ltd,Raw Materials,29,2464,1085,523,604,988,29,2.89,6.0,,0.0996,322455.0,1
V9051,Vendor_364_Corp,Raw Materials ,20,3714,1284,1143,788,528,27,2.43,6.0,45.0,0.074,64272.0,low
V9674,Vendor_117_LLC,Electronics,17,814,527,326,14,442,4,3.12,2.0,47.0,0.1482,332762.0,NO
V8863,Vendor_762_Inc,Automotive,1,1264,862,2,174,583,27,2.97,10.0,55.0,0.2075,457992.0,YES
V3802,Vendor_854_LLC,Chemicals,11,1990,713,595,314,111,19,4.15,4.0,23.0,0.2433,364350.0,High Risk
V1499,Vendor_989_Corp,Packaging,23,3010,1834,219,303,1213,2,3.39,4.0,,0.0127,238483.0,1
V3474,Vendor_269_Corp,Machinery,22,1247,281,153,232,276,5,3.04,9.0,4.0,0.2543,213146.0,1
V9877,Vendor_428_Co,Chemicals,26,1730,759,686,194,309,6,-5.0,7.0,,0.0826,481463.0,1
V2627,Vendor_987_LLC,Packaging,29,4442,1504,1024,520,57,23,2.4,1.0,34.0,0.0737,25414.0,Low Risk
V1088,Vendor_471_Ltd,Textiles,26,1006,264,140,72,98,-1,4.26,8.0,54.0,0.0038,402042.0,
V2003,Vendor_268_Inc,Office Supplies,28,1828,522,324,71,379,17,3.11,5.0,55.0,0.0319,126070.0,0
V3897,Vendor_412_LLC,Machinery,13,2403,2342,55,1833,2241,27,2.37,7.0,1.0,0.2208,447553.0,
V3948,Vendor_344_Inc,Packaging,19,4928,2412,1324,896,1263,25,4.0,,14.0,0.0816,42761.0,
V7443,NA,Raw Materials,19,2249,622,155,306,349,20,2.47,6.0,12.0,0.0395,122933.0,No
V8487,Vendor_252_Co,Automotive,5,328,70,42,60,66,11,4.79,6.0,,0.1179,324223.0,NO
V6766,Vendor_820_LLC,Textiles,16,758,485,242,60,188,8,2.34,8.0,38.0,0.2838,412873.0,
V2724,Vendor_355_LLC,Chemicals,6,786,734,413,289,629,24,3.98,6.0,60.0,0.2005,273586.0,High Risk
V7960,Vendor_218_LLC,Food & Beverage,11,2363,1718,915,666,506,22,2.34,7.0,17.0,0.2321,254618.0,
V4179,Vendor_124_Co,Automotive,10,341,112,112,11,49,24,2.16,7.0,,0.0122,472128.0,NO
V6307,Vendor_880_LLC,Chemicals,14,2138,49,4,23,13,14,2.09,6.0,49.0,0.283,319352.0,Low Risk
V1420,Vendor_761_Ltd,Automotive,9,880,573,400,378,374,13,4.85,,,0.0047,169003.0,
V1916,Vendor_602_Co,Packaging,23,1763,562,450,418,260,4,2.95,7.0,61.0,0.2048,146612.0,
V7087,Vendor_922_Inc,IT Hardware,20,2977,739,247,249,357,22,2.55,9.0,49.0,0.1391,172849.0,0
V5008,Vendor_280_LLC,Packaging,25,3213,2420,2184,2209,119,13,4.39,1.0,69.0,0.0649,51350.0,NO
V9833,Vendor_772_Co,Office Supplies,17,285,165,71,26,5,7,4.76,,31.0,0.2953,285901.0,0
V8553,Vendor_686_LLC,Office Supplies,8,3847,2142,1008,502,1614,1,4.31,6.0,20.0,0.2387,179615.0,High Risk
V7973,Vendor_659_Ltd,Machinery,13,635,572,375,90,300,18,4.49,10.0,38.0,0.095,46537.0,High Risk
V3975,Vendor_557_Ltd,Office Supplies,30,3095,647,539,116,575,10,4.86,5.0,3.0,0.0834,293001.0,
V8934,Vendor_786_Inc,Chemicals,20,1336,271,268,212,186,29,3.9,1.0,29.0,0.2524,323304.0,High Risk
V1257,Vendor_926_Corp,Textiles,28,3559,2456,1837,576,1504,20,3.4,7.0,44.0,0.2815,270852.0,low
V8170,Vendor_931_LLC,Electronics,4,2165,1100,689,47,700,19,4.24,6.0,17.0,0.1187,402805.0,High
V4735,Vendor_202_Inc,Electronics,17,4675,3748,3690,731,1639,3,2.02,7.0,56.0,0.1327,28675.0,High
V5328,Vendor_440_Inc,Automotive,3,3989,3223,1542,1167,2220,15,4.04,10.0,55.0,0.255,498393.0,Low Risk
V3475,Vendor_824_LLC,Electronics,16,4397,640,119,591,124,25,3.72,1.0,61.0,0.2821,267133.0,1
V6453,Vendor_119_Inc,Automotive,9,1503,1218,163,741,783,18,2.9,5.0,23.0,0.2424,282932.0,1
V4947,Vendor_827_LLC,Food & Beverage,4,4605,2528,662,2507,1507,17,4.78,5.0,24.0,0.1607,148830.0,0
V2877,Vendor_188_Inc,Packaging,21,4294,973,438,784,696,-1,4.91,2.0,30.0,0.1944,9727.0,NO
V1075,Vendor_552_Corp,Office Supplies,19,4058,2048,220,1499,1273,30,3.57,10.0,63.0,0.17,58323.0,1
V4017,Vendor_346_LLC,Chemicals,6,1487,661,9,544,288,7,2.9,1.0,5.0,0.0822,239220.0,NO
V4854,Vendor_529_Inc,Chemicals,24,4233,1887,894,1025,887,10,4.69,TBD,15.0,0.0091,212710.0,1
V9464,Vendor_760_Inc,Raw Materials,21,1474,689,72,458,219,16,3.12,3.0,19.0,0.1448,286559.0,1
V1045,Vendor_438_LLC,Food & Beverage,27,3465,791,97,628,716,29,3.15,10.0,27.0,0.0512,292655.0,low
V1857,Vendor_283_LLC,IT Hardware,19,4214,2098,491,620,1719,13,2.24,10.0,61.0,0.2254,80965.0,
V8700,Vendor_281_Co,Office Supplies,30,1416,432,423,69,142,18,3.83,5.0,1.0,0.0175,255528.0,High Risk
V9950,Vendor_484_Corp,Office Supplies,30,843,506,502,167,67,22,2.48,1.0,TBD,0.0099,,Low Risk
V5620,Vendor_334_Corp,Raw Materials,16,1980,1603,189,909,1432,3,4.42,10.0,9.0,0.2516,214419.0,Low
V6260,Vendor_110_Ltd,Machinery,24,2150,1015,398,296,347,6,3.86,9.0,16.0,0.1514,474495.0,High
V6364,Vendor_547_Co,Packaging,17,858,770,109,582,649,1,3.2,3.0,54.0,,298327.0,low
V2780,Vendor_216_Co,Food & Beverage,16,2534,1704,522,1589,1436,3,2.69,5.0,71.0,0.2182,187650.0,1
V5970,Vendor_837_Corp,Food & Beverage,6,2137,820,141,811,431,26,4.02,6.0,47.0,0.036,184293.0,High Risk
V8026,Vendor_531_Ltd,Raw Materials,5,4453,2041,181,456,75,21,2.61,8.0,69.0,0.123,296867.0,High
V5251,Vendor_340_Inc,Automotive,14,1689,1498,633,1007,304,3,3.47,7.0,69.0,0.0507,493936.0,Low
V9707,Vendor_129_Ltd,Office Supplies,29,900,51,28,35,12,7,3.8,7.0,55.0,0.2404,326841.0,Low
V8437,Vendor_514_LLC,Office Supplies,16,2851,536,245,79,426,8,3.0,4.0,31.0,0.2571,470213.0,0
V5537,Vendor_829_Corp,Machinery,27,827,347,235,47,159,7,2.12,4.0,18.0,0.0337,102402.0,Low
V2014,Vendor_640_LLC,IT Hardware,12,486,392,322,253,244,27,3.97,1.0,56.0,0.0741,52093.0,high
V7744,Vendor_787_LLC,IT Hardware,5,3688,3626,572,2973,1651,12,2.06,2.0,63.0,0.2175,434065.0,low
V2049,Vendor_315_Corp,Machinery,6,2917,2483,2146,374,1809,29,3.78,9.0,38.0,0.0895,378541.0,0
V1874,Vendor_972_Co,Food & Beverage,17,1260,266,141,39,226,28,4.53,10.0,38.0,0.142,,1
V8010,Vendor_283_Ltd,IT Hardware,30,664,363,208,209,98,12,2.81,10.0,26.0,0.0175,29227.0,YES
V8739,Vendor_878_LLC,IT/IS,22,3739,2339,1242,545,193,8,3.79,6.0,55.0,0.2265,364042.0,low
V7547,Vendor_742_Co,Textiles,24,1584,844,190,531,594,9,4.12,6.0,34.0,0.1294,192110.0,1
V7124,Vendor_696_Inc,Machinery,24,2895,2751,635,1900,1567,27,2.87,2.0,7.0,0.1402,148776.0,High
V2620,Vendor_364_Co,Automotive,19,2584,1826,351,1452,477,15,3.89,6.0,47.0,0.1708,266409.0,High
V1848,Vendor_323_Ltd,Raw Materials,11,995,875,352,387,366,24,4.12,1.0,2.0,0.1453,291843.0,
V7966,Vendor_290_Corp,Machinery,4,3529,1762,1189,601,219,12,4.57,2.0,43.0,0.2539,103559.0,1
V5345,Vendor_757_Co,Electronics,8,3527,2733,192,1909,1766,23,4.76,10.0,10.0,0.1552,164613.0,High
V6791,Vendor_574_Ltd,Raw Materials,18,2182,469,437,449,331,2,4.24,5.0,18.0,0.0432,347967.0,YES
V5089,Vendor_378_Co,Machinery,8,640,309,67,50,54,20,2.83,7.0,13.0,0.1946,38737.0,0
V7419,Vendor_122_Corp,Packaging,10,721,297,6,196,78,5,3.67,4.0,45.0,,148215.0,0
V4922,Vendor_790_Co,Chemicals,5,4905,258,29,192,138,17,2.45,10.0,55.0,0.0696,66316.0,high
V3928,Vendor_658_Corp,Automotive,3,882,693,88,392,317,4,2.79,8.0,31.0,0.2885,266365.0,High
V7936,Vendor_938_Inc,Textiles,22,3229,501,413,419,454,13,4.25,8.0,52.0,0.093,209381.0,1
V3831,Vendor_518_Inc,Office Supplies,9,1600,439,146,221,73,1,4.44,2.0,62.0,0.0837,89716.0,Low
V1143,Vendor_238_Corp,Textiles,19,1908,1366,742,1265,542,18,4.08,7.0,71.0,0.0208,180571.0,YES
V5473,Vendor_461_Co,Food & Beverage,16,4512,3501,490,744,21,25,3.23,5.0,8.0,0.0758,183777.0,
V1533,Vendor_774_LLC,Raw Materials,1,3746,1273,681,237,358,19,4.77,5.0,10.0,0.2963,213516.0,NO
V7151,Vendor_952_Co,IT Hardware,2,19,1,0,0,1,25,4.04,9.0,52.0,0.1434,104097.0,YES
V6527,Vendor_287_Ltd,Packaging,8,2397,1011,210,612,808,13,3.45,5.0,59.0,0.1612,77724.0,High
V9592,Vendor_108_Corp,Office Supplies,7,790,472,256,439,208,27,2.08,1.0,14.0,0.1004,218591.0,
V5125,Vendor_712_Corp,Textiles,29,914,840,383,397,576,1,4.55,3.0,64.0,0.1274,11190.0,0
V7502,Vendor_251_Co,Automotive,10,3838,1485,382,1421,986,16,3.52,2.0,44.0,0.2782,310708.0,high
V2908,Vendor_122_LLC,Electronics,18,4410,767,226,518,577,16,4.15,1.0,23.0,0.2855,310050.0,Low Risk
V7160,Vendor_226_LLC,Raw Materials,6,1010,534,88,238,28,14,3.52,5.0,21.0,0.0646,404556.0,1
V1415,Unknown,Packaging,1,2695,546,183,26,300,16,3.29,10.0,35.0,0.0512,52507.0,0
V5456,Vendor_985_LLC,Office Supplies,2,4090,1475,347,816,190,15,3.8,3.0,63.0,0.2469,18408.0,low
V7345,Vendor_276_Co,Raw Materials,21,3268,1023,333,349,397,27,4.13,10.0,59.0,0.1689,491808.0,1
V2838,Vendor_112_Inc,Textiles,6,1507,1297,452,539,114,7,3.61,9.0,47.0,0.2196,202030.0,Low
V8590,Vendor_104_Co,IT Hardware,18,1732,1652,1239,648,1054,30,2.29,10.0,17.0,0.1833,444773.0,1
V9550,Vendor_622_Inc,Machinery,3,1075,428,274,234,356,1,3.31,10.0,11.0,0.0788,277561.0,low
V1458,Vendor_307_LLC,Automotive,5,429,118,44,51,28,14,,6.0,39.0,0.2613,5756.0,High
V1232,Vendor_254_Ltd,Office Supplies,16,647,592,148,331,324,28,2.95,7.0,34.0,0.1562,2927.0,low
V5020,Vendor_478_Ltd,Packaging,7,3415,2503,465,877,637,17,,,10.0,0.0302,171367.0,NO
V7911,Vendor_410_Co,Packaging,1,3415,2934,2512,2295,902,27,3.8,3.0,53.0,,487378.0,Low Risk
V3058,Vendor_988_Corp,Textiles,4,3220,2285,1587,1840,1068,7,3.42,10.0,69.0,0.2606,101176.0,low
V6991,Vendor_113_LLC,Raw Materials,28,1948,541,344,248,496,20,2.0,3.0,34.0,0.2686,51577.0,1
V8677,Vendor_367_LLC,Packaging,18,1571,920,759,394,67,4,3.09,8.0,70.0,0.0826,330595.0,Low
V4396,Vendor_918_Co,Textiles,14,206,119,80,101,15,2,3.0,9.0,28.0,0.0034,106480.0,
V4659,Vendor_463_Ltd,Raw Materials,7,1658,631,36,545,199,23,2.86,6.0,45.0,0.0425,395261.0,Low
V8826,Vendor_435_Corp,Electronics,15,307,136,109,48,79,3,2.33,6.0,46.0,0.2835,53366.0,0
V1690,Vendor_706_Inc,Machinery,9,904,470,69,397,94,6,2.56,9.0,18.0,0.0891,454411.0,1
V8069,Vendor_500_LLC,Chemicals,20,2360,1043,615,74,903,25,2.57,4.0,54.0,0.1031,159492.0,YES
V9694,Vendor_630_LLC,Automotive,20,1170,739,334,408,351,28,2.08,5.0,42.0,0.1514,265696.0,
V3530,Vendor_847_Ltd,Automotive,20,1907,1244,125,545,646,8,4.83,9.0,27.0,0.0365,211670.0,0
V1515,Vendor_337_Ltd,Electronics,19,831,103,95,28,16,13,2.09,4.0,64.0,0.0828,211026.0,1
V3655,Vendor_863_Co,Chem,7,1552,66,66,9,17,20,3.32,6.0,5.0,0.0321,78879.0,YES
V6973,Vendor_300_Ltd,Packaging,20,2593,821,707,563,2,21,3.43,7.0,67.0,0.0651,325646.0,Low
V5192,Vendor_963_LLC,Packaging,10,79,37,27,23,13,21,2.46,3.0,65.0,0.1685,344000.0,1
V6435,Vendor_690_Corp,Chemicals,2,1470,103,4,66,98,25,2.09,3.0,36.0,0.0312,356156.0,
V6806,Vendor_760_LLC,Office Supplies,20,1640,1511,215,680,912,11,2.16,9.0,,0.247,207392.0,0
V8742,Vendor_406_Co,Chemicals,15,2692,1595,1148,891,1551,29,4.96,9.0,51.0,0.2192,,
V5593,Vendor_360_Inc,Office Supplies,10,3018,796,533,785,599,20,3.96,6.0,38.0,0.2159,448159.0,1
V1877,Vendor_566_Ltd,Electronics,25,2028,830,827,109,25,3,3.33,4.0,,0.094,476766.0,
V3885,Vendor_392_LLC,Machinery,18,4974,1758,465,720,1268,10,2.75,3.0,32.0,0.2065,286612.0,Low Risk
V4835,Vendor_741_Ltd,Raw Materials,27,1695,110,63,64,109,21,3.23,5.0,19.0,0.2182,145406.0,
V6542,Vendor_313_Co,Textiles,16,1704,294,244,34,105,14,4.07,6.0,17.0,0.0654,278355.0,high
V2390,Vendor_572_Ltd,Office Supplies,28,1885,733,184,429,1,14,3.03,9.0,9.0,0.2514,107962.0,0
V7884,Vendor_195_Inc,Chemicals,24,832,413,385,20,159,2,2.41,2.0,1.0,0.032,251073.0,0
V4315,Vendor_349_Corp,Automotive,10,1758,804,214,79,406,13,2.13,8.0,21.0,0.2233,468749.0,0
V8846,Vendor_200_Corp,Textiles,14,240,38,11,33,24,11,4.23,1.0,22.0,0.0885,88875.0,1
V3914,Vendor_226_LLC,Packaging,23,2658,1162,852,333,6,9,4.38,10.0,22.0,0.0432,132050.0,Low Risk
V9752,Vendor_791_LLC,IT Hardware,2,4911,4029,3177,840,1078,9,3.08,6.0,64.0,0.0633,388089.0,high
V9138,Vendor_602_Ltd,Food & Beverage,11,2873,2487,1008,527,754,15,3.21,4.0,50.0,0.1885,36333.0,High Risk
V5435,Vendor_936_Corp,Office Supplies,3,2572,1838,1220,1228,457,23,4.47,5.0,65.0,0.273,284623.0,Low
V5864,Vendor_298_Co,Machinery,24,2943,764,245,668,227,25,4.42,7.0,34.0,0.1978,145160.0,1
V4279,Vendor_165_Ltd,Food & Beverage,28,4928,2373,1704,1855,872,3,3.92,9.0,70.0,0.2709,207788.0,high
V6881,Vendor_650_Inc,IT Hardware,28,2911,1690,349,813,1609,13,4.43,6.0,51.0,0.1977,267928.0,1
V9704,Vendor_398_Ltd,Electronics ,19,11,2,2,0,1,15,2.59,6.0,39.0,0.1711,479782.0,YES
V5426,Vendor_340_Corp,Chemicals,16,1079,473,98,140,432,3,2.92,8.0,18.0,0.218,7014.0,Low
V7068,Vendor_688_Inc,Chemicals,9,4673,193,149,2,158,10,,1.0,47.0,,,YES
V7966,Vendor_508_Inc,Electronics,9,2611,1684,801,1656,905,16,4.18,6.0,6.0,0.0926,215859.0,1
V1500,Vendor_141_Ltd,Office Supplies,11,2716,1800,1242,1250,1221,13,3.16,N/A,63.0,0.0393,131831.0,0
V8758,Vendor_458_Corp,Office Supplies,16,3911,553,387,194,191,21,2.21,3.0,50.0,0.0917,58904.0,NO
V7080,Vendor_351_Ltd,IT Hardware,6,3493,1146,504,665,235,6,2.23,6.0,21.0,0.255,21737.0,NO
V6149,Vendor_257_Co,Office Supplies,8,2407,935,899,810,787,2,3.95,7.0,9.0,0.2085,367315.0,1
V7959,Vendor_719_Corp,IT Hardware,16,3696,1575,727,462,380,28,4.19,9.0,35.0,0.1233,287348.0,Low Risk
V1836,Vendor_515_Inc,Food & Beverage,26,1083,731,527,544,478,2,2.54,5.0,35.0,0.217,79596.0,
V9702,Vendor_852_Inc,Food & Beverage,4,3066,204,142,181,67,23,4.99,8.0,9.0,0.2279,230993.0,low
V4753,Vendor_237_Ltd,Food & Beverage,3,2136,1374,912,1217,314,9,4.22,9.0,44.0,0.1501,53283.0,Low Risk
V7389,Vendor_852_Corp,Packaging,9,132,44,42,13,25,2,,7.0,7.0,0.0309,103479.0,YES
V1594,Vendor_755_Corp,Packaging,7,561,457,428,288,376,22,2.19,7.0,3.0,0.1112,366382.0,low
V6490,Vendor_922_LLC,Raw Materials,24,936,803,335,226,618,7,2.22,6.0,17.0,0.02,380182.0,High Risk
V5253,Vendor_494_LLC,Machinery,18,1677,1331,71,142,606,9,2.96,5.0,43.0,0.2399,47797.0,0
V6860,Vendor_396_Inc,Electronics,26,1492,519,461,409,327,17,2.97,5.0,70.0,0.1553,177110.0,Low Risk
V9703,Vendor_645_Inc,Textiles,14,250,165,118,20,64,1,3.28,3.0,35.0,0.2118,177516.0,high
V5541,Vendor_391_Ltd,Machinery,8,500,5,0,2,4,8,3.85,10.0,35.0,0.2784,186362.0,1
V4603,Vendor_302_Corp,Machinery,1,2126,425,316,186,45,15,4.33,7.0,10.0,0.143,203948.0,NO
V6209,Vendor_252_LLC,Electronics,11,1607,1593,1537,879,712,7,4.43,5.0,68.0,0.0186,5336.0,0
V1911,Vendor_445_Ltd,IT Hardware,15,1453,1324,182,468,876,20,4.05,8.0,7.0,0.0394,260652.0,YES
V9372,Vendor_398_LLC,Electronics,29,1748,1471,1172,671,449,16,2.21,9.0,39.0,0.1231,7093.0,Low Risk
V3190,Vendor_809_Ltd,Raw Materials,2,918,90,74,39,81,2,2.59,7.0,56.0,0.2752,5762.0,high
V3086,Vendor_799_LLC,Packaging,27,3651,1247,780,423,665,14,2.24,9.0,66.0,0.2072,80296.0,0
V4054,Vendor_315_LLC,Electronics,20,1366,850,620,131,373,20,3.95,7.0,19.0,0.1356,468950.0,0
V9951,Vendor_345_Corp,IT Hardware,27,331,259,178,119,148,25,4.71,8.0,21.0,0.2807,444371.0,
V1071,Vendor_122_Inc,Office Supplies,7,2936,880,95,571,334,3,3.99,9.0,18.0,0.2099,398443.0,NO
V4189,Vendor_218_Inc,Electronics,9,3836,3670,617,3552,3124,4,2.99,6.0,39.0,0.2648,53309.0,
V8835,Vendor_967_Ltd,Raw Materials,18,3849,201,197,47,62,9,2.73,1.0,13.0,0.1691,,0
V7605,Vendor_526_Corp,Raw Materials,7,1396,1201,750,1057,29,27,4.28,3.0,35.0,0.0252,,0
V9031,Vendor_949_Ltd,Textiles,11,2578,1983,593,838,1734,30,4.42,3.0,8.0,0.266,281384.0,high
V6746,Vendor_926_Corp,IT Hardware,16,4289,2986,2208,1280,1304,26,2.29,8.0,25.0,0.1794,178961.0,1
V9188,Vendor_375_Co,Food & Beverage,17,4945,1945,635,268,1592,10,3.37,3.0,22.0,0.1513,34388.0,Low
V9010,Vendor_307_Co,IT Hardware,22,3856,2656,1443,880,849,24,,,1.0,0.1949,92755.0,low
V5115,Vendor_926_Inc,Automotive,21,1424,930,821,202,273,1,4.01,10.0,64.0,0.1269,84625.0,1
V7122,Vendor_986_Co,Automotive,6,2024,1797,602,184,0,26,,1.0,31.0,0.1119,250974.0,Low 
V4718,Vendor_965_Corp,IT Hardware,15,2211,2005,1891,859,1160,20,2.08,8.0,29.0,0.2149,368579.0,High 
V8486,Vendor_196_Co,Office Supplies,12,1345,115,92,16,5,8,4.65,,45.0,0.1674,299985.0,
V5294,Vendor_621_Ltd,Chemicals,16,4523,1070,231,1003,1017,15,,6.0,43.0,0.1964,161901.0,1
V3176,Vendor_757_Corp,Packaging,27,1809,1685,1181,1238,1453,28,2.22,8.0,60.0,0.0257,289915.0,High Risk
V7749,Vendor_283_LLC,Office Supplies,13,4585,1084,913,397,685,4,2.1,3.0,61.0,0.2553,106307.0,1
V6806,Vendor_602_Co,Raw Materials,7,4068,2930,491,1718,1600,1,2.86,10.0,45.0,0.2548,159967.0,1
V4876,Vendor_613_Co,Packaging,21,2548,2120,880,1930,1690,14,2.15,10.0,63.0,0.1884,99609.0,NO
V6013,Vendor_499_Co,Packaging,17,3939,2829,749,2341,2074,26,4.84,8.0,,0.2888,195507.0,0
V9815,Vendor_874_Corp,Raw Materials,24,3536,3055,2359,3051,2520,15,2.43,2.0,30.0,0.144,95933.0,NO
V3700,Vendor_801_Corp,Office Supplies,4,1334,566,63,28,463,17,4.74,9.0,42.0,0.0875,92161.0,low
V8158,Vendor_837_Corp,IT Hardware,12,1469,390,177,57,301,17,3.17,1.0,43.0,0.2611,9727.0,Low
V2206,Vendor_599_Co,Machinery,29,4500,1549,506,1469,1332,13,2.86,8.0,4.0,0.1557,375020.0,
V2551,Vendor_114_Ltd,Office Supplies,12,3632,1011,477,852,441,20,2.61,8.0,63.0,0.048,168044.0,low
V2550,Vendor_269_Inc,Machinery,13,3336,2637,1361,1209,1667,2,3.17,,3.0,0.0184,232112.0,High
V6246,Vendor_397_Ltd,IT Hardware,6,4975,2748,2207,1618,1001,8,4.35,7.0,55.0,0.0417,80821.0,Low Risk
V1221,Vendor_297_Inc,Automotive,17,2498,1036,674,710,238,14,2.75,6.0,7.0,0.1163,229262.0,high
V8451,Vendor_668_Corp,Food & Beverage,26,2054,223,94,103,128,3,2.38,7.0,43.0,0.0455,446233.0,Low Risk
V5081,Vendor_774_Corp,Office Supplies,27,1402,824,292,559,105,5,2.77,1.0,34.0,0.1734,336597.0,
V2788,Vendor_841_LLC,Machinery,22,29,1,1,1,1,9,3.52,2.0,2.0,0.2624,306484.0,High
V2978,Vendor_835_Co,IT Hardware,13,1854,1052,185,254,33,12,3.89,9.0,28.0,,440860.0,High
V9648,Vendor_605_Ltd,Packaging,5,1809,976,908,9,347,6,2.55,2.0,21.0,0.2937,476808.0,
V7115,Vendor_524_Ltd,Raw Materials,20,2919,2371,431,1121,1137,14,4.42,8.0,49.0,0.2389,49362.0,NO
V8600,Vendor_533_Inc,Machinery,2,1395,157,35,37,125,4,3.45,1.0,8.0,0.2799,314146.0,
V6185,Vendor_321_Corp,IT Hardware,27,4901,1382,1308,673,1110,30,4.86,3.0,21.0,0.1308,462759.0,high
V4046,Vendor_348_LLC,Electronics,2,3458,1971,1484,1271,910,5,2.94,7.0,66.0,0.2879,396509.0,Low
V3106,Vendor_355_LLC,Packaging,11,4312,988,475,756,433,30,3.59,2.0,11.0,0.194,376774.0,Low Risk
V5125,Vendor_429_LLC,Textiles,21,1276,1157,501,951,861,11,3.67,3.0,68.0,0.0043,89395.0,1
V3713,Vendor_682_Corp,Machinery,21,1163,501,448,184,18,20,2.67,1.0,24.0,0.2394,114822.0,Low Risk
V9540,Vendor_132_LLC,Raw Materials,2,1108,676,115,95,142,5,3.14,4.0,57.0,0.0074,20428.0,high
V2386,Vendor_926_Co,IT Hardware,11,165,70,26,31,56,13,3.77,8.0,3.0,0.102,95638.0,high
V8912,Vendor_760_LLC,Office Supplies,18,2781,782,718,276,36,21,2.89,7.0,70.0,0.1535,301914.0,1
V3991,Vendor_297_LLC,Chemicals,24,2833,1565,1390,543,1287,30,4.61,5.0,42.0,0.2563,46242.0,NO
V2922,Vendor_114_Co,Textiles,25,1232,182,94,43,145,30,4.78,8.0,16.0,0.0673,107506.0,1
V7756,Vendor_491_Ltd,Chemicals,12,4923,3010,1222,473,2475,1,2.94,4.0,3.0,0.0647,407360.0,YES
V1395,Vendor_797_LLC,IT Hardware,13,4482,1225,364,166,1105,13,4.31,1.0,31.0,0.1541,480901.0,High Risk
V9143,Vendor_670_Ltd,Raw Materials,26,1824,1351,1232,937,1148,11,4.31,1.0,14.0,0.1596,165754.0,high
V7005,Vendor_952_Inc,Food & Beverage,27,1649,192,43,152,118,6,4.23,7.0,14.0,0.1256,160954.0,Low Risk
V4595,Vendor_300_Ltd,IT Hardware,11,3751,1758,1172,824,1424,24,2.58,1.0,49.0,0.1165,-10000.0,High Risk
V1188,Vendor_898_Corp,Electronics,28,1358,565,345,30,33,26,4.17,TBD,42.0,0.0495,390125.0,
V8319,Vendor_811_Inc,Raw Materials,28,2843,257,187,44,247,19,2.6,9.0,33.0,0.1764,115231.0,1
V4538,Vendor_337_Co,IT Hardware,29,856,410,250,99,267,15,2.01,5.0,67.0,0.0585,214753.0,1
V9646,Vendor_436_Co,Food & Beverage,6,2916,1408,1118,73,473,21,2.03,1.0,2.0,0.0019,98659.0,
V7083,Vendor_964_LLC,Electronics,24,4024,3096,2173,2201,2402,1,4.27,2.0,39.0,0.2045,499144.0,high
V5888,Vendor_472_Ltd,Electronics,30,3747,1736,130,853,1588,3,2.94,9.0,23.0,0.2504,394849.0,1 
V7804,Vendor_821_Co,Packaging,7,526,202,146,82,123,17,3.82,4.0,42.0,0.1126,367621.0,High
V1330,Vendor_115_Co,IT Hardware,30,705,78,9,64,53,5,2.29,10.0,51.0,0.0583,318556.0,Yes
V4242,Vendor_795_Inc,Packaging,25,3406,3063,2891,1809,1286,23,Poor,7.0,40.0,0.0244,428582.0,
V3515,Vendor_724_LLC,Machinery,24,1995,553,209,122,438,11,3.22,2.0,31.0,0.0786,102896.0,1
V8101,Vendor_674_Corp,Textiles,1,3221,1084,1032,505,370,30,3.91,7.0,50.0,0.1233,180188.0,Low Risk
V4196,Vendor_829_LLC,Automotive,29,832,751,394,300,621,19,4.35,9.0,5.0,0.0384,418763.0,1
V6651,Vendor_794_Corp,Textiles,10,747,429,286,354,45,20,2.34,,3.0,0.148,332517.0,High
V9619,Vendor_592_Co,Textiles,26,3051,2114,1921,1996,1781,1,3.68,1.0,27.0,0.11,368166.0,0
V9872,Vendor_115_Corp,Office Supplies,14,4513,2389,107,2330,897,14,2.05,2.0,65.0,0.0634,159849.0,high risk
V7360,Vendor_303_Inc,Chemicals,15,3121,1969,641,1773,67,1,3.75,5.0,39.0,0.0535,138579.0,0
V4364,Vendor_457_Corp,Chemicals,25,1721,911,196,136,818,5,4.21,6.0,39.0,0.0884,129053.0,0
V4516,Vendor_802_LLC,Office Supplies,6,677,260,138,85,84,17,4.82,5.0,55.0,0.2263,208193.0,1
V6464,Vendor_543_Corp,Electronics,16,4528,327,232,73,282,8,3.64,10.0,42.0,0.0051,340594.0,1
V2861,Vendor_915_LLC,Office Supplies,29,465,61,57,53,47,16,3.9,3.0,69.0,0.0543,43821.0,
V5668,Vendor_379_Corp,Textiles,7,2277,2054,187,1632,742,1,4.35,3.0,,0.0801,315090.0,
V1596,Vendor_551_LLC,Raw Materials,13,2231,1922,236,338,101,18,2.13,1.0,49.0,0.2376,96037.0,High
V6727,Vendor_442_Co,Food & Beverage,30,3879,3373,2627,2704,2168,4,4.68,2.0,67.0,0.1861,253413.0,NO
V7063,Vendor_292_Ltd,Food & Beverage,21,1564,190,82,190,71,14,4.87,2.0,28.0,0.2057,429117.0,0
V5374,Vendor_818_Corp,IT Hardware,21,1342,758,363,214,686,6,,4.0,21.0,0.1387,142530.0,YES
V1130,Vendor_571_Corp,IT Hardware,3,159,73,2,33,9,5,3.79,5.0,32.0,0.236,131282.0,low
V3098,Vendor_561_Inc,Office Supplies,2,4003,3131,2773,674,1081,30,3.92,8.0,66.0,0.2705,94485.0,YES
V7444,Vendor_836_Inc,IT Hardware,16,3880,3862,1861,530,1072,5,4.36,9.0,28.0,,156094.0,1
V7250,Vendor_929_Ltd,Raw Materials,19,3498,2623,2367,504,609,3,3.71,10.0,25.0,0.0632,126291.0,YES
V3926,Vendor_532_Co,Chemicals,6,652,127,90,25,53,7,4.72,7.0,25.0,0.1013,416811.0,High
V7861,Vendor_111_LLC,Machinery,8,3982,448,14,191,303,23,3.82,1.0,36.0,,129712.0,0
V8913,Vendor_170_LLC,Packaging,13,2260,969,499,830,202,28,4.85,9.0,11.0,0.0296,371699.0,High
V4034,Vendor_954_Ltd,Office Supplies,11,3076,1205,497,1004,1097,26,3.95,5.0,44.0,0.1597,432102.0,YES
V4137,Vendor_368_Co,Textiles,15,4846,764,431,339,316,30,2.17,8.0,30.0,0.152,108704.0,YES
V2532,Vendor_365_Inc,Packaging,18,4534,684,347,537,550,5,4.48,1.0,55.0,0.1472,440301.0,1
V4188,Vendor_442_Corp,IT Hardware,26,4371,3677,1295,21,1605,1,4.97,4.0,55.0,0.2873,,1
V3224,Vendor_607_Inc,Automotive,25,1465,201,8,26,126,5,2.24,6.0,12.0,0.2709,402934.0,Low
V8175,Vendor_959_Inc,Machinery,5,2997,2653,213,2149,868,24,2.15,1.0,52.0,0.1976,436541.0,YES
V2483,Vendor_286_Corp,Office Supplies,11,4648,3792,361,476,3760,19,3.88,1.0,22.0,0.2366,115046.0,YES
V1784,Vendor_260_LLC,Raw Materials,19,3103,2486,9,2371,462,25,2.72,10.0,65.0,0.2769,33519.0,High
V5107,Vendor_630_Co,Machinery,24,315,294,170,294,62,17,2.66,9.0,26.0,0.042,322500.0,SAFE
V4288,Vendor_339_Corp,Electronics,13,2943,535,178,37,318,29,2.52,1.0,41.0,0.009,142268.0,low
V1655,Vendor_194_Co,Food & Beverage,30,1782,446,74,221,299,21,2.57,7.0,32.0,0.1494,435261.0,0
V6282,Vendor_407_LLC,Packaging,27,3678,29,9,17,25,24,2.29,6.0,68.0,0.1439,59745.0,NO
V6258,Vendor_646_Inc,Machinery,26,1721,1523,1398,744,333,11,2.97,10.0,44.0,0.036,142690.0,
V5779,Vendor_816_Co,Office Supplies,5,3405,447,138,149,310,1,2.46,8.0,59.0,0.1098,140951.0,NO
V9531,Vendor_517_LLC,Office Supplies,14,4253,2450,1758,360,83,26,3.96,6.0,11.0,0.1798,7619.0,
V7086,Vendor_523_Corp,Packaging,20,1553,1472,243,1054,557,27,3.87,5.0,20.0,0.0727,67519.0,NO
V4249,Vendor_636_Corp,IT Hardware,26,1669,238,176,80,157,13,2.43,8.0,66.0,0.2253,462627.0,
V9763,Vendor_476_LLC,Machinery,28,364,333,173,55,169,3,4.64,6.0,37.0,0.2383,298361.0,High
V3351,Vendor_418_Ltd,Automotive,21,1166,840,668,178,829,20,2.4,6.0,14.0,0.1915,289495.0,NO
V6866,Vendor_616_Ltd,Office Supplies,8,3096,3041,2760,887,1085,13,4.36,7.0,20.0,0.1575,393803.0,NO
V2656,Vendor_123_Co,Office Supplies,17,2979,1640,712,978,876,27,3.55,5.0,55.0,0.1708,318104.0,0
V4533,Vendor_487_LLC,Packaging,12,3947,3430,1374,921,2057,19,,9.0,1.0,0.1151,205303.0,
V5586,Vendor_681_Corp,Raw Materials,28,1100,49,35,23,26,7,2.44,10.0,48.0,0.2291,50063.0,Low Risk
V9064,Vendor_897_Co,Electronics,27,1535,363,116,299,153,26,2.12,6.0,4.0,0.2746,225349.0,low
V6902,Vendor_915_Ltd,Office Supplies,20,3207,1707,1706,1378,1336,7,2.85,2.0,62.0,0.0387,105587.0,0
V2696,Vendor_251_Corp,Automotive,4,485,392,149,240,134,18,2.0,7.0,67.0,0.1783,263705.0,YES
V1756,Vendor_676_Corp,Machinery,12,4154,127,32,42,86,22,4.76,8.0,72.0,0.2339,113862.0,low
V7232,Vendor_573_LLC,Raw Materials ,19,3902,1786,348,827,1166,5,3.08,7.0,,0.0997,177201.0,1
V1655,Vendor_501_Inc,Automotive,7,657,480,388,32,55,17,3.05,3.0,58.0,0.2889,350948.0,0
V1226,Vendor_484_Corp,Machinery,5,2144,2113,1028,108,173,24,2.56,7.0,72.0,0.1844,406580.0,
V2525,Vendor_934_Ltd,Raw Materials,28,2253,1549,590,1539,158,8,3.7,9.0,51.0,0.0645,30277.0,
V1185,Vendor_193_Ltd,Office Supplies,2,3348,1520,960,648,582,20,2.93,1.0,31.0,0.0144,436346.0,0
V9482,Vendor_725_Co,Chemicals,13,2369,306,273,294,123,20,Unknown,2.0,61.0,0.2811,138915.0,YES
V9615,Vendor_877_Co,,5,4719,2208,1679,1080,70,8,2.14,6.0,65.0,0.126,318424.0,NO
V6671,Vendor_258_Inc,Machinery,30,4367,3107,940,1013,1886,29,4.18,2.0,5.0,0.2428,220802.0,Low Risk
V7051,Vendor_837_Inc,Office Supplies,6,4982,671,212,346,302,15,2.42,2.0,71.0,0.2566,75690.0,High Risk
V6263,Vendor_162_Ltd,Packaging,27,3927,998,150,368,900,5,3.73,10.0,4.0,0.1006,468196.0,1
V4851,Vendor_299_Inc,IT Hardware,16,1769,879,338,397,126,9,3.88,9.0,59.0,0.1188,4625.0,SAFE
V9321,Vendor_637_Corp,Office Supplies,23,3604,2787,2295,2391,685,25,4.03,3.0,45.0,0.1001,395179.0,low
V9887,Vendor_929_Co,Chemicals,22,794,198,161,18,153,21,3.98,5.0,62.0,0.2646,367485.0,YES
V1298,Vendor_448_Inc,Food & Beverage,16,2989,2803,1188,823,320,3,3.99,4.0,8.0,0.2995,406033.0,0
V9104,Vendor_742_Corp,Chemicals,23,3490,919,59,355,165,7,3.17,3.0,24.0,0.2286,427615.0,Low Risk
V4001,Vendor_925_Inc,Raw Materials,23,2174,610,564,444,389,2,3.57,8.0,29.0,0.1586,291459.0,NO
V8385,Vendor_705_Ltd,Automotive,4,1973,614,572,440,347,1,2.73,1.0,18.0,0.049,2574.0,1
V6864,Vendor_496_LLC,Electronics,4,3656,2753,505,1445,1541,15,3.11,4.0,57.0,0.0028,390621.0,0
V9492,Vendor_657_LLC,Packaging,25,3690,1099,615,690,335,2,4.67,4.0,27.0,0.2886,329205.0,No
V6596,Vendor_505_Inc,Machinery,30,2091,85,49,3,80,5,4.63,1.0,7.0,0.1532,321028.0,Low
V1540,Vendor_320_Corp,Machinery,19,3255,906,129,839,363,6,3.5,5.0,69.0,,431610.0,Low
V9137,Vendor_969_Inc,Electronics,29,4328,2172,1995,1017,1014,20,,8.0,9.0,0.0172,73131.0,High Risk
V4822,Vendor_443_LLC,Office Supplies,20,4810,4000,2323,392,2925,11,4.92,2.0,63.0,0.2992,97360.0,Low Risk
V1283,Vendor_544_LLC,Automotive,24,2395,375,201,64,349,25,3.53,6.0,53.0,0.1193,347889.0,
V8206,Vendor_330_Ltd,Food & Beverage,29,4833,4294,385,2096,1876,19,2.26,2.0,13.0,0.0104,16107.0,1
V6037,Vendor_939_Corp,Machinery,14,1895,795,99,710,158,30,,2.0,24.0,0.1409,443389.0,High Risk
V5763,Vendor_976_LLC,Textiles,24,110,3,0,0,2,2,4.13,8.0,71.0,0.246,78884.0,High
V1957,Vendor_933_Ltd,IT Hardware,4,1924,12,6,0,9,28,2.67,1.0,70.0,High,341190.0,low
V6882,Vendor_109_Ltd,Office Supplies,7,1542,644,461,634,54,27,3.15,9.0,65.0,0.1959,215504.0,YES
V5464,Vendor_779_Co,Automotive,5,1146,651,129,566,2,7,3.48,5.0,22.0,0.1445,,high
V6478,Vendor_519_Inc,Automotive,19,693,502,226,54,163,23,Poor,4.0,20.0,0.0453,138255.0,
V6526,Vendor_554_Corp,Chemicals,4,1157,1080,613,962,842,5,2.18,1.0,23.0,0.151,6697.0,high
V2326,Vendor_280_Inc,Chemicals,8,4347,3927,1631,2592,3586,24,2.74,4.0,11.0,0.2809,294557.0,
V4185,Vendor_506_Corp,Electronics,9,3793,1561,703,1527,817,4,4.13,3.0,42.0,0.2011,244398.0,low
V3623,Vendor_904_LLC,Textiles,9,2601,1754,345,9,641,27,3.08,6.0,62.0,0.1389,189083.0,
V6615,Vendor_897_LLC,Automotive,13,3894,211,175,39,16,4,2.31,6.0,16.0,,476642.0,NO
V1355,Vendor_910_Inc,Chemicals,14,4499,1257,7,367,167,24,4.46,5.0,15.0,0.0416,129491.0,
V4133,Vendor_456_Inc,Machinery,27,1876,641,331,245,579,11,3.55,7.0,36.0,0.0792,223218.0,YES
V1402,Vendor_690_Ltd,Packaging,16,803,786,414,9,611,23,3.56,6.0,15.0,0.266,209973.0,1
V7335,Vendor_556_LLC,Machinery,4,2537,1782,1187,1763,1228,28,2.25,8.0,57.0,0.0451,466629.0,high
V7682,Vendor_317_Inc,Textiles,1,2796,2378,1363,209,516,16,3.5,9.0,40.0,0.2769,114449.0,1
V5961,Vendor_261_LLC,Electronics,12,1835,215,153,180,52,1,TBD,5.0,55.0,0.0168,346669.0,low
V2118,Vendor_733_Corp,Machinery,28,3256,2065,787,1392,496,21,3.06,10.0,26.0,0.1339,434901.0,NO
V1501,Vendor_569_Ltd,Chemicals,9,4600,2386,2357,929,1992,5,4.0,1.0,70.0,0.0825,152732.0,High
V5293,Vendor_777_Co,Electronics,5,455,243,191,237,142,24,4.7,7.0,47.0,0.1821,,high
V2913,Vendor_235_Corp,Textiles,26,140,65,56,34,16,28,4.02,1.0,48.0,0.2616,397947.0,High Risk
V9663,Vendor_817_Corp,Textiles,16,2396,778,506,761,251,10,3.48,5.0,21.0,0.149,284679.0,Low
V3302,Vendor_840_Corp,Food & Beverage,7,1073,711,241,445,261,14,4.52,9.0,42.0,0.1269,308274.0,low
V6383,Vendor_767_LLC,Packaging,10,4365,165,32,11,130,11,99.0,9.0,,0.1379,315755.0,1
V6971,Vendor_987_LLC,Chemicals,28,3107,2736,1942,414,1851,27,4.02,10.0,59.0,0.2099,272054.0,high
V7770,Vendor_121_Corp,Food & Beverage,28,3307,1775,530,1075,1237,26,4.23,Good,,0.2842,28438.0,NO
V7553,Vendor_980_Inc,Machinery,26,245,31,22,28,12,11,4.25,1.0,61.0,0.014,60541.0,YES
V1294,Vendor_231_Co,Automotive,10,4673,2719,2351,331,353,19,3.95,9.0,25.0,0.0959,428572.0,Low Risk
V8307,Vendor_252_Corp,IT Hardware,20,2909,879,191,281,286,20,2.74,5.0,64.0,0.1236,289719.0,low
V1703,Vendor_961_Corp,IT Hardware,28,2474,2195,1981,1107,1054,6,3.26,9.0,67.0,0.291,182715.0,NO
V3448,Vendor_399_Inc,Automotive,21,4134,3765,1565,2224,2859,10,3.52,6.0,12.0,0.1182,466587.0,0
V1804,Vendor_839_Co,IT Hardware,29,4818,2084,1764,1514,1726,11,4.73,,57.0,0.235,89837.0,0
V8062,Vendor_402_Inc,Raw Materials,19,4847,4137,292,2879,3037,19,4.25,2.0,17.0,0.0784,220037.0,high risk
V6301,Vendor_546_Co,IT Hardware,20,2812,519,398,58,453,3,2.61,4.0,16.0,0.0088,376715.0,high
V5023,Vendor_247_Ltd,Raw Materials,13,2929,204,147,72,143,16,3.14,6.0,53.0,0.1604,252179.0,
V8392,Vendor_321_Co,Textiles,4,4954,3844,140,1322,1268,1,4.05,10.0,4.0,0.2807,234009.0,1
V3166,Vendor_541_Corp,Electronics,11,1167,256,86,238,227,9,4.34,1.0,22.0,0.2173,11133.0,Yes
V6325,Vendor_570_Corp,IT Hardware,18,2562,1659,192,1374,1600,5,3.43,10.0,1.0,0.158,90255.0,Low Risk
V9484,Vendor_115_Co,Packaging,26,180,151,105,72,38,7,2.35,10.0,57.0,0.2839,165992.0,Low Risk
V3098,Vendor_534_LLC,Chemicals,7,4326,968,97,725,522,27,3.3,10.0,31.0,0.2312,171053.0,High Risk
V9569,Vendor_784_Inc,Food & Beverage,29,2480,2270,2023,1541,25,13,2.92,1.0,27.0,0.2556,460521.0,1
V5733,Vendor_345_Co,Food & Beverage,5,2398,1016,431,951,55,29,2.86,1.0,70.0,0.1538,293762.0,
V6198,Vendor_146_Corp,IT Hardware,9,807,243,204,109,114,28,2.45,2.0,37.0,0.2851,416474.0,1
V2184,Vendor_235_LLC,Packaging,27,4821,4420,2650,3720,2835,7,3.48,10.0,67.0,0.093,75920.0,NO
V8865,Vendor_491_LLC,Office Supplies,9,259,14,6,5,14,7,2.19,8.0,Slow,0.131,6410.0,Low Risk
V1311,Vendor_459_Co,Raw Materials,28,3590,321,21,25,18,4,3.59,7.0,21.0,0.1932,141577.0,low
V8962,Vendor_364_LLC,Chemicals,6,894,647,154,365,127,4,2.08,5.0,31.0,0.2985,282299.0,High Risk
V7007,Vendor_757_Inc,Raw Materials,7,2010,1897,579,929,1201,21,2.28,3.0,16.0,0.0086,32440.0,0
V9389,Vendor_586_LLC,Chemicals,4,4916,4485,2944,3794,3731,22,4.15,8.0,20.0,0.0624,377181.0,Low 
V1859,Vendor_868_Co,Packaging,13,2073,566,120,127,276,4,3.69,9.0,4.0,0.2457,155000.0,
V3778,Vendor_706_Corp,Office Supplies,15,3722,2829,1779,2495,103,13,3.76,10.0,3.0,0.2482,431281.0,SAFE
V9603,Vendor_419_Inc,Machinery,3,4386,1189,28,18,375,26,4.05,3.0,6.0,0.0891,246464.0,YES
V6695,Vendor_588_LLC,Raw Materials,22,191,143,114,143,14,12,2.2,5.0,33.0,0.2842,382556.0,0
V9084,Vendor_795_Ltd,IT Hardware,3,1621,1034,776,723,598,23,3.44,,18.0,0.0061,289432.0,NO
V2889,Vendor_404_Inc,Office Supplies,21,3928,2648,1850,1252,2628,2,2.25,1.0,27.0,0.276,496623.0,0
V3233,Vendor_595_Co,Electronics,23,3988,3453,2271,719,300,26,2.17,,33.0,0.2849,207317.0,High
V9197,Vendor_102_Inc,Machinery,7,647,232,196,92,150,8,2.33,6.0,54.0,0.1742,139748.0,0
V1878,Vendor_292_LLC,Office Supplies,8,983,291,230,79,134,9,3.45,2.0,38.0,0.1272,322060.0,Low
V8368,Vendor_929_Co,Machinery,11,4876,4153,3149,3790,336,20,3.43,3.0,8.0,0.1352,426180.0,Low
V8556,Vendor_664_LLC,Packaging,29,4421,1923,1124,1199,450,28,2.26,5.0,,0.2574,8673.0,
V7016,Vendor_708_Corp,Food & Beverage,2,803,522,127,170,474,1,2.74,4.0,59.0,0.0812,383120.0,0
V2429,Vendor_679_Co,Chemicals,30,2306,1265,367,587,1204,13,,7.0,32.0,0.1428,170350.0,high
V8039,Vendor_545_Inc,Machinery,9,1358,1027,356,16,806,16,3.83,2.0,,0.1702,12241.0,0
V8176,Vendor_902_LLC,Machinery,10,3827,2774,477,711,1294,17,,7.0,10.0,0.0918,262174.0,1
V5540,Vendor_649_Co,Packaging,29,2390,1888,818,752,1097,10,4.31,8.0,53.0,0.0535,224153.0,High 
V9433,Vendor_575_Ltd,Food & Beverage,20,4538,3911,3543,1637,2277,6,3.12,7.0,2.0,0.0903,130530.0,High
V6664,Vendor_536_Ltd,Raw Materials,6,1931,1007,917,517,383,7,3.96,1.0,10.0,0.1307,161833.0,
V7809,Vendor_298_Inc,Food & Beverage,5,343,185,164,36,3,22,4.77,N/A,38.0,0.0807,133628.0,NO
V3963,Vendor_717_Ltd,Packaging,8,2732,1112,711,13,656,16,2.14,5.0,61.0,0.1233,264382.0,0
V6594,Vendor_190_Inc,Automotive,9,2150,1006,386,353,651,17,2.45,7.0,16.0,0.0707,79262.0,
V7549,Vendor_990_Ltd,Machinery,17,4792,3451,2611,3212,1169,13,4.52,6.0,49.0,0.1826,156724.0,High
V8757,Vendor_156_Co,Packaging,19,1197,907,769,497,714,10,4.55,3.0,55.0,0.1518,124096.0,Low Risk
V4470,Vendor_196_LLC,Raw Materials,17,2495,586,428,429,316,21,3.63,2.0,68.0,0.0456,389470.0,YES
V7708,Vendor_420_Inc,Textiles,30,2989,1495,371,766,305,2,3.21,10.0,,0.1225,288080.0,High Risk
V3051,Vendor_423_Inc,Chemicals,5,4196,2593,1750,1404,2585,9,3.0,7.0,52.0,0.1363,320885.0,0
V8998,Vendor_102_Co,Food & Beverage,16,4747,3626,2304,3543,3262,2,4.58,6.0,22.0,0.268,158373.0,YES
V5425,Vendor_858_Ltd,Food & Beverage,5,4169,2220,1107,90,2143,16,3.84,8.0,20.0,0.1533,326520.0,0
V2788,Vendor_702_Co,Raw Materials,13,3291,1051,879,956,611,2,2.97,4.0,3.0,0.1161,479005.0,High
V8856,Vendor_650_LLC,Textiles,1,2116,1988,1371,1265,1828,17,2.54,6.0,49.0,0.0034,337883.0,
V3416,Vendor_689_Ltd,IT Hardware,16,2417,2231,849,716,215,17,2.93,7.0,3.0,Low,207191.0,0
V5229,Vendor_339_Co,Food & Beverage,22,4891,1334,114,360,951,4,4.96,,28.0,0.1351,335007.0,Low
V6279,Vendor_875_Co,Machinery,1,319,273,102,191,7,22,2.01,4.0,29.0,0.2081,181538.0,High
V3603,Vendor_493_Inc,Chemicals,30,1358,371,140,138,120,19,4.47,6.0,11.0,0.1998,319690.0,
V7940,Vendor_747_Ltd,Chemicals,11,1435,855,18,25,165,22,4.26,7.0,10.0,0.247,299739.0,YES
V6116,Vendor_733_Co,Automotive,17,3554,1969,1518,1336,1375,8,4.74,6.0,12.0,,66440.0,low
V2355,Vendor_688_Ltd,Raw Materials,10,3304,1960,244,1779,1549,2,4.14,,41.0,0.2637,266687.0,
V9416,Vendor_417_Inc,Textiles,15,1106,496,266,487,41,28,3.1,4.0,33.0,0.2384,155478.0,High
V5936,Vendor_179_Co,Packaging,28,848,636,294,337,248,25,2.38,9.0,13.0,0.279,138697.0,High
V7631,Vendor_282_LLC,Food & Beverage,4,1394,579,133,550,441,30,3.86,3.0,12.0,0.137,216011.0,high
V6115,Vendor_849_Co,Machinery,26,122,37,28,13,7,13,3.67,5.0,59.0,0.1415,451102.0,low
V8771,Vendor_778_Ltd,Raw Materials,19,1743,1284,856,436,193,16,2.65,2.0,40.0,0.1923,50329.0,1
V2548,Vendor_336_Co,Raw Materials,22,2004,1771,804,770,1475,18,3.72,1.0,16.0,0.1502,1307.0,low
V6368,Vendor_119_Inc,Packaging,25,3024,2501,1781,2357,2118,30,2.05,6.0,53.0,0.1226,371886.0,Low Risk
V4371,Vendor_377_LLC,Chemicals,22,625,125,53,111,35,23,4.96,2.0,16.0,0.076,249002.0,Low
V2053,Vendor_392_LLC,Chemicals,15,3631,2655,54,784,1165,27,3.72,10.0,28.0,0.2016,401338.0,Low
V2116,Vendor_162_Inc,Electronics,9,4301,4174,292,2341,2091,8,2.19,7.0,50.0,0.2681,179221.0,1
V1536,Vendor_466_LLC,Raw Materials,17,359,348,162,225,346,16,,4.0,67.0,0.0822,432052.0,High
V4789,Vendor_,Office Supplies,13,232,175,20,4,113,12,2.44,9.0,21.0,0.1037,203276.0,1
V1187,Vendor_707_LLC,Machinery,7,4773,3462,1650,563,1676,4,3.32,7.0,16.0,0.2424,97881.0,1
V7310,Vendor_293_Inc,Office Supplies,23,464,100,68,8,33,20,4.95,3.0,40.0,0.2744,54894.0,NO
V6718,Vendor_659_Corp,Electronics,4,4084,775,319,136,711,19,2.33,8.0,60.0,0.1703,92949.0,
V1813,Vendor_557_LLC,Automotive,15,3879,3729,3592,1638,881,5,3.4,6.0,59.0,0.1905,56827.0,
V7643,Vendor_107_Corp,Machinery,9,4496,3159,2609,465,546,5,4.23,3.0,48.0,0.1158,433204.0,High
V4878,Vendor_397_Corp,Raw Materials,3,1551,370,307,286,239,9,,10.0,63.0,0.2507,160687.0,low
V5081,Vendor_794_Co,Textiles,23,2200,216,185,163,94,15,2.55,6.0,60.0,0.1507,145610.0,high
V5429,Vendor_615_Corp,Chemicals,4,961,658,105,289,163,-5,2.02,2.0,28.0,0.2447,190696.0,NO
V8329,Vendor_953_Co,Machinery,24,767,178,59,51,85,16,3.89,6.0,1.0,0.0242,315756.0,0
V3273,Vendor_182_Co,Machinery,4,1858,499,228,128,234,14,3.06,Bad,8.0,0.1879,126296.0,YES
V1058,Vendor_334_Co,Machinery,2,3734,3241,237,3158,2012,14,4.14,3.0,59.0,0.0781,329769.0,low
V3774,Vendor_386_Co,Machinery,9,3261,2087,810,336,1497,15,2.67,8.0,17.0,0.0958,495935.0,low
V2671,Vendor_109_Ltd,Raw Materials,16,4243,777,566,634,547,7,Unknown,6.0,53.0,0.2585,50656.0,high
V4825,Vendor_804_Ltd,Packaging,8,4345,4166,3697,995,2317,22,3.74,5.0,60.0,0.1806,28991.0,1
V2525,Vendor_512_Co,Chemicals,23,3403,1536,925,154,1297,30,4.63,8.0,63.0,0.0982,2296.0,
V2335,Vendor_715_Corp,Food & Beverage,23,2644,746,193,641,219,6,4.57,8.0,1.0,0.0351,18002.0,1
V2657,Vendor_490_Inc,Packaging,9,1489,1125,196,747,111,30,3.23,3.0,48.0,0.1318,59564.0,No
V7734,Vendor_585_Co,Textiles,16,4587,1296,794,233,1039,20,2.51,3.0,N/A,0.1708,-10000.0,High Risk
V7490,Vendor_546_Ltd,Automotive,13,671,30,4,10,0,21,4.01,1.0,52.0,0.1939,,High
V3817,Vendor_158_Inc,Electronics,8,95,57,12,55,31,21,2.53,5.0,2.0,0.0851,485616.0,0
V8357,Vendor_227_LLC,Food & Beverage,21,2522,2119,1517,702,371,16,4.41,5.0,33.0,0.0616,33297.0,0
V3582,Vendor_571_Inc,Machinery,18,1403,741,351,218,559,8,2.47,7.0,21.0,0.2598,177842.0,0
V8826,Vendor_172_LLC,Textiles,3,997,880,432,710,135,24,4.42,2.0,41.0,0.1103,157895.0,0
V9458,Vendor_190_Corp,Electronics,3,3188,1691,1462,1154,611,3,2.49,4.0,29.0,0.2931,13022.0,Low 
V4238,Vendor_354_Ltd,Machinery,10,1020,251,237,229,221,11,4.38,3.0,69.0,0.0093,350144.0,1
V5823,Vendor_648_Co,Food & Beverage,17,2120,535,30,392,154,5,4.66,1.0,21.0,,76072.0,Low
V5740,Vendor_461_Co,Food & Beverage,12,2050,322,29,61,15,22,2.31,1.0,14.0,0.0497,442591.0,low
V3305,Vendor_527_Corp,Textiles,13,987,51,34,3,36,5,2.02,,42.0,0.1069,168067.0,NO
V8434,Vendor_950_Inc,Packaging,10,598,158,0,158,135,30,4.24,8.0,8.0,0.0031,249845.0,Low
V6542,Vendor_665_Inc,Packaging,14,4267,391,52,213,357,7,2.55,5.0,45.0,0.0865,4617.0,NO
V7429,Vendor_939_Ltd,Office Supplies,25,2994,1813,1118,559,791,15,2.31,2.0,18.0,0.2104,25850.0,1
V6401,Vendor_596_LLC,Machinery,15,3092,497,311,20,211,27,2.09,4.0,64.0,0.102,20687.0,0
V3925,Vendor_610_Inc,Electronics,25,93,73,8,42,63,25,3.29,4.0,53.0,0.0511,317298.0,High Risk
V2008,Vendor_718_Inc,Food & Beverage,12,646,148,36,43,35,2,2.51,8.0,10.0,0.1813,258511.0,
V5042,Vendor_415_LLC,Office Supplies,10,3078,1885,166,1796,1483,2,3.14,5.0,23.0,0.0837,297243.0,Low
V1915,Vendor_486_Corp,Food & Beverage,29,2767,1782,857,936,474,6,3.49,8.0,21.0,0.2781,350318.0,
V3406,Vendor_474_LLC,Raw Materials,8,4774,604,488,161,30,3,2.04,7.0,20.0,0.2296,247292.0,NO
V5215,Vendor_891_LLC,IT Hardware,30,1253,743,114,581,390,11,3.52,7.0,TBD,0.1298,77469.0,1
V5849,Vendor_952_Inc,Automotive,11,1366,1230,849,1126,356,25,4.84,1.0,59.0,0.0442,267150.0,YES
V1432,Vendor_700_Corp,Food & Beverage,19,1578,131,47,30,108,7,3.74,7.0,4.0,0.2655,364257.0,YES
V3971,Vendor_411_LLC,Electronics,3,2309,154,56,99,0,3,3.78,,18.0,0.0956,395706.0,high
V4881,Vendor_491_Ltd,Raw Materials,5,172,123,96,85,101,16,4.1,8.0,1.0,0.1253,395731.0,Low
V2940,Vendor_279_LLC,Chemicals,6,449,4,3,1,1,25,4.39,7.0,,0.2082,249485.0,High
V1785,Vendor_109_Co,Raw Materials,2,3716,1117,225,356,887,8,2.22,9.0,6.0,0.1339,,0
V1125,Vendor_648_Co,Food & Beverage,5,4469,3826,3351,780,3748,29,4.17,1.0,59.0,0.2297,118314.0,High Risk
V3887,Vendor_874_Ltd,Machinery,4,3641,348,338,81,285,1,4.2,7.0,70.0,0.1367,91394.0,Low
V5931,Vendor_891_Inc,Machinery,17,4656,1348,1209,978,110,14,3.63,7.0,9.0,0.043,394766.0,Low Risk
V5184,Vendor_944_Inc,Electronics,22,1384,84,19,38,80,16,2.71,2.0,62.0,High,284859.0,
V7153,Vendor_345_Co,Food & Beverage,19,2027,176,166,85,98,6,3.07,,13.0,0.1139,130026.0,high
V4336,Vendor_752_Ltd,Electronics,7,4915,4627,452,1934,3351,25,4.06,7.0,12.0,0.1289,75246.0,1 
V7539,Vendor_809_Co,Packaging,2,2471,1954,539,923,1647,23,3.74,5.0,11.0,0.1904,383036.0,Low Risk
V7925,Vendor_607_Ltd,Office Supplies,12,3016,546,526,361,52,4,3.01,4.0,70.0,0.2552,450737.0,1
V5845,Vendor_538_Inc,Chemicals,23,4147,3612,1334,1826,1235,9,3.62,2.0,66.0,0.2542,449272.0,
V5961,Vendor_723_LLC,Automotive,29,3208,1648,1360,88,329,28,2.28,10.0,65.0,0.1818,479133.0,Low
V1284,Vendor_669_Corp,Chemicals,10,854,673,669,442,14,7,3.09,9.0,30.0,0.2589,,
V9220,Vendor_423_Corp,Food & Beverage,30,1089,412,239,271,365,19,4.12,5.0,59.0,0.1122,83080.0,1
V6766,Vendor_919_Inc,Packaging,30,1098,302,89,182,252,21,2.46,6.0,58.0,0.1554,125830.0,High Risk
V4365,Vendor_954_Co,Packaging,4,155,143,119,43,61,16,3.61,9.0,3.0,0.2206,137823.0,1
V5974,Vendor_418_Corp,Chemicals,20,1403,748,320,555,560,6,3.19,4.0,38.0,0.082,107650.0,High Risk
V4870,Vendor_392_Inc,Machinery,6,1218,768,464,261,445,25,2.39,3.0,71.0,0.0576,437240.0,0
V2127,Vendor_909_Corp,Machinery,11,3358,2132,468,939,79,13,4.04,5.0,33.0,0.2187,462492.0,Low Risk
V2467,Vendor_982_Co,Automotive,24,1136,519,385,238,37,13,4.13,3.0,35.0,0.0397,107815.0,High Risk
V9346,Vendor_784_Ltd,Raw Materials,25,3611,199,168,191,144,16,2.38,N/A,23.0,0.272,406957.0,High Risk
V8793,Vendor_373_Co,IT/IS,24,4109,3037,1526,2016,1891,28,2.0,6.0,22.0,0.2251,95492.0,High Risk
V2786,Vendor_573_Corp,Chemicals,20,65,52,18,17,39,13,4.88,2.0,67.0,0.0964,351254.0,0
V1206,Vendor_834_Inc,Packaging,29,32,3,2,0,1,10,2.35,5.0,3.0,0.2983,131361.0,Low Risk
V2640,Vendor_568_Co,Textiles,29,4451,132,126,129,74,16,3.85,4.0,28.0,0.1306,116433.0,Low Risk
V3781,Vendor_636_Inc,Automotive,30,2591,670,357,203,654,16,,4.0,69.0,0.2059,447605.0,High
V6431,Vendor_612_Inc,IT Hardware,20,1841,1838,1294,1772,464,21,4.51,10.0,9.0,0.13,183162.0,1
V1026,Vendor_360_Corp,Office Supplies,30,1146,391,41,212,22,16,2.5,10.0,70.0,0.1247,451914.0,High Risk
V8215,Vendor_415_Ltd,Raw Materials,10,1789,37,32,31,8,6,2.44,8.0,,0.2766,226329.0,NO
V6491,Vendor_143_Ltd,IT Hardware,16,660,35,22,5,34,26,2.38,9.0,,0.0149,293440.0,Low Risk
V9812,Vendor_803_Ltd,Office Supplies,15,2862,2546,1651,2175,1604,9,4.76,3.0,30.0,0.0037,409600.0,0
V4951,Vendor_762_Inc,Chemicals,20,168,3,2,2,0,19,4.17,10.0,47.0,0.2185,,High
V9022,Vendor_450_Co,Automotive,20,4712,1124,961,690,186,21,2.19,5.0,35.0,0.2624,312654.0,High Risk
V1124,Vendor_280_Co,Food & Beverage,7,2231,1607,782,61,995,-1,4.39,3.0,27.0,0.165,190147.0,low
V9370,Vendor_604_Inc,IT Hardware,1,4278,3727,1653,54,632,16,2.48,5.0,68.0,,2992.0,Low
V7519,Vendor_930_Inc,IT Hardware,5,4048,3827,1209,2709,1317,2,2.96,9.0,37.0,0.208,486348.0,Low
V6262,Vendor_672_Inc,IT Hardware,16,4239,1556,1398,526,489,22,4.1,8.0,60.0,0.1733,112182.0,High
V5209,Vendor_644_Co,Food & Beverage,14,4831,1970,374,983,491,3,2.02,1.0,41.0,0.1869,439673.0,High Risk
V2211,Vendor_114_LLC,Packaging,16,1697,201,146,52,152,10,2.34,4.0,9.0,0.0985,480847.0,YES
V4377,Vendor_696_Corp,Packaging,3,4400,3935,996,351,1278,3,2.75,7.0,62.0,0.1605,90564.0,YES
V7870,Vendor_678_Inc,Chemicals,2,2554,2351,2298,2217,216,14,4.88,8.0,18.0,0.0232,348514.0,1
V8965,Vendor_632_Inc,Raw Materials,19,3468,680,186,325,376,1,2.75,3.0,18.0,0.0222,116577.0,NO
V5930,Vendor_129_Ltd,Electronics,29,2559,714,556,534,652,17,4.9,2.0,49.0,0.0764,252001.0,YES
V2617,Vendor_327_Inc,IT Hardware,4,4422,1461,1108,369,229,21,3.2,4.0,52.0,,182384.0,low
V2705,Vendor_749_Corp,Automotive,10,1257,333,294,180,38,17,3.28,1.0,49.0,0.2193,406870.0,high
V3525,Vendor_801_Co,Packaging,1,1675,894,92,741,250,16,2.48,2.0,61.0,0.1649,207594.0,NO
V3872,Vendor_548_Ltd,Textiles,7,1785,1346,46,500,948,19,3.35,6.0,,0.092,95286.0,YES
V6710,Vendor_872_Co,Office Supplies,17,4606,3038,2008,1345,2601,24,2.33,10.0,7.0,0.0537,38464.0,low
V2309,Vendor_157_Co,Raw Materials,6,2765,2568,2122,1014,394,7,2.8,9.0,32.0,0.2463,113633.0,high
V3384,Vendor_810_Co,IT Hardware,26,1037,726,410,170,638,5,2.72,8.0,9.0,0.1957,21684.0,high
V1663,Vendor_525_Co,Automotive,21,2313,290,64,71,169,28,2.71,2.0,33.0,0.2107,365997.0,High
V8002,Vendor_538_Inc,Electronics,22,4229,1003,366,468,195,20,4.21,9.0,Slow,0.0347,14601.0,0
V1894,Vendor_902_LLC,Food & Beverage,13,1555,1531,802,605,1323,4,2.72,10.0,10.0,0.1585,,Low
V1023,Vendor_689_Corp,Office Supplies,13,301,28,19,15,9,4,3.82,6.0,Slow,0.0294,54073.0,High
V1840,Vendor_736_Corp,Textiles,19,2197,315,197,230,94,4,2.44,2.0,72.0,0.1841,11101.0,1
V7076,Vendor_441_Ltd,Machinery,24,4946,4653,4016,4289,3949,28,3.67,1.0,39.0,0.0285,145280.0,
V3865,Vendor_921_LLC,Machinery,3,164,51,16,28,43,5,2.49,9.0,8.0,0.1537,43861.0,0
V6954,Vendor_787_Corp,Textiles,27,2581,2464,1220,260,1667,24,4.53,4.0,15.0,0.1713,263274.0,1
V5872,Vendor_659_LLC,Packaging,12,4482,415,234,331,302,7,4.96,,2.0,,-10000.0,high
V5675,Vendor_914_LLC,Raw Materials,20,1363,1006,491,574,611,4,Poor,1.0,7.0,0.2571,497389.0,High
V7452,Vendor_748_Ltd,Electronics,23,4822,3558,1212,594,1723,1,3.83,10.0,59.0,0.0469,134829.0,0
V8784,Vendor_441_Co,,24,3320,1637,1258,1216,616,25,4.42,8.0,61.0,0.1949,183004.0,low
V4109,Vendor_552_Co,Textiles,30,1553,984,910,644,837,16,4.47,9.0,6.0,0.0609,233446.0,1
V2282,Vendor_344_Co,Electronics,8,3206,623,225,343,54,20,2.14,7.0,67.0,0.123,162174.0,YES
V7712,Vendor_265_LLC,IT Hardware,16,1106,284,142,97,246,18,2.74,2.0,10.0,0.2484,170257.0,0
V7620,Vendor_168_Co,Office Supplies,3,621,523,152,382,404,5,3.92,7.0,58.0,0.2537,468655.0,High
V2396,Vendor_884_LLC,Raw Materials,20,4451,1485,1118,563,984,16,4.39,5.0,20.0,0.0932,362449.0,0
V4981,Vendor_780_LLC,Chemicals,13,4415,1491,284,1180,298,18,3.47,3.0,,0.068,109941.0,1
V1626,Vendor_718_Corp,Raw Materials,4,4701,1991,1881,967,123,14,4.19,4.0,61.0,0.1435,173479.0,High
V2315,Vendor_441_Inc,Food & Beverage,18,4331,4067,94,1176,4067,21,2.3,8.0,26.0,0.2143,149743.0,0
V1911,Vendor_382_LLC,Office Supplies,1,4096,2162,167,437,90,5,2.36,,48.0,0.2308,217013.0,Low
V7952,Vendor_921_LLC,Textiles,19,2039,827,502,248,647,19,3.28,2.0,57.0,0.1654,390131.0,0
V2652,Vendor_781_Co,IT Hardware,26,3693,2444,549,642,1169,15,4.98,8.0,2.0,0.0651,22646.0,High Risk
V3233,Vendor_655_Inc,Packaging,22,1098,510,125,265,271,23,4.35,8.0,72.0,0.2441,251474.0,Low Risk
V9171,Vendor_942_Ltd,Office Supplies,20,4133,2280,1342,1065,646,8,4.19,4.0,51.0,0.2193,458259.0,High Risk
V4461,Vendor_473_Corp,Machinery ,17,1210,700,267,39,8,21,4.34,10.0,28.0,0.0832,166805.0,low
V5659,Vendor_725_Co,IT Hardware,26,902,426,91,82,344,18,2.53,8.0,47.0,0.2794,49824.0,
V8747,Vendor_998_Co,Chemicals,10,3239,2154,1677,117,1778,19,4.25,5.0,11.0,0.0368,125826.0,Low
V1197,Vendor_848_Co,IT Hardware,11,2664,1148,562,7,1124,18,3.82,9.0,18.0,0.2453,339024.0,Low
V2099,Vendor_508_LLC,Textiles,17,4113,575,523,204,11,9,2.38,7.0,31.0,0.2782,230143.0,1
V2457,Vendor_591_Corp,Electronics,13,3457,754,154,503,436,11,3.98,8.0,39.0,0.1648,140825.0,Low
V8416,Vendor_617_Inc,Office Supplies,2,3246,3124,1559,2530,2476,30,2.18,2.0,37.0,0.0254,440430.0,High
V6387,Vendor_996_Inc,Food & Beverage,7,4006,1265,195,805,1093,20,4.0,3.0,31.0,0.2582,282231.0,Low
V6440,Vendor_545_Inc,Chemicals,4,935,134,52,98,83,9,3.76,1.0,4.0,0.0217,431571.0,Low
V2649,Vendor_243_Corp,Electronics,29,2890,2668,1188,1555,84,28,2.76,8.0,21.0,0.2579,133792.0,
V6137,Vendor_130_Inc,Automotive,7,2161,493,276,276,11,30,3.62,2.0,36.0,0.1215,51802.0,YES
V1715,Vendor_425_Ltd,Textiles,13,1966,1171,784,478,841,22,4.38,3.0,64.0,0.2894,67189.0,High Risk
V3657,Vendor_595_Corp,Food & Beverage,20,2831,1585,40,698,592,25,4.55,6.0,39.0,0.2408,217822.0,1
V1839,Vendor_525_Ltd,Chem,12,4465,457,344,350,344,14,4.55,8.0,62.0,0.1975,98407.0,YES
V4499,Vendor_387_Ltd,Food & Beverage,10,4153,4019,238,2966,3908,21,4.2,9.0,37.0,0.2091,229483.0,Low Risk
V8557,,Electronics,29,4523,3435,223,392,2027,16,4.83,5.0,17.0,0.2609,174332.0,high
V9354,Vendor_324_Co,Chemicals,6,4706,3282,1028,590,1420,16,3.43,6.0,49.0,0.0608,253197.0,Low
V7304,Vendor_524_Ltd,IT Hardware,2,1184,861,793,526,789,4,3.24,7.0,14.0,0.1631,371140.0,High
V9068,Vendor_208_Co,Office Supplies,25,659,126,116,40,96,13,3.01,3.0,59.0,0.0351,5892.0,high
V7379,Vendor_437_LLC,Raw Materials,5,1909,1216,401,156,219,28,4.75,5.0,45.0,0.2814,365217.0,NO
V4877,Vendor_552_Co,Chemicals,20,1548,162,126,120,18,26,4.53,2.0,7.0,0.2101,126267.0,High
V6618,Vendor_448_Inc,Packaging,27,3197,1948,1904,1142,25,15,,,,0.1597,90135.0,YES
V9073,Vendor_725_Corp,Office Supplies,7,2738,2590,660,224,761,5,3.72,7.0,14.0,0.0425,44619.0,0
V8211,Vendor_562_Corp,Machinery,13,3060,231,207,166,43,30,3.83,8.0,9.0,0.1716,428680.0,High Risk
V7833,Vendor_385_Ltd,Textiles,9,493,258,54,132,29,6,2.92,5.0,10.0,0.1629,448485.0,low
V7696,Vendor_704_LLC,Food & Beverage,15,3312,636,187,44,484,9,2.96,5.0,19.0,0.2208,311761.0,Low Risk
V6930,Vendor_556_Inc,Textiles,20,4502,1527,795,657,290,2,3.33,3.0,26.0,0.171,139851.0,High
V9479,Vendor_518_Corp,Packaging,20,4381,3122,2856,2341,1751,28,2.51,1.0,53.0,0.2836,380202.0,High
V1414,Vendor_129_Ltd,Raw Materials,12,2452,1069,418,295,606,15,4.33,3.0,58.0,0.1878,292118.0,0
V9489,Vendor_535_Corp,Machinery,2,1551,1423,657,97,1204,26,4.53,8.0,40.0,0.1396,,low
V9224,Vendor_816_Inc,Food & Beverage,24,2711,1962,864,367,1633,16,3.34,4.0,72.0,0.2589,427035.0,1
V1514,Vendor_233_Co,Electronics,24,3762,2700,328,1363,2258,19,2.06,7.0,26.0,0.2714,200238.0,SAFE
V2897,Vendor_590_Ltd,Automotive,6,1743,96,49,44,12,28,4.52,2.0,41.0,0.2662,468796.0,
V4921,Vendor_665_Inc,Chemicals,13,1997,1424,1237,418,812,15,3.6,6.0,40.0,0.0785,269863.0,low
V1886,Vendor_481_Co,IT Hardware,25,3035,1959,1610,1314,127,14,3.42,10.0,54.0,,338717.0,high
V2312,Vendor_699_LLC,IT Hardware,30,727,60,45,35,41,30,2.15,2.0,45.0,0.0919,13120.0,Low
V3728,Vendor_851_Corp,Office Supplies,10,4917,1491,960,718,1068,4,2.06,1.0,52.0,0.0729,404939.0,Low
V2815,Vendor_234_Ltd,Automotive,1,126,58,3,6,16,24,4.84,8.0,21.0,0.154,19084.0,Low Risk
V8428,Vendor_650_Co,Packaging,30,1678,737,473,623,630,19,2.9,9.0,22.0,0.0467,34447.0,YES
V3606,Vendor_218_Inc,Machinery,8,1279,1122,183,424,918,2,3.93,9.0,,0.0157,442918.0,NO
V1630,Vendor_911_Corp,Textiles,28,129,9,2,5,7,21,2.51,1.0,51.0,0.2155,240955.0,0
V7705,Vendor_855_LLC,Automotive,14,1174,445,194,156,23,7,3.27,6.0,62.0,0.0897,443281.0,0
V3501,Vendor_849_Inc,Automotive,20,3748,756,4,687,221,7,4.49,3.0,30.0,0.1944,468228.0,low
V5338,Vendor_738_Co,Packaging,1,2498,1457,420,1204,1001,15,4.17,9.0,70.0,0.1305,428852.0,0
V9899,Vendor_710_Corp,Food & Beverage,23,2647,834,794,303,168,17,2.21,7.0,20.0,0.1736,33721.0,Low Risk
V4990,Vendor_209_Corp,Electronics,17,3755,3187,357,2885,1123,5,4.37,3.0,36.0,0.1056,91160.0,NO
V5536,Vendor_109_LLC,Packaging,17,1151,958,903,740,469,28,4.58,4.0,45.0,0.2708,276280.0,high
V7504,Vendor_238_Corp,Textiles,6,2926,1801,709,626,1760,10,2.8,9.0,31.0,0.0977,13624.0,NO
V2279,Vendor_505_Ltd,Textiles,8,3303,2923,2027,1941,1320,1,2.73,2.0,64.0,0.1982,61512.0,1
V6813,Vendor_826_Inc,Machinery,7,1122,332,108,81,127,23,3.48,5.0,41.0,0.0623,226290.0,NO
V8672,Vendor_215_Corp,Food & Beverage,28,2846,1063,893,532,572,21,3.81,3.0,31.0,,189155.0,Low Risk
V7758,Vendor_416_Co,Chemicals,3,4650,1289,941,178,187,27,2.82,8.0,62.0,0.0287,353213.0,YES
V4238,Vendor_223_LLC,Packaging,15,1262,393,259,173,242,7,2.67,5.0,5.0,0.269,165462.0,1
V5122,Vendor_613_Co,Packaging,11,4174,2153,87,1640,1448,17,3.49,6.0,18.0,0.209,187373.0,0
V9326,Vendor_246_Ltd,IT Hardware,14,4175,1767,593,329,293,4,3.78,6.0,22.0,0.0997,197353.0,High Risk
V1608,Vendor_420_Co,Raw Materials,23,3817,1794,1392,1341,1376,8,4.44,7.0,16.0,0.2454,170892.0,high
V8981,Vendor_295_Inc,Food & Beverage,26,2267,2225,1630,757,1912,10,3.77,3.0,67.0,0.2957,2232.0,high
V1470,Vendor_182_Co,Automotive,6,4995,558,86,479,481,27,3.46,2.0,59.0,0.1772,213011.0,low
V6230,Vendor_248_Inc,IT Hardware,10,4090,894,431,207,420,30,3.28,,6.0,0.0729,412483.0,1
V7039,Vendor_729_LLC,IT Hardware,29,98,72,48,48,8,7,2.47,6.0,58.0,0.1583,25103.0,High Risk
V9532,Vendor_937_Co,Machinery,14,3979,662,163,264,372,14,2.04,10.0,72.0,0.0649,348546.0,High
V7360,Vendor_109_Co,Packaging,10,3776,3031,2934,2530,183,18,4.97,2.0,71.0,0.1276,136273.0,high
V1449,Vendor_745_Inc,Raw Materials,28,875,91,52,7,20,30,4.71,9.0,11.0,0.0706,359794.0,NO
V1154,Vendor_702_LLC,Textiles,15,2583,2452,958,803,802,14,2.07,9.0,31.0,0.1299,289059.0,
V7951,Vendor_129_Co,Chemicals,17,1376,871,263,103,177,4,3.53,8.0,51.0,0.0479,309887.0,Low Risk
V6914,Vendor_259_LLC,Packaging,11,201,151,131,65,81,10,4.88,10.0,,0.2428,89641.0,High Risk
V1348,Vendor_162_Ltd,Machinery,25,142,97,52,53,87,29,2.7,2.0,9.0,0.2156,366408.0,1
V1070,Vendor_223_LLC,Food & Beverage,10,653,432,128,68,120,13,N/A,1.0,15.0,0.1464,107849.0,1
V7931,Vendor_290_Ltd,Automotive,23,3436,2442,564,2354,1571,30,3.94,3.0,72.0,0.0501,152432.0,0
V8872,Vendor_699_Inc,Chemicals,11,561,344,191,85,293,12,N/A,1.0,60.0,0.2081,284881.0,High Risk
V2778,Vendor_959_Co,Packaging,22,1137,1040,341,274,792,9,4.13,10.0,4.0,0.2668,69702.0,Low Risk
V2076,Vendor_751_Ltd,Office Supplies,4,31,30,13,20,15,16,2.44,5.0,70.0,TBD,271608.0,high
V4404,Vendor_312_LLC,Raw Materials,29,2888,2883,2444,2703,1223,14,3.81,6.0,4.0,0.2341,293993.0,0
V1464,Vendor_932_Inc,Machinery,13,2910,1561,1398,960,606,5,2.95,3.0,,0.037,431764.0,Low
V9569,Vendor_982_LLC,Food & Beverage,30,1961,614,316,424,109,17,3.71,7.0,62.0,0.1041,119940.0,High Risk
V2975,Vendor_385_LLC,Electronics,10,490,444,278,173,250,19,2.26,7.0,8.0,0.1539,93588.0,Low
V5154,Vendor_954_LLC,IT Hardware,14,4085,3578,402,870,310,19,2.45,7.0,11.0,0.1702,67978.0,High Risk
V7583,Vendor_345_Co,Packaging,19,1857,448,171,187,183,18,2.19,3.0,72.0,,111045.0,Low Risk
V5421,Vendor_453_Corp,Raw Materials,3,3346,1783,1625,173,307,14,4.01,2.0,21.0,0.2401,142812.0,NO
V1490,Vendor_662_LLC,Textiles,19,975,145,144,111,87,25,Poor,3.0,56.0,0.1983,50019.0,
V5719,Vendor_543_Ltd,Office Supplies,26,813,454,226,211,232,23,4.27,1.0,25.0,0.1009,362683.0,high
V7032,Vendor_574_Co,Raw Materials,14,431,239,230,54,38,6,3.98,10.0,8.0,0.2606,472652.0,low
V9354,Vendor_116_Corp,Automotive,18,4174,3251,2306,2545,2568,30,4.53,2.0,37.0,0.1575,284668.0,YES
V6547,Vendor_115_Inc,Automotive,18,4120,3714,1587,423,2765,10,3.76,2.0,42.0,0.2211,268607.0,Low Risk
V8948,Vendor_824_Ltd,Textiles,24,2057,2019,1659,339,1452,8,2.3,2.0,41.0,0.0188,403369.0,1
V1997,Vendor_224_Co,Automotive,24,4642,3944,2828,1357,3540,23,2.16,4.0,67.0,0.0432,389195.0,low
V3017,Vendor_686_Corp,Automotive,21,3840,2390,222,1307,1885,19,3.59,7.0,39.0,0.2543,213135.0,Low Risk
V5074,Vendor_939_Corp,Automotive,9,3431,93,14,84,75,9,4.03,1.0,39.0,0.1116,405618.0,0
V6628,Vendor_150_Ltd,Textiles,26,12,11,9,8,9,12,3.8,4.0,44.0,0.1187,50224.0,NO
V6639,Vendor_216_Corp,Food & Beverage,11,4714,3614,3162,2583,3433,14,4.85,5.0,36.0,0.0175,27142.0,high risk
V8298,Vendor_793_Corp,Automotive,13,2286,801,23,85,551,7,3.47,10.0,66.0,0.283,477287.0,YES
V7747,Vendor_857_Ltd,Electronics,11,3448,1574,679,256,732,24,,4.0,38.0,0.0582,128918.0,Low
V2762,Vendor_438_LLC,Chemicals,6,3240,2343,1389,1327,2327,16,4.08,1.0,4.0,0.0305,422823.0,YES
V5018,Vendor_806_LLC,Textiles,4,1611,146,73,16,117,6,2.7,4.0,26.0,0.1642,288302.0,Low Risk
V6880,NA,Textiles,8,1444,487,257,433,218,1,4.36,7.0,10.0,0.1512,100047.0,0
V7114,Vendor_715_Inc,Food & Beverage,22,3281,1939,1708,498,517,13,2.9,4.0,65.0,0.0324,224291.0,
V8846,Vendor_718_Ltd,Chemicals,9,1328,424,225,397,352,26,4.71,10.0,12.0,0.0523,379857.0,
